ffmpeg version 8.1.2 Copyright (c) 2000-2026 the FFmpeg developers
  built with Apple clang version 21.0.0 (clang-2100.0.123.102)
  configuration: --prefix=/opt/homebrew/Cellar/ffmpeg/8.1.2 --enable-shared --enable-pthreads --enable-version3 --cc=clang --host-cflags= --host-ldflags= --enable-ffplay --enable-gpl --enable-libsvtav1 --enable-libopus --enable-libx264 --enable-libmp3lame --enable-libdav1d --enable-libvmaf --enable-libvpx --enable-libx265 --enable-openssl --enable-videotoolbox --enable-audiotoolbox --enable-neon
  libavutil      60. 26.102 / 60. 26.102
  libavcodec     62. 28.102 / 62. 28.102
  libavformat    62. 12.102 / 62. 12.102
  libavdevice    62.  3.102 / 62.  3.102
  libavfilter    11. 14.102 / 11. 14.102
  libswscale      9.  5.102 /  9.  5.102
  libswresample   6.  3.102 /  6.  3.102
[h264 @ 0xba6c20380] Reinit context to 160x96, pix_fmt: yuv420p
Input #0, h264, from 'research/items/R121.native-reference-state-capsules-for-fast-seeking/evidence/20260919T225800Z-ipcm-reference/source.h264':
  Duration: N/A, bitrate: N/A
  Stream #0:0: Video: h264 (Constrained Baseline), 1 reference frame, yuv420p(tv, bt709/unknown/unknown, progressive, left), 160x96 [SAR 1:1 DAR 5:3], 25 fps, 48 tbr, 1200k tbn
[out#0/null @ 0xba7064240] No explicit maps, mapping streams automatically...
[vost#0:0/copy @ 0xba70bc000] Created video stream from input stream 0:0
[trace_headers @ 0xba70180a0] Extradata
[trace_headers @ 0xba70180a0] Sequence Parameter Set
[trace_headers @ 0xba70180a0] 0           forbidden_zero_bit                                          0 = 0
[trace_headers @ 0xba70180a0] 1           nal_ref_idc                                                11 = 3
[trace_headers @ 0xba70180a0] 3           nal_unit_type                                           00111 = 7
[trace_headers @ 0xba70180a0] 8           profile_idc                                          01000010 = 66
[trace_headers @ 0xba70180a0] 16          constraint_set0_flag                                        1 = 1
[trace_headers @ 0xba70180a0] 17          constraint_set1_flag                                        1 = 1
[trace_headers @ 0xba70180a0] 18          constraint_set2_flag                                        0 = 0
[trace_headers @ 0xba70180a0] 19          constraint_set3_flag                                        0 = 0
[trace_headers @ 0xba70180a0] 20          constraint_set4_flag                                        0 = 0
[trace_headers @ 0xba70180a0] 21          constraint_set5_flag                                        0 = 0
[trace_headers @ 0xba70180a0] 22          reserved_zero_2bits                                        00 = 0
[trace_headers @ 0xba70180a0] 24          level_idc                                            00001010 = 10
[trace_headers @ 0xba70180a0] 32          seq_parameter_set_id                                        1 = 0
[trace_headers @ 0xba70180a0] 33          log2_max_frame_num_minus4                                   1 = 0
[trace_headers @ 0xba70180a0] 34          pic_order_cnt_type                                        011 = 2
[trace_headers @ 0xba70180a0] 37          max_num_ref_frames                                        010 = 1
[trace_headers @ 0xba70180a0] 40          gaps_in_frame_num_allowed_flag                              0 = 0
[trace_headers @ 0xba70180a0] 41          pic_width_in_mbs_minus1                               0001010 = 9
[trace_headers @ 0xba70180a0] 48          pic_height_in_map_units_minus1                          00110 = 5
[trace_headers @ 0xba70180a0] 53          frame_mbs_only_flag                                         1 = 1
[trace_headers @ 0xba70180a0] 54          direct_8x8_inference_flag                                   1 = 1
[trace_headers @ 0xba70180a0] 55          frame_cropping_flag                                         0 = 0
[trace_headers @ 0xba70180a0] 56          vui_parameters_present_flag                                 1 = 1
[trace_headers @ 0xba70180a0] 57          aspect_ratio_info_present_flag                              1 = 1
[trace_headers @ 0xba70180a0] 58          aspect_ratio_idc                                     00000001 = 1
[trace_headers @ 0xba70180a0] 66          overscan_info_present_flag                                  0 = 0
[trace_headers @ 0xba70180a0] 67          video_signal_type_present_flag                              1 = 1
[trace_headers @ 0xba70180a0] 68          video_format                                              101 = 5
[trace_headers @ 0xba70180a0] 71          video_full_range_flag                                       0 = 0
[trace_headers @ 0xba70180a0] 72          colour_description_present_flag                             1 = 1
[trace_headers @ 0xba70180a0] 73          colour_primaries                                     00000010 = 2
[trace_headers @ 0xba70180a0] 81          transfer_characteristics                             00000010 = 2
[trace_headers @ 0xba70180a0] 89          matrix_coefficients                                  00000001 = 1
[trace_headers @ 0xba70180a0] 97          chroma_loc_info_present_flag                                0 = 0
[trace_headers @ 0xba70180a0] 98          timing_info_present_flag                                    1 = 1
[trace_headers @ 0xba70180a0] 99          num_units_in_tick            00000000000000000000000000000001 = 1
[trace_headers @ 0xba70180a0] 131         time_scale                   00000000000000000000000000110000 = 48
[trace_headers @ 0xba70180a0] 163         fixed_frame_rate_flag                                       0 = 0
[trace_headers @ 0xba70180a0] 164         nal_hrd_parameters_present_flag                             0 = 0
[trace_headers @ 0xba70180a0] 165         vcl_hrd_parameters_present_flag                             0 = 0
[trace_headers @ 0xba70180a0] 166         pic_struct_present_flag                                     0 = 0
[trace_headers @ 0xba70180a0] 167         bitstream_restriction_flag                                  1 = 1
[trace_headers @ 0xba70180a0] 168         motion_vectors_over_pic_boundaries_flag                     1 = 1
[trace_headers @ 0xba70180a0] 169         max_bytes_per_pic_denom                                     1 = 0
[trace_headers @ 0xba70180a0] 170         max_bits_per_mb_denom                                       1 = 0
[trace_headers @ 0xba70180a0] 171         log2_max_mv_length_horizontal                         0001001 = 8
[trace_headers @ 0xba70180a0] 178         log2_max_mv_length_vertical                           0001001 = 8
[trace_headers @ 0xba70180a0] 185         max_num_reorder_frames                                      1 = 0
[trace_headers @ 0xba70180a0] 186         max_dec_frame_buffering                                   010 = 1
[trace_headers @ 0xba70180a0] 189         rbsp_stop_one_bit                                           1 = 1
[trace_headers @ 0xba70180a0] 190         rbsp_alignment_zero_bit                                     0 = 0
[trace_headers @ 0xba70180a0] 191         rbsp_alignment_zero_bit                                     0 = 0
[trace_headers @ 0xba70180a0] Picture Parameter Set
[trace_headers @ 0xba70180a0] 0           forbidden_zero_bit                                          0 = 0
[trace_headers @ 0xba70180a0] 1           nal_ref_idc                                                11 = 3
[trace_headers @ 0xba70180a0] 3           nal_unit_type                                           01000 = 8
[trace_headers @ 0xba70180a0] 8           pic_parameter_set_id                                        1 = 0
[trace_headers @ 0xba70180a0] 9           seq_parameter_set_id                                        1 = 0
[trace_headers @ 0xba70180a0] 10          entropy_coding_mode_flag                                    0 = 0
[trace_headers @ 0xba70180a0] 11          bottom_field_pic_order_in_frame_present_flag                0 = 0
[trace_headers @ 0xba70180a0] 12          num_slice_groups_minus1                                     1 = 0
[trace_headers @ 0xba70180a0] 13          num_ref_idx_l0_default_active_minus1                        1 = 0
[trace_headers @ 0xba70180a0] 14          num_ref_idx_l1_default_active_minus1                        1 = 0
[trace_headers @ 0xba70180a0] 15          weighted_pred_flag                                          0 = 0
[trace_headers @ 0xba70180a0] 16          weighted_bipred_idc                                        00 = 0
[trace_headers @ 0xba70180a0] 18          pic_init_qp_minus26                                     00111 = -3
[trace_headers @ 0xba70180a0] 23          pic_init_qs_minus26                                         1 = 0
[trace_headers @ 0xba70180a0] 24          chroma_qp_index_offset                                  00101 = -2
[trace_headers @ 0xba70180a0] 29          deblocking_filter_control_present_flag                      1 = 1
[trace_headers @ 0xba70180a0] 30          constrained_intra_pred_flag                                 0 = 0
[trace_headers @ 0xba70180a0] 31          redundant_pic_cnt_present_flag                              0 = 0
[trace_headers @ 0xba70180a0] 32          rbsp_stop_one_bit                                           1 = 1
[trace_headers @ 0xba70180a0] 33          rbsp_alignment_zero_bit                                     0 = 0
[trace_headers @ 0xba70180a0] 34          rbsp_alignment_zero_bit                                     0 = 0
[trace_headers @ 0xba70180a0] 35          rbsp_alignment_zero_bit                                     0 = 0
[trace_headers @ 0xba70180a0] 36          rbsp_alignment_zero_bit                                     0 = 0
[trace_headers @ 0xba70180a0] 37          rbsp_alignment_zero_bit                                     0 = 0
[trace_headers @ 0xba70180a0] 38          rbsp_alignment_zero_bit                                     0 = 0
[trace_headers @ 0xba70180a0] 39          rbsp_alignment_zero_bit                                     0 = 0
Stream mapping:
  Stream #0:0 -> #0:0 (copy)
Output #0, null, to 'pipe:':
  Metadata:
    encoder         : Lavf62.12.102
  Stream #0:0: Video: h264 (Constrained Baseline), 1 reference frame, yuv420p(tv, bt709/unknown/unknown, progressive, left), 160x96 [SAR 1:1 DAR 5:3], q=2-31, 25 fps, 48 tbr, 1200k tbn
[out#0/null @ 0xba7064240] Starting thread...
[in#0/h264 @ 0xba6c10000] Starting thread...
Press [q] to stop, [?] for help
[trace_headers @ 0xba70180a0] Packet: 3042 bytes, key frame, no pts, dts 0, duration 50000.
[trace_headers @ 0xba70180a0] Sequence Parameter Set
[trace_headers @ 0xba70180a0] 0           forbidden_zero_bit                                          0 = 0
[trace_headers @ 0xba70180a0] 1           nal_ref_idc                                                11 = 3
[trace_headers @ 0xba70180a0] 3           nal_unit_type                                           00111 = 7
[trace_headers @ 0xba70180a0] 8           profile_idc                                          01000010 = 66
[trace_headers @ 0xba70180a0] 16          constraint_set0_flag                                        1 = 1
[trace_headers @ 0xba70180a0] 17          constraint_set1_flag                                        1 = 1
[trace_headers @ 0xba70180a0] 18          constraint_set2_flag                                        0 = 0
[trace_headers @ 0xba70180a0] 19          constraint_set3_flag                                        0 = 0
[trace_headers @ 0xba70180a0] 20          constraint_set4_flag                                        0 = 0
[trace_headers @ 0xba70180a0] 21          constraint_set5_flag                                        0 = 0
[trace_headers @ 0xba70180a0] 22          reserved_zero_2bits                                        00 = 0
[trace_headers @ 0xba70180a0] 24          level_idc                                            00001010 = 10
[trace_headers @ 0xba70180a0] 32          seq_parameter_set_id                                        1 = 0
[trace_headers @ 0xba70180a0] 33          log2_max_frame_num_minus4                                   1 = 0
[trace_headers @ 0xba70180a0] 34          pic_order_cnt_type                                        011 = 2
[trace_headers @ 0xba70180a0] 37          max_num_ref_frames                                        010 = 1
[trace_headers @ 0xba70180a0] 40          gaps_in_frame_num_allowed_flag                              0 = 0
[trace_headers @ 0xba70180a0] 41          pic_width_in_mbs_minus1                               0001010 = 9
[trace_headers @ 0xba70180a0] 48          pic_height_in_map_units_minus1                          00110 = 5
[trace_headers @ 0xba70180a0] 53          frame_mbs_only_flag                                         1 = 1
[trace_headers @ 0xba70180a0] 54          direct_8x8_inference_flag                                   1 = 1
[trace_headers @ 0xba70180a0] 55          frame_cropping_flag                                         0 = 0
[trace_headers @ 0xba70180a0] 56          vui_parameters_present_flag                                 1 = 1
[trace_headers @ 0xba70180a0] 57          aspect_ratio_info_present_flag                              1 = 1
[trace_headers @ 0xba70180a0] 58          aspect_ratio_idc                                     00000001 = 1
[trace_headers @ 0xba70180a0] 66          overscan_info_present_flag                                  0 = 0
[trace_headers @ 0xba70180a0] 67          video_signal_type_present_flag                              1 = 1
[trace_headers @ 0xba70180a0] 68          video_format                                              101 = 5
[trace_headers @ 0xba70180a0] 71          video_full_range_flag                                       0 = 0
[trace_headers @ 0xba70180a0] 72          colour_description_present_flag                             1 = 1
[trace_headers @ 0xba70180a0] 73          colour_primaries                                     00000010 = 2
[trace_headers @ 0xba70180a0] 81          transfer_characteristics                             00000010 = 2
[trace_headers @ 0xba70180a0] 89          matrix_coefficients                                  00000001 = 1
[trace_headers @ 0xba70180a0] 97          chroma_loc_info_present_flag                                0 = 0
[trace_headers @ 0xba70180a0] 98          timing_info_present_flag                                    1 = 1
[trace_headers @ 0xba70180a0] 99          num_units_in_tick            00000000000000000000000000000001 = 1
[trace_headers @ 0xba70180a0] 131         time_scale                   00000000000000000000000000110000 = 48
[trace_headers @ 0xba70180a0] 163         fixed_frame_rate_flag                                       0 = 0
[trace_headers @ 0xba70180a0] 164         nal_hrd_parameters_present_flag                             0 = 0
[trace_headers @ 0xba70180a0] 165         vcl_hrd_parameters_present_flag                             0 = 0
[trace_headers @ 0xba70180a0] 166         pic_struct_present_flag                                     0 = 0
[trace_headers @ 0xba70180a0] 167         bitstream_restriction_flag                                  1 = 1
[trace_headers @ 0xba70180a0] 168         motion_vectors_over_pic_boundaries_flag                     1 = 1
[trace_headers @ 0xba70180a0] 169         max_bytes_per_pic_denom                                     1 = 0
[trace_headers @ 0xba70180a0] 170         max_bits_per_mb_denom                                       1 = 0
[trace_headers @ 0xba70180a0] 171         log2_max_mv_length_horizontal                         0001001 = 8
[trace_headers @ 0xba70180a0] 178         log2_max_mv_length_vertical                           0001001 = 8
[trace_headers @ 0xba70180a0] 185         max_num_reorder_frames                                      1 = 0
[trace_headers @ 0xba70180a0] 186         max_dec_frame_buffering                                   010 = 1
[trace_headers @ 0xba70180a0] 189         rbsp_stop_one_bit                                           1 = 1
[trace_headers @ 0xba70180a0] 190         rbsp_alignment_zero_bit                                     0 = 0
[trace_headers @ 0xba70180a0] 191         rbsp_alignment_zero_bit                                     0 = 0
[trace_headers @ 0xba70180a0] Picture Parameter Set
[trace_headers @ 0xba70180a0] 0           forbidden_zero_bit                                          0 = 0
[trace_headers @ 0xba70180a0] 1           nal_ref_idc                                                11 = 3
[trace_headers @ 0xba70180a0] 3           nal_unit_type                                           01000 = 8
[trace_headers @ 0xba70180a0] 8           pic_parameter_set_id                                        1 = 0
[trace_headers @ 0xba70180a0] 9           seq_parameter_set_id                                        1 = 0
[trace_headers @ 0xba70180a0] 10          entropy_coding_mode_flag                                    0 = 0
[trace_headers @ 0xba70180a0] 11          bottom_field_pic_order_in_frame_present_flag                0 = 0
[trace_headers @ 0xba70180a0] 12          num_slice_groups_minus1                                     1 = 0
[trace_headers @ 0xba70180a0] 13          num_ref_idx_l0_default_active_minus1                        1 = 0
[trace_headers @ 0xba70180a0] 14          num_ref_idx_l1_default_active_minus1                        1 = 0
[trace_headers @ 0xba70180a0] 15          weighted_pred_flag                                          0 = 0
[trace_headers @ 0xba70180a0] 16          weighted_bipred_idc                                        00 = 0
[trace_headers @ 0xba70180a0] 18          pic_init_qp_minus26                                     00111 = -3
[trace_headers @ 0xba70180a0] 23          pic_init_qs_minus26                                         1 = 0
[trace_headers @ 0xba70180a0] 24          chroma_qp_index_offset                                  00101 = -2
[trace_headers @ 0xba70180a0] 29          deblocking_filter_control_present_flag                      1 = 1
[trace_headers @ 0xba70180a0] 30          constrained_intra_pred_flag                                 0 = 0
[trace_headers @ 0xba70180a0] 31          redundant_pic_cnt_present_flag                              0 = 0
[trace_headers @ 0xba70180a0] 32          rbsp_stop_one_bit                                           1 = 1
[trace_headers @ 0xba70180a0] 33          rbsp_alignment_zero_bit                                     0 = 0
[trace_headers @ 0xba70180a0] 34          rbsp_alignment_zero_bit                                     0 = 0
[trace_headers @ 0xba70180a0] 35          rbsp_alignment_zero_bit                                     0 = 0
[trace_headers @ 0xba70180a0] 36          rbsp_alignment_zero_bit                                     0 = 0
[trace_headers @ 0xba70180a0] 37          rbsp_alignment_zero_bit                                     0 = 0
[trace_headers @ 0xba70180a0] 38          rbsp_alignment_zero_bit                                     0 = 0
[trace_headers @ 0xba70180a0] 39          rbsp_alignment_zero_bit                                     0 = 0
[trace_headers @ 0xba70180a0] Supplemental Enhancement Information
[trace_headers @ 0xba70180a0] 0           forbidden_zero_bit                                          0 = 0
[trace_headers @ 0xba70180a0] 1           nal_ref_idc                                                00 = 0
[trace_headers @ 0xba70180a0] 3           nal_unit_type                                           00110 = 6
[trace_headers @ 0xba70180a0] 8           last_payload_type_byte                               00000101 = 5
[trace_headers @ 0xba70180a0] 16          ff_byte                                              11111111 = 255
[trace_headers @ 0xba70180a0] 24          ff_byte                                              11111111 = 255
[trace_headers @ 0xba70180a0] 32          last_payload_size_byte                               01110100 = 116
[trace_headers @ 0xba70180a0] User Data Unregistered
[trace_headers @ 0xba70180a0] 40          uuid_iso_iec_11578[0]                                11011100 = 220
[trace_headers @ 0xba70180a0] 48          uuid_iso_iec_11578[1]                                01000101 = 69
[trace_headers @ 0xba70180a0] 56          uuid_iso_iec_11578[2]                                11101001 = 233
[trace_headers @ 0xba70180a0] 64          uuid_iso_iec_11578[3]                                10111101 = 189
[trace_headers @ 0xba70180a0] 72          uuid_iso_iec_11578[4]                                11100110 = 230
[trace_headers @ 0xba70180a0] 80          uuid_iso_iec_11578[5]                                11011001 = 217
[trace_headers @ 0xba70180a0] 88          uuid_iso_iec_11578[6]                                01001000 = 72
[trace_headers @ 0xba70180a0] 96          uuid_iso_iec_11578[7]                                10110111 = 183
[trace_headers @ 0xba70180a0] 104         uuid_iso_iec_11578[8]                                10010110 = 150
[trace_headers @ 0xba70180a0] 112         uuid_iso_iec_11578[9]                                00101100 = 44
[trace_headers @ 0xba70180a0] 120         uuid_iso_iec_11578[10]                               11011000 = 216
[trace_headers @ 0xba70180a0] 128         uuid_iso_iec_11578[11]                               00100000 = 32
[trace_headers @ 0xba70180a0] 136         uuid_iso_iec_11578[12]                               11011001 = 217
[trace_headers @ 0xba70180a0] 144         uuid_iso_iec_11578[13]                               00100011 = 35
[trace_headers @ 0xba70180a0] 152         uuid_iso_iec_11578[14]                               11101110 = 238
[trace_headers @ 0xba70180a0] 160         uuid_iso_iec_11578[15]                               11101111 = 239
[trace_headers @ 0xba70180a0] 168         user_data_payload_byte[0]                            01111000 = 120
[trace_headers @ 0xba70180a0] 176         user_data_payload_byte[1]                            00110010 = 50
[trace_headers @ 0xba70180a0] 184         user_data_payload_byte[2]                            00110110 = 54
[trace_headers @ 0xba70180a0] 192         user_data_payload_byte[3]                            00110100 = 52
[trace_headers @ 0xba70180a0] 200         user_data_payload_byte[4]                            00100000 = 32
[trace_headers @ 0xba70180a0] 208         user_data_payload_byte[5]                            00101101 = 45
[trace_headers @ 0xba70180a0] 216         user_data_payload_byte[6]                            00100000 = 32
[trace_headers @ 0xba70180a0] 224         user_data_payload_byte[7]                            01100011 = 99
[trace_headers @ 0xba70180a0] 232         user_data_payload_byte[8]                            01101111 = 111
[trace_headers @ 0xba70180a0] 240         user_data_payload_byte[9]                            01110010 = 114
[trace_headers @ 0xba70180a0] 248         user_data_payload_byte[10]                           01100101 = 101
[trace_headers @ 0xba70180a0] 256         user_data_payload_byte[11]                           00100000 = 32
[trace_headers @ 0xba70180a0] 264         user_data_payload_byte[12]                           00110001 = 49
[trace_headers @ 0xba70180a0] 272         user_data_payload_byte[13]                           00110110 = 54
[trace_headers @ 0xba70180a0] 280         user_data_payload_byte[14]                           00110101 = 53
[trace_headers @ 0xba70180a0] 288         user_data_payload_byte[15]                           00100000 = 32
[trace_headers @ 0xba70180a0] 296         user_data_payload_byte[16]                           01110010 = 114
[trace_headers @ 0xba70180a0] 304         user_data_payload_byte[17]                           00110011 = 51
[trace_headers @ 0xba70180a0] 312         user_data_payload_byte[18]                           00110010 = 50
[trace_headers @ 0xba70180a0] 320         user_data_payload_byte[19]                           00110010 = 50
[trace_headers @ 0xba70180a0] 328         user_data_payload_byte[20]                           00110010 = 50
[trace_headers @ 0xba70180a0] 336         user_data_payload_byte[21]                           00100000 = 32
[trace_headers @ 0xba70180a0] 344         user_data_payload_byte[22]                           01100010 = 98
[trace_headers @ 0xba70180a0] 352         user_data_payload_byte[23]                           00110011 = 51
[trace_headers @ 0xba70180a0] 360         user_data_payload_byte[24]                           00110101 = 53
[trace_headers @ 0xba70180a0] 368         user_data_payload_byte[25]                           00110110 = 54
[trace_headers @ 0xba70180a0] 376         user_data_payload_byte[26]                           00110000 = 48
[trace_headers @ 0xba70180a0] 384         user_data_payload_byte[27]                           00110101 = 53
[trace_headers @ 0xba70180a0] 392         user_data_payload_byte[28]                           01100001 = 97
[trace_headers @ 0xba70180a0] 400         user_data_payload_byte[29]                           00100000 = 32
[trace_headers @ 0xba70180a0] 408         user_data_payload_byte[30]                           00101101 = 45
[trace_headers @ 0xba70180a0] 416         user_data_payload_byte[31]                           00100000 = 32
[trace_headers @ 0xba70180a0] 424         user_data_payload_byte[32]                           01001000 = 72
[trace_headers @ 0xba70180a0] 432         user_data_payload_byte[33]                           00101110 = 46
[trace_headers @ 0xba70180a0] 440         user_data_payload_byte[34]                           00110010 = 50
[trace_headers @ 0xba70180a0] 448         user_data_payload_byte[35]                           00110110 = 54
[trace_headers @ 0xba70180a0] 456         user_data_payload_byte[36]                           00110100 = 52
[trace_headers @ 0xba70180a0] 464         user_data_payload_byte[37]                           00101111 = 47
[trace_headers @ 0xba70180a0] 472         user_data_payload_byte[38]                           01001101 = 77
[trace_headers @ 0xba70180a0] 480         user_data_payload_byte[39]                           01010000 = 80
[trace_headers @ 0xba70180a0] 488         user_data_payload_byte[40]                           01000101 = 69
[trace_headers @ 0xba70180a0] 496         user_data_payload_byte[41]                           01000111 = 71
[trace_headers @ 0xba70180a0] 504         user_data_payload_byte[42]                           00101101 = 45
[trace_headers @ 0xba70180a0] 512         user_data_payload_byte[43]                           00110100 = 52
[trace_headers @ 0xba70180a0] 520         user_data_payload_byte[44]                           00100000 = 32
[trace_headers @ 0xba70180a0] 528         user_data_payload_byte[45]                           01000001 = 65
[trace_headers @ 0xba70180a0] 536         user_data_payload_byte[46]                           01010110 = 86
[trace_headers @ 0xba70180a0] 544         user_data_payload_byte[47]                           01000011 = 67
[trace_headers @ 0xba70180a0] 552         user_data_payload_byte[48]                           00100000 = 32
[trace_headers @ 0xba70180a0] 560         user_data_payload_byte[49]                           01100011 = 99
[trace_headers @ 0xba70180a0] 568         user_data_payload_byte[50]                           01101111 = 111
[trace_headers @ 0xba70180a0] 576         user_data_payload_byte[51]                           01100100 = 100
[trace_headers @ 0xba70180a0] 584         user_data_payload_byte[52]                           01100101 = 101
[trace_headers @ 0xba70180a0] 592         user_data_payload_byte[53]                           01100011 = 99
[trace_headers @ 0xba70180a0] 600         user_data_payload_byte[54]                           00100000 = 32
[trace_headers @ 0xba70180a0] 608         user_data_payload_byte[55]                           00101101 = 45
[trace_headers @ 0xba70180a0] 616         user_data_payload_byte[56]                           00100000 = 32
[trace_headers @ 0xba70180a0] 624         user_data_payload_byte[57]                           01000011 = 67
[trace_headers @ 0xba70180a0] 632         user_data_payload_byte[58]                           01101111 = 111
[trace_headers @ 0xba70180a0] 640         user_data_payload_byte[59]                           01110000 = 112
[trace_headers @ 0xba70180a0] 648         user_data_payload_byte[60]                           01111001 = 121
[trace_headers @ 0xba70180a0] 656         user_data_payload_byte[61]                           01101100 = 108
[trace_headers @ 0xba70180a0] 664         user_data_payload_byte[62]                           01100101 = 101
[trace_headers @ 0xba70180a0] 672         user_data_payload_byte[63]                           01100110 = 102
[trace_headers @ 0xba70180a0] 680         user_data_payload_byte[64]                           01110100 = 116
[trace_headers @ 0xba70180a0] 688         user_data_payload_byte[65]                           00100000 = 32
[trace_headers @ 0xba70180a0] 696         user_data_payload_byte[66]                           00110010 = 50
[trace_headers @ 0xba70180a0] 704         user_data_payload_byte[67]                           00110000 = 48
[trace_headers @ 0xba70180a0] 712         user_data_payload_byte[68]                           00110000 = 48
[trace_headers @ 0xba70180a0] 720         user_data_payload_byte[69]                           00110011 = 51
[trace_headers @ 0xba70180a0] 728         user_data_payload_byte[70]                           00101101 = 45
[trace_headers @ 0xba70180a0] 736         user_data_payload_byte[71]                           00110010 = 50
[trace_headers @ 0xba70180a0] 744         user_data_payload_byte[72]                           00110000 = 48
[trace_headers @ 0xba70180a0] 752         user_data_payload_byte[73]                           00110010 = 50
[trace_headers @ 0xba70180a0] 760         user_data_payload_byte[74]                           00110101 = 53
[trace_headers @ 0xba70180a0] 768         user_data_payload_byte[75]                           00100000 = 32
[trace_headers @ 0xba70180a0] 776         user_data_payload_byte[76]                           00101101 = 45
[trace_headers @ 0xba70180a0] 784         user_data_payload_byte[77]                           00100000 = 32
[trace_headers @ 0xba70180a0] 792         user_data_payload_byte[78]                           01101000 = 104
[trace_headers @ 0xba70180a0] 800         user_data_payload_byte[79]                           01110100 = 116
[trace_headers @ 0xba70180a0] 808         user_data_payload_byte[80]                           01110100 = 116
[trace_headers @ 0xba70180a0] 816         user_data_payload_byte[81]                           01110000 = 112
[trace_headers @ 0xba70180a0] 824         user_data_payload_byte[82]                           00111010 = 58
[trace_headers @ 0xba70180a0] 832         user_data_payload_byte[83]                           00101111 = 47
[trace_headers @ 0xba70180a0] 840         user_data_payload_byte[84]                           00101111 = 47
[trace_headers @ 0xba70180a0] 848         user_data_payload_byte[85]                           01110111 = 119
[trace_headers @ 0xba70180a0] 856         user_data_payload_byte[86]                           01110111 = 119
[trace_headers @ 0xba70180a0] 864         user_data_payload_byte[87]                           01110111 = 119
[trace_headers @ 0xba70180a0] 872         user_data_payload_byte[88]                           00101110 = 46
[trace_headers @ 0xba70180a0] 880         user_data_payload_byte[89]                           01110110 = 118
[trace_headers @ 0xba70180a0] 888         user_data_payload_byte[90]                           01101001 = 105
[trace_headers @ 0xba70180a0] 896         user_data_payload_byte[91]                           01100100 = 100
[trace_headers @ 0xba70180a0] 904         user_data_payload_byte[92]                           01100101 = 101
[trace_headers @ 0xba70180a0] 912         user_data_payload_byte[93]                           01101111 = 111
[trace_headers @ 0xba70180a0] 920         user_data_payload_byte[94]                           01101100 = 108
[trace_headers @ 0xba70180a0] 928         user_data_payload_byte[95]                           01100001 = 97
[trace_headers @ 0xba70180a0] 936         user_data_payload_byte[96]                           01101110 = 110
[trace_headers @ 0xba70180a0] 944         user_data_payload_byte[97]                           00101110 = 46
[trace_headers @ 0xba70180a0] 952         user_data_payload_byte[98]                           01101111 = 111
[trace_headers @ 0xba70180a0] 960         user_data_payload_byte[99]                           01110010 = 114
[trace_headers @ 0xba70180a0] 968         user_data_payload_byte[100]                          01100111 = 103
[trace_headers @ 0xba70180a0] 976         user_data_payload_byte[101]                          00101111 = 47
[trace_headers @ 0xba70180a0] 984         user_data_payload_byte[102]                          01111000 = 120
[trace_headers @ 0xba70180a0] 992         user_data_payload_byte[103]                          00110010 = 50
[trace_headers @ 0xba70180a0] 1000        user_data_payload_byte[104]                          00110110 = 54
[trace_headers @ 0xba70180a0] 1008        user_data_payload_byte[105]                          00110100 = 52
[trace_headers @ 0xba70180a0] 1016        user_data_payload_byte[106]                          00101110 = 46
[trace_headers @ 0xba70180a0] 1024        user_data_payload_byte[107]                          01101000 = 104
[trace_headers @ 0xba70180a0] 1032        user_data_payload_byte[108]                          01110100 = 116
[trace_headers @ 0xba70180a0] 1040        user_data_payload_byte[109]                          01101101 = 109
[trace_headers @ 0xba70180a0] 1048        user_data_payload_byte[110]                          01101100 = 108
[trace_headers @ 0xba70180a0] 1056        user_data_payload_byte[111]                          00100000 = 32
[trace_headers @ 0xba70180a0] 1064        user_data_payload_byte[112]                          00101101 = 45
[trace_headers @ 0xba70180a0] 1072        user_data_payload_byte[113]                          00100000 = 32
[trace_headers @ 0xba70180a0] 1080        user_data_payload_byte[114]                          01101111 = 111
[trace_headers @ 0xba70180a0] 1088        user_data_payload_byte[115]                          01110000 = 112
[trace_headers @ 0xba70180a0] 1096        user_data_payload_byte[116]                          01110100 = 116
[trace_headers @ 0xba70180a0] 1104        user_data_payload_byte[117]                          01101001 = 105
[trace_headers @ 0xba70180a0] 1112        user_data_payload_byte[118]                          01101111 = 111
[trace_headers @ 0xba70180a0] 1120        user_data_payload_byte[119]                          01101110 = 110
[trace_headers @ 0xba70180a0] 1128        user_data_payload_byte[120]                          01110011 = 115
[trace_headers @ 0xba70180a0] 1136        user_data_payload_byte[121]                          00111010 = 58
[trace_headers @ 0xba70180a0] 1144        user_data_payload_byte[122]                          00100000 = 32
[trace_headers @ 0xba70180a0] 1152        user_data_payload_byte[123]                          01100011 = 99
[trace_headers @ 0xba70180a0] 1160        user_data_payload_byte[124]                          01100001 = 97
[trace_headers @ 0xba70180a0] 1168        user_data_payload_byte[125]                          01100010 = 98
[trace_headers @ 0xba70180a0] 1176        user_data_payload_byte[126]                          01100001 = 97
[trace_headers @ 0xba70180a0] 1184        user_data_payload_byte[127]                          01100011 = 99
[trace_headers @ 0xba70180a0] 1192        user_data_payload_byte[128]                          00111101 = 61
[trace_headers @ 0xba70180a0] 1200        user_data_payload_byte[129]                          00110000 = 48
[trace_headers @ 0xba70180a0] 1208        user_data_payload_byte[130]                          00100000 = 32
[trace_headers @ 0xba70180a0] 1216        user_data_payload_byte[131]                          01110010 = 114
[trace_headers @ 0xba70180a0] 1224        user_data_payload_byte[132]                          01100101 = 101
[trace_headers @ 0xba70180a0] 1232        user_data_payload_byte[133]                          01100110 = 102
[trace_headers @ 0xba70180a0] 1240        user_data_payload_byte[134]                          00111101 = 61
[trace_headers @ 0xba70180a0] 1248        user_data_payload_byte[135]                          00110001 = 49
[trace_headers @ 0xba70180a0] 1256        user_data_payload_byte[136]                          00100000 = 32
[trace_headers @ 0xba70180a0] 1264        user_data_payload_byte[137]                          01100100 = 100
[trace_headers @ 0xba70180a0] 1272        user_data_payload_byte[138]                          01100101 = 101
[trace_headers @ 0xba70180a0] 1280        user_data_payload_byte[139]                          01100010 = 98
[trace_headers @ 0xba70180a0] 1288        user_data_payload_byte[140]                          01101100 = 108
[trace_headers @ 0xba70180a0] 1296        user_data_payload_byte[141]                          01101111 = 111
[trace_headers @ 0xba70180a0] 1304        user_data_payload_byte[142]                          01100011 = 99
[trace_headers @ 0xba70180a0] 1312        user_data_payload_byte[143]                          01101011 = 107
[trace_headers @ 0xba70180a0] 1320        user_data_payload_byte[144]                          00111101 = 61
[trace_headers @ 0xba70180a0] 1328        user_data_payload_byte[145]                          00110001 = 49
[trace_headers @ 0xba70180a0] 1336        user_data_payload_byte[146]                          00111010 = 58
[trace_headers @ 0xba70180a0] 1344        user_data_payload_byte[147]                          00110000 = 48
[trace_headers @ 0xba70180a0] 1352        user_data_payload_byte[148]                          00111010 = 58
[trace_headers @ 0xba70180a0] 1360        user_data_payload_byte[149]                          00110000 = 48
[trace_headers @ 0xba70180a0] 1368        user_data_payload_byte[150]                          00100000 = 32
[trace_headers @ 0xba70180a0] 1376        user_data_payload_byte[151]                          01100001 = 97
[trace_headers @ 0xba70180a0] 1384        user_data_payload_byte[152]                          01101110 = 110
[trace_headers @ 0xba70180a0] 1392        user_data_payload_byte[153]                          01100001 = 97
[trace_headers @ 0xba70180a0] 1400        user_data_payload_byte[154]                          01101100 = 108
[trace_headers @ 0xba70180a0] 1408        user_data_payload_byte[155]                          01111001 = 121
[trace_headers @ 0xba70180a0] 1416        user_data_payload_byte[156]                          01110011 = 115
[trace_headers @ 0xba70180a0] 1424        user_data_payload_byte[157]                          01100101 = 101
[trace_headers @ 0xba70180a0] 1432        user_data_payload_byte[158]                          00111101 = 61
[trace_headers @ 0xba70180a0] 1440        user_data_payload_byte[159]                          00110000 = 48
[trace_headers @ 0xba70180a0] 1448        user_data_payload_byte[160]                          01111000 = 120
[trace_headers @ 0xba70180a0] 1456        user_data_payload_byte[161]                          00110001 = 49
[trace_headers @ 0xba70180a0] 1464        user_data_payload_byte[162]                          00111010 = 58
[trace_headers @ 0xba70180a0] 1472        user_data_payload_byte[163]                          00110000 = 48
[trace_headers @ 0xba70180a0] 1480        user_data_payload_byte[164]                          01111000 = 120
[trace_headers @ 0xba70180a0] 1488        user_data_payload_byte[165]                          00110001 = 49
[trace_headers @ 0xba70180a0] 1496        user_data_payload_byte[166]                          00110001 = 49
[trace_headers @ 0xba70180a0] 1504        user_data_payload_byte[167]                          00110001 = 49
[trace_headers @ 0xba70180a0] 1512        user_data_payload_byte[168]                          00100000 = 32
[trace_headers @ 0xba70180a0] 1520        user_data_payload_byte[169]                          01101101 = 109
[trace_headers @ 0xba70180a0] 1528        user_data_payload_byte[170]                          01100101 = 101
[trace_headers @ 0xba70180a0] 1536        user_data_payload_byte[171]                          00111101 = 61
[trace_headers @ 0xba70180a0] 1544        user_data_payload_byte[172]                          01101000 = 104
[trace_headers @ 0xba70180a0] 1552        user_data_payload_byte[173]                          01100101 = 101
[trace_headers @ 0xba70180a0] 1560        user_data_payload_byte[174]                          01111000 = 120
[trace_headers @ 0xba70180a0] 1568        user_data_payload_byte[175]                          00100000 = 32
[trace_headers @ 0xba70180a0] 1576        user_data_payload_byte[176]                          01110011 = 115
[trace_headers @ 0xba70180a0] 1584        user_data_payload_byte[177]                          01110101 = 117
[trace_headers @ 0xba70180a0] 1592        user_data_payload_byte[178]                          01100010 = 98
[trace_headers @ 0xba70180a0] 1600        user_data_payload_byte[179]                          01101101 = 109
[trace_headers @ 0xba70180a0] 1608        user_data_payload_byte[180]                          01100101 = 101
[trace_headers @ 0xba70180a0] 1616        user_data_payload_byte[181]                          00111101 = 61
[trace_headers @ 0xba70180a0] 1624        user_data_payload_byte[182]                          00110111 = 55
[trace_headers @ 0xba70180a0] 1632        user_data_payload_byte[183]                          00100000 = 32
[trace_headers @ 0xba70180a0] 1640        user_data_payload_byte[184]                          01110000 = 112
[trace_headers @ 0xba70180a0] 1648        user_data_payload_byte[185]                          01110011 = 115
[trace_headers @ 0xba70180a0] 1656        user_data_payload_byte[186]                          01111001 = 121
[trace_headers @ 0xba70180a0] 1664        user_data_payload_byte[187]                          00111101 = 61
[trace_headers @ 0xba70180a0] 1672        user_data_payload_byte[188]                          00110001 = 49
[trace_headers @ 0xba70180a0] 1680        user_data_payload_byte[189]                          00100000 = 32
[trace_headers @ 0xba70180a0] 1688        user_data_payload_byte[190]                          01110000 = 112
[trace_headers @ 0xba70180a0] 1696        user_data_payload_byte[191]                          01110011 = 115
[trace_headers @ 0xba70180a0] 1704        user_data_payload_byte[192]                          01111001 = 121
[trace_headers @ 0xba70180a0] 1712        user_data_payload_byte[193]                          01011111 = 95
[trace_headers @ 0xba70180a0] 1720        user_data_payload_byte[194]                          01110010 = 114
[trace_headers @ 0xba70180a0] 1728        user_data_payload_byte[195]                          01100100 = 100
[trace_headers @ 0xba70180a0] 1736        user_data_payload_byte[196]                          00111101 = 61
[trace_headers @ 0xba70180a0] 1744        user_data_payload_byte[197]                          00110001 = 49
[trace_headers @ 0xba70180a0] 1752        user_data_payload_byte[198]                          00101110 = 46
[trace_headers @ 0xba70180a0] 1760        user_data_payload_byte[199]                          00110000 = 48
[trace_headers @ 0xba70180a0] 1768        user_data_payload_byte[200]                          00110000 = 48
[trace_headers @ 0xba70180a0] 1776        user_data_payload_byte[201]                          00111010 = 58
[trace_headers @ 0xba70180a0] 1784        user_data_payload_byte[202]                          00110000 = 48
[trace_headers @ 0xba70180a0] 1792        user_data_payload_byte[203]                          00101110 = 46
[trace_headers @ 0xba70180a0] 1800        user_data_payload_byte[204]                          00110000 = 48
[trace_headers @ 0xba70180a0] 1808        user_data_payload_byte[205]                          00110000 = 48
[trace_headers @ 0xba70180a0] 1816        user_data_payload_byte[206]                          00100000 = 32
[trace_headers @ 0xba70180a0] 1824        user_data_payload_byte[207]                          01101101 = 109
[trace_headers @ 0xba70180a0] 1832        user_data_payload_byte[208]                          01101001 = 105
[trace_headers @ 0xba70180a0] 1840        user_data_payload_byte[209]                          01111000 = 120
[trace_headers @ 0xba70180a0] 1848        user_data_payload_byte[210]                          01100101 = 101
[trace_headers @ 0xba70180a0] 1856        user_data_payload_byte[211]                          01100100 = 100
[trace_headers @ 0xba70180a0] 1864        user_data_payload_byte[212]                          01011111 = 95
[trace_headers @ 0xba70180a0] 1872        user_data_payload_byte[213]                          01110010 = 114
[trace_headers @ 0xba70180a0] 1880        user_data_payload_byte[214]                          01100101 = 101
[trace_headers @ 0xba70180a0] 1888        user_data_payload_byte[215]                          01100110 = 102
[trace_headers @ 0xba70180a0] 1896        user_data_payload_byte[216]                          00111101 = 61
[trace_headers @ 0xba70180a0] 1904        user_data_payload_byte[217]                          00110000 = 48
[trace_headers @ 0xba70180a0] 1912        user_data_payload_byte[218]                          00100000 = 32
[trace_headers @ 0xba70180a0] 1920        user_data_payload_byte[219]                          01101101 = 109
[trace_headers @ 0xba70180a0] 1928        user_data_payload_byte[220]                          01100101 = 101
[trace_headers @ 0xba70180a0] 1936        user_data_payload_byte[221]                          01011111 = 95
[trace_headers @ 0xba70180a0] 1944        user_data_payload_byte[222]                          01110010 = 114
[trace_headers @ 0xba70180a0] 1952        user_data_payload_byte[223]                          01100001 = 97
[trace_headers @ 0xba70180a0] 1960        user_data_payload_byte[224]                          01101110 = 110
[trace_headers @ 0xba70180a0] 1968        user_data_payload_byte[225]                          01100111 = 103
[trace_headers @ 0xba70180a0] 1976        user_data_payload_byte[226]                          01100101 = 101
[trace_headers @ 0xba70180a0] 1984        user_data_payload_byte[227]                          00111101 = 61
[trace_headers @ 0xba70180a0] 1992        user_data_payload_byte[228]                          00110001 = 49
[trace_headers @ 0xba70180a0] 2000        user_data_payload_byte[229]                          00110110 = 54
[trace_headers @ 0xba70180a0] 2008        user_data_payload_byte[230]                          00100000 = 32
[trace_headers @ 0xba70180a0] 2016        user_data_payload_byte[231]                          01100011 = 99
[trace_headers @ 0xba70180a0] 2024        user_data_payload_byte[232]                          01101000 = 104
[trace_headers @ 0xba70180a0] 2032        user_data_payload_byte[233]                          01110010 = 114
[trace_headers @ 0xba70180a0] 2040        user_data_payload_byte[234]                          01101111 = 111
[trace_headers @ 0xba70180a0] 2048        user_data_payload_byte[235]                          01101101 = 109
[trace_headers @ 0xba70180a0] 2056        user_data_payload_byte[236]                          01100001 = 97
[trace_headers @ 0xba70180a0] 2064        user_data_payload_byte[237]                          01011111 = 95
[trace_headers @ 0xba70180a0] 2072        user_data_payload_byte[238]                          01101101 = 109
[trace_headers @ 0xba70180a0] 2080        user_data_payload_byte[239]                          01100101 = 101
[trace_headers @ 0xba70180a0] 2088        user_data_payload_byte[240]                          00111101 = 61
[trace_headers @ 0xba70180a0] 2096        user_data_payload_byte[241]                          00110001 = 49
[trace_headers @ 0xba70180a0] 2104        user_data_payload_byte[242]                          00100000 = 32
[trace_headers @ 0xba70180a0] 2112        user_data_payload_byte[243]                          01110100 = 116
[trace_headers @ 0xba70180a0] 2120        user_data_payload_byte[244]                          01110010 = 114
[trace_headers @ 0xba70180a0] 2128        user_data_payload_byte[245]                          01100101 = 101
[trace_headers @ 0xba70180a0] 2136        user_data_payload_byte[246]                          01101100 = 108
[trace_headers @ 0xba70180a0] 2144        user_data_payload_byte[247]                          01101100 = 108
[trace_headers @ 0xba70180a0] 2152        user_data_payload_byte[248]                          01101001 = 105
[trace_headers @ 0xba70180a0] 2160        user_data_payload_byte[249]                          01110011 = 115
[trace_headers @ 0xba70180a0] 2168        user_data_payload_byte[250]                          00111101 = 61
[trace_headers @ 0xba70180a0] 2176        user_data_payload_byte[251]                          00110001 = 49
[trace_headers @ 0xba70180a0] 2184        user_data_payload_byte[252]                          00100000 = 32
[trace_headers @ 0xba70180a0] 2192        user_data_payload_byte[253]                          00111000 = 56
[trace_headers @ 0xba70180a0] 2200        user_data_payload_byte[254]                          01111000 = 120
[trace_headers @ 0xba70180a0] 2208        user_data_payload_byte[255]                          00111000 = 56
[trace_headers @ 0xba70180a0] 2216        user_data_payload_byte[256]                          01100100 = 100
[trace_headers @ 0xba70180a0] 2224        user_data_payload_byte[257]                          01100011 = 99
[trace_headers @ 0xba70180a0] 2232        user_data_payload_byte[258]                          01110100 = 116
[trace_headers @ 0xba70180a0] 2240        user_data_payload_byte[259]                          00111101 = 61
[trace_headers @ 0xba70180a0] 2248        user_data_payload_byte[260]                          00110000 = 48
[trace_headers @ 0xba70180a0] 2256        user_data_payload_byte[261]                          00100000 = 32
[trace_headers @ 0xba70180a0] 2264        user_data_payload_byte[262]                          01100011 = 99
[trace_headers @ 0xba70180a0] 2272        user_data_payload_byte[263]                          01110001 = 113
[trace_headers @ 0xba70180a0] 2280        user_data_payload_byte[264]                          01101101 = 109
[trace_headers @ 0xba70180a0] 2288        user_data_payload_byte[265]                          00111101 = 61
[trace_headers @ 0xba70180a0] 2296        user_data_payload_byte[266]                          00110000 = 48
[trace_headers @ 0xba70180a0] 2304        user_data_payload_byte[267]                          00100000 = 32
[trace_headers @ 0xba70180a0] 2312        user_data_payload_byte[268]                          01100100 = 100
[trace_headers @ 0xba70180a0] 2320        user_data_payload_byte[269]                          01100101 = 101
[trace_headers @ 0xba70180a0] 2328        user_data_payload_byte[270]                          01100001 = 97
[trace_headers @ 0xba70180a0] 2336        user_data_payload_byte[271]                          01100100 = 100
[trace_headers @ 0xba70180a0] 2344        user_data_payload_byte[272]                          01111010 = 122
[trace_headers @ 0xba70180a0] 2352        user_data_payload_byte[273]                          01101111 = 111
[trace_headers @ 0xba70180a0] 2360        user_data_payload_byte[274]                          01101110 = 110
[trace_headers @ 0xba70180a0] 2368        user_data_payload_byte[275]                          01100101 = 101
[trace_headers @ 0xba70180a0] 2376        user_data_payload_byte[276]                          00111101 = 61
[trace_headers @ 0xba70180a0] 2384        user_data_payload_byte[277]                          00110010 = 50
[trace_headers @ 0xba70180a0] 2392        user_data_payload_byte[278]                          00110001 = 49
[trace_headers @ 0xba70180a0] 2400        user_data_payload_byte[279]                          00101100 = 44
[trace_headers @ 0xba70180a0] 2408        user_data_payload_byte[280]                          00110001 = 49
[trace_headers @ 0xba70180a0] 2416        user_data_payload_byte[281]                          00110001 = 49
[trace_headers @ 0xba70180a0] 2424        user_data_payload_byte[282]                          00100000 = 32
[trace_headers @ 0xba70180a0] 2432        user_data_payload_byte[283]                          01100110 = 102
[trace_headers @ 0xba70180a0] 2440        user_data_payload_byte[284]                          01100001 = 97
[trace_headers @ 0xba70180a0] 2448        user_data_payload_byte[285]                          01110011 = 115
[trace_headers @ 0xba70180a0] 2456        user_data_payload_byte[286]                          01110100 = 116
[trace_headers @ 0xba70180a0] 2464        user_data_payload_byte[287]                          01011111 = 95
[trace_headers @ 0xba70180a0] 2472        user_data_payload_byte[288]                          01110000 = 112
[trace_headers @ 0xba70180a0] 2480        user_data_payload_byte[289]                          01110011 = 115
[trace_headers @ 0xba70180a0] 2488        user_data_payload_byte[290]                          01101011 = 107
[trace_headers @ 0xba70180a0] 2496        user_data_payload_byte[291]                          01101001 = 105
[trace_headers @ 0xba70180a0] 2504        user_data_payload_byte[292]                          01110000 = 112
[trace_headers @ 0xba70180a0] 2512        user_data_payload_byte[293]                          00111101 = 61
[trace_headers @ 0xba70180a0] 2520        user_data_payload_byte[294]                          00110001 = 49
[trace_headers @ 0xba70180a0] 2528        user_data_payload_byte[295]                          00100000 = 32
[trace_headers @ 0xba70180a0] 2536        user_data_payload_byte[296]                          01100011 = 99
[trace_headers @ 0xba70180a0] 2544        user_data_payload_byte[297]                          01101000 = 104
[trace_headers @ 0xba70180a0] 2552        user_data_payload_byte[298]                          01110010 = 114
[trace_headers @ 0xba70180a0] 2560        user_data_payload_byte[299]                          01101111 = 111
[trace_headers @ 0xba70180a0] 2568        user_data_payload_byte[300]                          01101101 = 109
[trace_headers @ 0xba70180a0] 2576        user_data_payload_byte[301]                          01100001 = 97
[trace_headers @ 0xba70180a0] 2584        user_data_payload_byte[302]                          01011111 = 95
[trace_headers @ 0xba70180a0] 2592        user_data_payload_byte[303]                          01110001 = 113
[trace_headers @ 0xba70180a0] 2600        user_data_payload_byte[304]                          01110000 = 112
[trace_headers @ 0xba70180a0] 2608        user_data_payload_byte[305]                          01011111 = 95
[trace_headers @ 0xba70180a0] 2616        user_data_payload_byte[306]                          01101111 = 111
[trace_headers @ 0xba70180a0] 2624        user_data_payload_byte[307]                          01100110 = 102
[trace_headers @ 0xba70180a0] 2632        user_data_payload_byte[308]                          01100110 = 102
[trace_headers @ 0xba70180a0] 2640        user_data_payload_byte[309]                          01110011 = 115
[trace_headers @ 0xba70180a0] 2648        user_data_payload_byte[310]                          01100101 = 101
[trace_headers @ 0xba70180a0] 2656        user_data_payload_byte[311]                          01110100 = 116
[trace_headers @ 0xba70180a0] 2664        user_data_payload_byte[312]                          00111101 = 61
[trace_headers @ 0xba70180a0] 2672        user_data_payload_byte[313]                          00101101 = 45
[trace_headers @ 0xba70180a0] 2680        user_data_payload_byte[314]                          00110010 = 50
[trace_headers @ 0xba70180a0] 2688        user_data_payload_byte[315]                          00100000 = 32
[trace_headers @ 0xba70180a0] 2696        user_data_payload_byte[316]                          01110100 = 116
[trace_headers @ 0xba70180a0] 2704        user_data_payload_byte[317]                          01101000 = 104
[trace_headers @ 0xba70180a0] 2712        user_data_payload_byte[318]                          01110010 = 114
[trace_headers @ 0xba70180a0] 2720        user_data_payload_byte[319]                          01100101 = 101
[trace_headers @ 0xba70180a0] 2728        user_data_payload_byte[320]                          01100001 = 97
[trace_headers @ 0xba70180a0] 2736        user_data_payload_byte[321]                          01100100 = 100
[trace_headers @ 0xba70180a0] 2744        user_data_payload_byte[322]                          01110011 = 115
[trace_headers @ 0xba70180a0] 2752        user_data_payload_byte[323]                          00111101 = 61
[trace_headers @ 0xba70180a0] 2760        user_data_payload_byte[324]                          00110011 = 51
[trace_headers @ 0xba70180a0] 2768        user_data_payload_byte[325]                          00100000 = 32
[trace_headers @ 0xba70180a0] 2776        user_data_payload_byte[326]                          01101100 = 108
[trace_headers @ 0xba70180a0] 2784        user_data_payload_byte[327]                          01101111 = 111
[trace_headers @ 0xba70180a0] 2792        user_data_payload_byte[328]                          01101111 = 111
[trace_headers @ 0xba70180a0] 2800        user_data_payload_byte[329]                          01101011 = 107
[trace_headers @ 0xba70180a0] 2808        user_data_payload_byte[330]                          01100001 = 97
[trace_headers @ 0xba70180a0] 2816        user_data_payload_byte[331]                          01101000 = 104
[trace_headers @ 0xba70180a0] 2824        user_data_payload_byte[332]                          01100101 = 101
[trace_headers @ 0xba70180a0] 2832        user_data_payload_byte[333]                          01100001 = 97
[trace_headers @ 0xba70180a0] 2840        user_data_payload_byte[334]                          01100100 = 100
[trace_headers @ 0xba70180a0] 2848        user_data_payload_byte[335]                          01011111 = 95
[trace_headers @ 0xba70180a0] 2856        user_data_payload_byte[336]                          01110100 = 116
[trace_headers @ 0xba70180a0] 2864        user_data_payload_byte[337]                          01101000 = 104
[trace_headers @ 0xba70180a0] 2872        user_data_payload_byte[338]                          01110010 = 114
[trace_headers @ 0xba70180a0] 2880        user_data_payload_byte[339]                          01100101 = 101
[trace_headers @ 0xba70180a0] 2888        user_data_payload_byte[340]                          01100001 = 97
[trace_headers @ 0xba70180a0] 2896        user_data_payload_byte[341]                          01100100 = 100
[trace_headers @ 0xba70180a0] 2904        user_data_payload_byte[342]                          01110011 = 115
[trace_headers @ 0xba70180a0] 2912        user_data_payload_byte[343]                          00111101 = 61
[trace_headers @ 0xba70180a0] 2920        user_data_payload_byte[344]                          00110001 = 49
[trace_headers @ 0xba70180a0] 2928        user_data_payload_byte[345]                          00100000 = 32
[trace_headers @ 0xba70180a0] 2936        user_data_payload_byte[346]                          01110011 = 115
[trace_headers @ 0xba70180a0] 2944        user_data_payload_byte[347]                          01101100 = 108
[trace_headers @ 0xba70180a0] 2952        user_data_payload_byte[348]                          01101001 = 105
[trace_headers @ 0xba70180a0] 2960        user_data_payload_byte[349]                          01100011 = 99
[trace_headers @ 0xba70180a0] 2968        user_data_payload_byte[350]                          01100101 = 101
[trace_headers @ 0xba70180a0] 2976        user_data_payload_byte[351]                          01100100 = 100
[trace_headers @ 0xba70180a0] 2984        user_data_payload_byte[352]                          01011111 = 95
[trace_headers @ 0xba70180a0] 2992        user_data_payload_byte[353]                          01110100 = 116
[trace_headers @ 0xba70180a0] 3000        user_data_payload_byte[354]                          01101000 = 104
[trace_headers @ 0xba70180a0] 3008        user_data_payload_byte[355]                          01110010 = 114
[trace_headers @ 0xba70180a0] 3016        user_data_payload_byte[356]                          01100101 = 101
[trace_headers @ 0xba70180a0] 3024        user_data_payload_byte[357]                          01100001 = 97
[trace_headers @ 0xba70180a0] 3032        user_data_payload_byte[358]                          01100100 = 100
[trace_headers @ 0xba70180a0] 3040        user_data_payload_byte[359]                          01110011 = 115
[trace_headers @ 0xba70180a0] 3048        user_data_payload_byte[360]                          00111101 = 61
[trace_headers @ 0xba70180a0] 3056        user_data_payload_byte[361]                          00110000 = 48
[trace_headers @ 0xba70180a0] 3064        user_data_payload_byte[362]                          00100000 = 32
[trace_headers @ 0xba70180a0] 3072        user_data_payload_byte[363]                          01110011 = 115
[trace_headers @ 0xba70180a0] 3080        user_data_payload_byte[364]                          01101100 = 108
[trace_headers @ 0xba70180a0] 3088        user_data_payload_byte[365]                          01101001 = 105
[trace_headers @ 0xba70180a0] 3096        user_data_payload_byte[366]                          01100011 = 99
[trace_headers @ 0xba70180a0] 3104        user_data_payload_byte[367]                          01100101 = 101
[trace_headers @ 0xba70180a0] 3112        user_data_payload_byte[368]                          01110011 = 115
[trace_headers @ 0xba70180a0] 3120        user_data_payload_byte[369]                          00111101 = 61
[trace_headers @ 0xba70180a0] 3128        user_data_payload_byte[370]                          00110001 = 49
[trace_headers @ 0xba70180a0] 3136        user_data_payload_byte[371]                          00100000 = 32
[trace_headers @ 0xba70180a0] 3144        user_data_payload_byte[372]                          01101110 = 110
[trace_headers @ 0xba70180a0] 3152        user_data_payload_byte[373]                          01110010 = 114
[trace_headers @ 0xba70180a0] 3160        user_data_payload_byte[374]                          00111101 = 61
[trace_headers @ 0xba70180a0] 3168        user_data_payload_byte[375]                          00110000 = 48
[trace_headers @ 0xba70180a0] 3176        user_data_payload_byte[376]                          00100000 = 32
[trace_headers @ 0xba70180a0] 3184        user_data_payload_byte[377]                          01100100 = 100
[trace_headers @ 0xba70180a0] 3192        user_data_payload_byte[378]                          01100101 = 101
[trace_headers @ 0xba70180a0] 3200        user_data_payload_byte[379]                          01100011 = 99
[trace_headers @ 0xba70180a0] 3208        user_data_payload_byte[380]                          01101001 = 105
[trace_headers @ 0xba70180a0] 3216        user_data_payload_byte[381]                          01101101 = 109
[trace_headers @ 0xba70180a0] 3224        user_data_payload_byte[382]                          01100001 = 97
[trace_headers @ 0xba70180a0] 3232        user_data_payload_byte[383]                          01110100 = 116
[trace_headers @ 0xba70180a0] 3240        user_data_payload_byte[384]                          01100101 = 101
[trace_headers @ 0xba70180a0] 3248        user_data_payload_byte[385]                          00111101 = 61
[trace_headers @ 0xba70180a0] 3256        user_data_payload_byte[386]                          00110001 = 49
[trace_headers @ 0xba70180a0] 3264        user_data_payload_byte[387]                          00100000 = 32
[trace_headers @ 0xba70180a0] 3272        user_data_payload_byte[388]                          01101001 = 105
[trace_headers @ 0xba70180a0] 3280        user_data_payload_byte[389]                          01101110 = 110
[trace_headers @ 0xba70180a0] 3288        user_data_payload_byte[390]                          01110100 = 116
[trace_headers @ 0xba70180a0] 3296        user_data_payload_byte[391]                          01100101 = 101
[trace_headers @ 0xba70180a0] 3304        user_data_payload_byte[392]                          01110010 = 114
[trace_headers @ 0xba70180a0] 3312        user_data_payload_byte[393]                          01101100 = 108
[trace_headers @ 0xba70180a0] 3320        user_data_payload_byte[394]                          01100001 = 97
[trace_headers @ 0xba70180a0] 3328        user_data_payload_byte[395]                          01100011 = 99
[trace_headers @ 0xba70180a0] 3336        user_data_payload_byte[396]                          01100101 = 101
[trace_headers @ 0xba70180a0] 3344        user_data_payload_byte[397]                          01100100 = 100
[trace_headers @ 0xba70180a0] 3352        user_data_payload_byte[398]                          00111101 = 61
[trace_headers @ 0xba70180a0] 3360        user_data_payload_byte[399]                          00110000 = 48
[trace_headers @ 0xba70180a0] 3368        user_data_payload_byte[400]                          00100000 = 32
[trace_headers @ 0xba70180a0] 3376        user_data_payload_byte[401]                          01100010 = 98
[trace_headers @ 0xba70180a0] 3384        user_data_payload_byte[402]                          01101100 = 108
[trace_headers @ 0xba70180a0] 3392        user_data_payload_byte[403]                          01110101 = 117
[trace_headers @ 0xba70180a0] 3400        user_data_payload_byte[404]                          01110010 = 114
[trace_headers @ 0xba70180a0] 3408        user_data_payload_byte[405]                          01100001 = 97
[trace_headers @ 0xba70180a0] 3416        user_data_payload_byte[406]                          01111001 = 121
[trace_headers @ 0xba70180a0] 3424        user_data_payload_byte[407]                          01011111 = 95
[trace_headers @ 0xba70180a0] 3432        user_data_payload_byte[408]                          01100011 = 99
[trace_headers @ 0xba70180a0] 3440        user_data_payload_byte[409]                          01101111 = 111
[trace_headers @ 0xba70180a0] 3448        user_data_payload_byte[410]                          01101101 = 109
[trace_headers @ 0xba70180a0] 3456        user_data_payload_byte[411]                          01110000 = 112
[trace_headers @ 0xba70180a0] 3464        user_data_payload_byte[412]                          01100001 = 97
[trace_headers @ 0xba70180a0] 3472        user_data_payload_byte[413]                          01110100 = 116
[trace_headers @ 0xba70180a0] 3480        user_data_payload_byte[414]                          00111101 = 61
[trace_headers @ 0xba70180a0] 3488        user_data_payload_byte[415]                          00110000 = 48
[trace_headers @ 0xba70180a0] 3496        user_data_payload_byte[416]                          00100000 = 32
[trace_headers @ 0xba70180a0] 3504        user_data_payload_byte[417]                          01100011 = 99
[trace_headers @ 0xba70180a0] 3512        user_data_payload_byte[418]                          01101111 = 111
[trace_headers @ 0xba70180a0] 3520        user_data_payload_byte[419]                          01101110 = 110
[trace_headers @ 0xba70180a0] 3528        user_data_payload_byte[420]                          01110011 = 115
[trace_headers @ 0xba70180a0] 3536        user_data_payload_byte[421]                          01110100 = 116
[trace_headers @ 0xba70180a0] 3544        user_data_payload_byte[422]                          01110010 = 114
[trace_headers @ 0xba70180a0] 3552        user_data_payload_byte[423]                          01100001 = 97
[trace_headers @ 0xba70180a0] 3560        user_data_payload_byte[424]                          01101001 = 105
[trace_headers @ 0xba70180a0] 3568        user_data_payload_byte[425]                          01101110 = 110
[trace_headers @ 0xba70180a0] 3576        user_data_payload_byte[426]                          01100101 = 101
[trace_headers @ 0xba70180a0] 3584        user_data_payload_byte[427]                          01100100 = 100
[trace_headers @ 0xba70180a0] 3592        user_data_payload_byte[428]                          01011111 = 95
[trace_headers @ 0xba70180a0] 3600        user_data_payload_byte[429]                          01101001 = 105
[trace_headers @ 0xba70180a0] 3608        user_data_payload_byte[430]                          01101110 = 110
[trace_headers @ 0xba70180a0] 3616        user_data_payload_byte[431]                          01110100 = 116
[trace_headers @ 0xba70180a0] 3624        user_data_payload_byte[432]                          01110010 = 114
[trace_headers @ 0xba70180a0] 3632        user_data_payload_byte[433]                          01100001 = 97
[trace_headers @ 0xba70180a0] 3640        user_data_payload_byte[434]                          00111101 = 61
[trace_headers @ 0xba70180a0] 3648        user_data_payload_byte[435]                          00110000 = 48
[trace_headers @ 0xba70180a0] 3656        user_data_payload_byte[436]                          00100000 = 32
[trace_headers @ 0xba70180a0] 3664        user_data_payload_byte[437]                          01100010 = 98
[trace_headers @ 0xba70180a0] 3672        user_data_payload_byte[438]                          01100110 = 102
[trace_headers @ 0xba70180a0] 3680        user_data_payload_byte[439]                          01110010 = 114
[trace_headers @ 0xba70180a0] 3688        user_data_payload_byte[440]                          01100001 = 97
[trace_headers @ 0xba70180a0] 3696        user_data_payload_byte[441]                          01101101 = 109
[trace_headers @ 0xba70180a0] 3704        user_data_payload_byte[442]                          01100101 = 101
[trace_headers @ 0xba70180a0] 3712        user_data_payload_byte[443]                          01110011 = 115
[trace_headers @ 0xba70180a0] 3720        user_data_payload_byte[444]                          00111101 = 61
[trace_headers @ 0xba70180a0] 3728        user_data_payload_byte[445]                          00110000 = 48
[trace_headers @ 0xba70180a0] 3736        user_data_payload_byte[446]                          00100000 = 32
[trace_headers @ 0xba70180a0] 3744        user_data_payload_byte[447]                          01110111 = 119
[trace_headers @ 0xba70180a0] 3752        user_data_payload_byte[448]                          01100101 = 101
[trace_headers @ 0xba70180a0] 3760        user_data_payload_byte[449]                          01101001 = 105
[trace_headers @ 0xba70180a0] 3768        user_data_payload_byte[450]                          01100111 = 103
[trace_headers @ 0xba70180a0] 3776        user_data_payload_byte[451]                          01101000 = 104
[trace_headers @ 0xba70180a0] 3784        user_data_payload_byte[452]                          01110100 = 116
[trace_headers @ 0xba70180a0] 3792        user_data_payload_byte[453]                          01110000 = 112
[trace_headers @ 0xba70180a0] 3800        user_data_payload_byte[454]                          00111101 = 61
[trace_headers @ 0xba70180a0] 3808        user_data_payload_byte[455]                          00110000 = 48
[trace_headers @ 0xba70180a0] 3816        user_data_payload_byte[456]                          00100000 = 32
[trace_headers @ 0xba70180a0] 3824        user_data_payload_byte[457]                          01101011 = 107
[trace_headers @ 0xba70180a0] 3832        user_data_payload_byte[458]                          01100101 = 101
[trace_headers @ 0xba70180a0] 3840        user_data_payload_byte[459]                          01111001 = 121
[trace_headers @ 0xba70180a0] 3848        user_data_payload_byte[460]                          01101001 = 105
[trace_headers @ 0xba70180a0] 3856        user_data_payload_byte[461]                          01101110 = 110
[trace_headers @ 0xba70180a0] 3864        user_data_payload_byte[462]                          01110100 = 116
[trace_headers @ 0xba70180a0] 3872        user_data_payload_byte[463]                          00111101 = 61
[trace_headers @ 0xba70180a0] 3880        user_data_payload_byte[464]                          00110010 = 50
[trace_headers @ 0xba70180a0] 3888        user_data_payload_byte[465]                          00110100 = 52
[trace_headers @ 0xba70180a0] 3896        user_data_payload_byte[466]                          00100000 = 32
[trace_headers @ 0xba70180a0] 3904        user_data_payload_byte[467]                          01101011 = 107
[trace_headers @ 0xba70180a0] 3912        user_data_payload_byte[468]                          01100101 = 101
[trace_headers @ 0xba70180a0] 3920        user_data_payload_byte[469]                          01111001 = 121
[trace_headers @ 0xba70180a0] 3928        user_data_payload_byte[470]                          01101001 = 105
[trace_headers @ 0xba70180a0] 3936        user_data_payload_byte[471]                          01101110 = 110
[trace_headers @ 0xba70180a0] 3944        user_data_payload_byte[472]                          01110100 = 116
[trace_headers @ 0xba70180a0] 3952        user_data_payload_byte[473]                          01011111 = 95
[trace_headers @ 0xba70180a0] 3960        user_data_payload_byte[474]                          01101101 = 109
[trace_headers @ 0xba70180a0] 3968        user_data_payload_byte[475]                          01101001 = 105
[trace_headers @ 0xba70180a0] 3976        user_data_payload_byte[476]                          01101110 = 110
[trace_headers @ 0xba70180a0] 3984        user_data_payload_byte[477]                          00111101 = 61
[trace_headers @ 0xba70180a0] 3992        user_data_payload_byte[478]                          00110001 = 49
[trace_headers @ 0xba70180a0] 4000        user_data_payload_byte[479]                          00110011 = 51
[trace_headers @ 0xba70180a0] 4008        user_data_payload_byte[480]                          00100000 = 32
[trace_headers @ 0xba70180a0] 4016        user_data_payload_byte[481]                          01110011 = 115
[trace_headers @ 0xba70180a0] 4024        user_data_payload_byte[482]                          01100011 = 99
[trace_headers @ 0xba70180a0] 4032        user_data_payload_byte[483]                          01100101 = 101
[trace_headers @ 0xba70180a0] 4040        user_data_payload_byte[484]                          01101110 = 110
[trace_headers @ 0xba70180a0] 4048        user_data_payload_byte[485]                          01100101 = 101
[trace_headers @ 0xba70180a0] 4056        user_data_payload_byte[486]                          01100011 = 99
[trace_headers @ 0xba70180a0] 4064        user_data_payload_byte[487]                          01110101 = 117
[trace_headers @ 0xba70180a0] 4072        user_data_payload_byte[488]                          01110100 = 116
[trace_headers @ 0xba70180a0] 4080        user_data_payload_byte[489]                          00111101 = 61
[trace_headers @ 0xba70180a0] 4088        user_data_payload_byte[490]                          00110000 = 48
[trace_headers @ 0xba70180a0] 4096        user_data_payload_byte[491]                          00100000 = 32
[trace_headers @ 0xba70180a0] 4104        user_data_payload_byte[492]                          01101001 = 105
[trace_headers @ 0xba70180a0] 4112        user_data_payload_byte[493]                          01101110 = 110
[trace_headers @ 0xba70180a0] 4120        user_data_payload_byte[494]                          01110100 = 116
[trace_headers @ 0xba70180a0] 4128        user_data_payload_byte[495]                          01110010 = 114
[trace_headers @ 0xba70180a0] 4136        user_data_payload_byte[496]                          01100001 = 97
[trace_headers @ 0xba70180a0] 4144        user_data_payload_byte[497]                          01011111 = 95
[trace_headers @ 0xba70180a0] 4152        user_data_payload_byte[498]                          01110010 = 114
[trace_headers @ 0xba70180a0] 4160        user_data_payload_byte[499]                          01100101 = 101
[trace_headers @ 0xba70180a0] 4168        user_data_payload_byte[500]                          01100110 = 102
[trace_headers @ 0xba70180a0] 4176        user_data_payload_byte[501]                          01110010 = 114
[trace_headers @ 0xba70180a0] 4184        user_data_payload_byte[502]                          01100101 = 101
[trace_headers @ 0xba70180a0] 4192        user_data_payload_byte[503]                          01110011 = 115
[trace_headers @ 0xba70180a0] 4200        user_data_payload_byte[504]                          01101000 = 104
[trace_headers @ 0xba70180a0] 4208        user_data_payload_byte[505]                          00111101 = 61
[trace_headers @ 0xba70180a0] 4216        user_data_payload_byte[506]                          00110000 = 48
[trace_headers @ 0xba70180a0] 4224        user_data_payload_byte[507]                          00100000 = 32
[trace_headers @ 0xba70180a0] 4232        user_data_payload_byte[508]                          01110010 = 114
[trace_headers @ 0xba70180a0] 4240        user_data_payload_byte[509]                          01100011 = 99
[trace_headers @ 0xba70180a0] 4248        user_data_payload_byte[510]                          01011111 = 95
[trace_headers @ 0xba70180a0] 4256        user_data_payload_byte[511]                          01101100 = 108
[trace_headers @ 0xba70180a0] 4264        user_data_payload_byte[512]                          01101111 = 111
[trace_headers @ 0xba70180a0] 4272        user_data_payload_byte[513]                          01101111 = 111
[trace_headers @ 0xba70180a0] 4280        user_data_payload_byte[514]                          01101011 = 107
[trace_headers @ 0xba70180a0] 4288        user_data_payload_byte[515]                          01100001 = 97
[trace_headers @ 0xba70180a0] 4296        user_data_payload_byte[516]                          01101000 = 104
[trace_headers @ 0xba70180a0] 4304        user_data_payload_byte[517]                          01100101 = 101
[trace_headers @ 0xba70180a0] 4312        user_data_payload_byte[518]                          01100001 = 97
[trace_headers @ 0xba70180a0] 4320        user_data_payload_byte[519]                          01100100 = 100
[trace_headers @ 0xba70180a0] 4328        user_data_payload_byte[520]                          00111101 = 61
[trace_headers @ 0xba70180a0] 4336        user_data_payload_byte[521]                          00110010 = 50
[trace_headers @ 0xba70180a0] 4344        user_data_payload_byte[522]                          00110100 = 52
[trace_headers @ 0xba70180a0] 4352        user_data_payload_byte[523]                          00100000 = 32
[trace_headers @ 0xba70180a0] 4360        user_data_payload_byte[524]                          01110010 = 114
[trace_headers @ 0xba70180a0] 4368        user_data_payload_byte[525]                          01100011 = 99
[trace_headers @ 0xba70180a0] 4376        user_data_payload_byte[526]                          00111101 = 61
[trace_headers @ 0xba70180a0] 4384        user_data_payload_byte[527]                          01100011 = 99
[trace_headers @ 0xba70180a0] 4392        user_data_payload_byte[528]                          01110010 = 114
[trace_headers @ 0xba70180a0] 4400        user_data_payload_byte[529]                          01100110 = 102
[trace_headers @ 0xba70180a0] 4408        user_data_payload_byte[530]                          00100000 = 32
[trace_headers @ 0xba70180a0] 4416        user_data_payload_byte[531]                          01101101 = 109
[trace_headers @ 0xba70180a0] 4424        user_data_payload_byte[532]                          01100010 = 98
[trace_headers @ 0xba70180a0] 4432        user_data_payload_byte[533]                          01110100 = 116
[trace_headers @ 0xba70180a0] 4440        user_data_payload_byte[534]                          01110010 = 114
[trace_headers @ 0xba70180a0] 4448        user_data_payload_byte[535]                          01100101 = 101
[trace_headers @ 0xba70180a0] 4456        user_data_payload_byte[536]                          01100101 = 101
[trace_headers @ 0xba70180a0] 4464        user_data_payload_byte[537]                          00111101 = 61
[trace_headers @ 0xba70180a0] 4472        user_data_payload_byte[538]                          00110001 = 49
[trace_headers @ 0xba70180a0] 4480        user_data_payload_byte[539]                          00100000 = 32
[trace_headers @ 0xba70180a0] 4488        user_data_payload_byte[540]                          01100011 = 99
[trace_headers @ 0xba70180a0] 4496        user_data_payload_byte[541]                          01110010 = 114
[trace_headers @ 0xba70180a0] 4504        user_data_payload_byte[542]                          01100110 = 102
[trace_headers @ 0xba70180a0] 4512        user_data_payload_byte[543]                          00111101 = 61
[trace_headers @ 0xba70180a0] 4520        user_data_payload_byte[544]                          00110010 = 50
[trace_headers @ 0xba70180a0] 4528        user_data_payload_byte[545]                          00110011 = 51
[trace_headers @ 0xba70180a0] 4536        user_data_payload_byte[546]                          00101110 = 46
[trace_headers @ 0xba70180a0] 4544        user_data_payload_byte[547]                          00110000 = 48
[trace_headers @ 0xba70180a0] 4552        user_data_payload_byte[548]                          00100000 = 32
[trace_headers @ 0xba70180a0] 4560        user_data_payload_byte[549]                          01110001 = 113
[trace_headers @ 0xba70180a0] 4568        user_data_payload_byte[550]                          01100011 = 99
[trace_headers @ 0xba70180a0] 4576        user_data_payload_byte[551]                          01101111 = 111
[trace_headers @ 0xba70180a0] 4584        user_data_payload_byte[552]                          01101101 = 109
[trace_headers @ 0xba70180a0] 4592        user_data_payload_byte[553]                          01110000 = 112
[trace_headers @ 0xba70180a0] 4600        user_data_payload_byte[554]                          00111101 = 61
[trace_headers @ 0xba70180a0] 4608        user_data_payload_byte[555]                          00110000 = 48
[trace_headers @ 0xba70180a0] 4616        user_data_payload_byte[556]                          00101110 = 46
[trace_headers @ 0xba70180a0] 4624        user_data_payload_byte[557]                          00110110 = 54
[trace_headers @ 0xba70180a0] 4632        user_data_payload_byte[558]                          00110000 = 48
[trace_headers @ 0xba70180a0] 4640        user_data_payload_byte[559]                          00100000 = 32
[trace_headers @ 0xba70180a0] 4648        user_data_payload_byte[560]                          01110001 = 113
[trace_headers @ 0xba70180a0] 4656        user_data_payload_byte[561]                          01110000 = 112
[trace_headers @ 0xba70180a0] 4664        user_data_payload_byte[562]                          01101101 = 109
[trace_headers @ 0xba70180a0] 4672        user_data_payload_byte[563]                          01101001 = 105
[trace_headers @ 0xba70180a0] 4680        user_data_payload_byte[564]                          01101110 = 110
[trace_headers @ 0xba70180a0] 4688        user_data_payload_byte[565]                          00111101 = 61
[trace_headers @ 0xba70180a0] 4696        user_data_payload_byte[566]                          00110000 = 48
[trace_headers @ 0xba70180a0] 4704        user_data_payload_byte[567]                          00100000 = 32
[trace_headers @ 0xba70180a0] 4712        user_data_payload_byte[568]                          01110001 = 113
[trace_headers @ 0xba70180a0] 4720        user_data_payload_byte[569]                          01110000 = 112
[trace_headers @ 0xba70180a0] 4728        user_data_payload_byte[570]                          01101101 = 109
[trace_headers @ 0xba70180a0] 4736        user_data_payload_byte[571]                          01100001 = 97
[trace_headers @ 0xba70180a0] 4744        user_data_payload_byte[572]                          01111000 = 120
[trace_headers @ 0xba70180a0] 4752        user_data_payload_byte[573]                          00111101 = 61
[trace_headers @ 0xba70180a0] 4760        user_data_payload_byte[574]                          00110110 = 54
[trace_headers @ 0xba70180a0] 4768        user_data_payload_byte[575]                          00111001 = 57
[trace_headers @ 0xba70180a0] 4776        user_data_payload_byte[576]                          00100000 = 32
[trace_headers @ 0xba70180a0] 4784        user_data_payload_byte[577]                          01110001 = 113
[trace_headers @ 0xba70180a0] 4792        user_data_payload_byte[578]                          01110000 = 112
[trace_headers @ 0xba70180a0] 4800        user_data_payload_byte[579]                          01110011 = 115
[trace_headers @ 0xba70180a0] 4808        user_data_payload_byte[580]                          01110100 = 116
[trace_headers @ 0xba70180a0] 4816        user_data_payload_byte[581]                          01100101 = 101
[trace_headers @ 0xba70180a0] 4824        user_data_payload_byte[582]                          01110000 = 112
[trace_headers @ 0xba70180a0] 4832        user_data_payload_byte[583]                          00111101 = 61
[trace_headers @ 0xba70180a0] 4840        user_data_payload_byte[584]                          00110100 = 52
[trace_headers @ 0xba70180a0] 4848        user_data_payload_byte[585]                          00100000 = 32
[trace_headers @ 0xba70180a0] 4856        user_data_payload_byte[586]                          01101001 = 105
[trace_headers @ 0xba70180a0] 4864        user_data_payload_byte[587]                          01110000 = 112
[trace_headers @ 0xba70180a0] 4872        user_data_payload_byte[588]                          01011111 = 95
[trace_headers @ 0xba70180a0] 4880        user_data_payload_byte[589]                          01110010 = 114
[trace_headers @ 0xba70180a0] 4888        user_data_payload_byte[590]                          01100001 = 97
[trace_headers @ 0xba70180a0] 4896        user_data_payload_byte[591]                          01110100 = 116
[trace_headers @ 0xba70180a0] 4904        user_data_payload_byte[592]                          01101001 = 105
[trace_headers @ 0xba70180a0] 4912        user_data_payload_byte[593]                          01101111 = 111
[trace_headers @ 0xba70180a0] 4920        user_data_payload_byte[594]                          00111101 = 61
[trace_headers @ 0xba70180a0] 4928        user_data_payload_byte[595]                          00110001 = 49
[trace_headers @ 0xba70180a0] 4936        user_data_payload_byte[596]                          00101110 = 46
[trace_headers @ 0xba70180a0] 4944        user_data_payload_byte[597]                          00110100 = 52
[trace_headers @ 0xba70180a0] 4952        user_data_payload_byte[598]                          00110000 = 48
[trace_headers @ 0xba70180a0] 4960        user_data_payload_byte[599]                          00100000 = 32
[trace_headers @ 0xba70180a0] 4968        user_data_payload_byte[600]                          01100001 = 97
[trace_headers @ 0xba70180a0] 4976        user_data_payload_byte[601]                          01110001 = 113
[trace_headers @ 0xba70180a0] 4984        user_data_payload_byte[602]                          00111101 = 61
[trace_headers @ 0xba70180a0] 4992        user_data_payload_byte[603]                          00110001 = 49
[trace_headers @ 0xba70180a0] 5000        user_data_payload_byte[604]                          00111010 = 58
[trace_headers @ 0xba70180a0] 5008        user_data_payload_byte[605]                          00110001 = 49
[trace_headers @ 0xba70180a0] 5016        user_data_payload_byte[606]                          00101110 = 46
[trace_headers @ 0xba70180a0] 5024        user_data_payload_byte[607]                          00110000 = 48
[trace_headers @ 0xba70180a0] 5032        user_data_payload_byte[608]                          00110000 = 48
[trace_headers @ 0xba70180a0] 5040        user_data_payload_byte[609]                          00000000 = 0
[trace_headers @ 0xba70180a0] 5048        rbsp_stop_one_bit                                           1 = 1
[trace_headers @ 0xba70180a0] 5049        rbsp_alignment_zero_bit                                     0 = 0
[trace_headers @ 0xba70180a0] 5050        rbsp_alignment_zero_bit                                     0 = 0
[trace_headers @ 0xba70180a0] 5051        rbsp_alignment_zero_bit                                     0 = 0
[trace_headers @ 0xba70180a0] 5052        rbsp_alignment_zero_bit                                     0 = 0
[trace_headers @ 0xba70180a0] 5053        rbsp_alignment_zero_bit                                     0 = 0
[trace_headers @ 0xba70180a0] 5054        rbsp_alignment_zero_bit                                     0 = 0
[trace_headers @ 0xba70180a0] 5055        rbsp_alignment_zero_bit                                     0 = 0
[trace_headers @ 0xba70180a0] Slice Header
[trace_headers @ 0xba70180a0] 0           forbidden_zero_bit                                          0 = 0
[trace_headers @ 0xba70180a0] 1           nal_ref_idc                                                11 = 3
[trace_headers @ 0xba70180a0] 3           nal_unit_type                                           00101 = 5
[trace_headers @ 0xba70180a0] 8           first_mb_in_slice                                           1 = 0
[trace_headers @ 0xba70180a0] 9           slice_type                                            0001000 = 7
[trace_headers @ 0xba70180a0] 16          pic_parameter_set_id                                        1 = 0
[trace_headers @ 0xba70180a0] 17          frame_num                                                0000 = 0
[trace_headers @ 0xba70180a0] 21          idr_pic_id                                                  1 = 0
[trace_headers @ 0xba70180a0] 22          no_output_of_prior_pics_flag                                0 = 0
[trace_headers @ 0xba70180a0] 23          long_term_reference_flag                                    0 = 0
[trace_headers @ 0xba70180a0] 24          slice_qp_delta                                          00110 = 3
[trace_headers @ 0xba70180a0] 29          disable_deblocking_filter_idc                               1 = 0
[trace_headers @ 0xba70180a0] 30          slice_alpha_c0_offset_div2                                  1 = 0
[trace_headers @ 0xba70180a0] 31          slice_beta_offset_div2                                      1 = 0
[trace_headers @ 0xba70180a0] Packet: 561 bytes, no pts, dts 50000, duration 50000.
[trace_headers @ 0xba70180a0] Slice Header
[trace_headers @ 0xba70180a0] 0           forbidden_zero_bit                                          0 = 0
[trace_headers @ 0xba70180a0] 1           nal_ref_idc                                                10 = 2
[trace_headers @ 0xba70180a0] 3           nal_unit_type                                           00001 = 1
[trace_headers @ 0xba70180a0] 8           first_mb_in_slice                                           1 = 0
[trace_headers @ 0xba70180a0] 9           slice_type                                              00110 = 5
[trace_headers @ 0xba70180a0] 14          pic_parameter_set_id                                        1 = 0
[trace_headers @ 0xba70180a0] 15          frame_num                                                0001 = 1
[trace_headers @ 0xba70180a0] 19          num_ref_idx_active_override_flag                            0 = 0
[trace_headers @ 0xba70180a0] 20          ref_pic_list_modification_flag_l0                           0 = 0
[trace_headers @ 0xba70180a0] 21          adaptive_ref_pic_marking_mode_flag                          0 = 0
[trace_headers @ 0xba70180a0] 22          slice_qp_delta                                          00110 = 3
[trace_headers @ 0xba70180a0] 27          disable_deblocking_filter_idc                               1 = 0
[trace_headers @ 0xba70180a0] 28          slice_alpha_c0_offset_div2                                  1 = 0
[trace_headers @ 0xba70180a0] 29          slice_beta_offset_div2                                      1 = 0
[trace_headers @ 0xba70180a0] Packet: 731 bytes, no pts, dts 100001, duration 50000.
[trace_headers @ 0xba70180a0] Slice Header
[trace_headers @ 0xba70180a0] 0           forbidden_zero_bit                                          0 = 0
[trace_headers @ 0xba70180a0] 1           nal_ref_idc                                                10 = 2
[trace_headers @ 0xba70180a0] 3           nal_unit_type                                           00001 = 1
[trace_headers @ 0xba70180a0] 8           first_mb_in_slice                                           1 = 0
[trace_headers @ 0xba70180a0] 9           slice_type                                              00110 = 5
[trace_headers @ 0xba70180a0] 14          pic_parameter_set_id                                        1 = 0
[trace_headers @ 0xba70180a0] 15          frame_num                                                0010 = 2
[trace_headers @ 0xba70180a0] 19          num_ref_idx_active_override_flag                            0 = 0
[trace_headers @ 0xba70180a0] 20          ref_pic_list_modification_flag_l0                           0 = 0
[trace_headers @ 0xba70180a0] 21          adaptive_ref_pic_marking_mode_flag                          0 = 0
[trace_headers @ 0xba70180a0] 22          slice_qp_delta                                          00110 = 3
[trace_headers @ 0xba70180a0] 27          disable_deblocking_filter_idc                               1 = 0
[trace_headers @ 0xba70180a0] 28          slice_alpha_c0_offset_div2                                  1 = 0
[trace_headers @ 0xba70180a0] 29          slice_beta_offset_div2                                      1 = 0
[trace_headers @ 0xba70180a0] Packet: 698 bytes, no pts, dts 150001, duration 50000.
[trace_headers @ 0xba70180a0] Slice Header
[trace_headers @ 0xba70180a0] 0           forbidden_zero_bit                                          0 = 0
[trace_headers @ 0xba70180a0] 1           nal_ref_idc                                                10 = 2
[trace_headers @ 0xba70180a0] 3           nal_unit_type                                           00001 = 1
[trace_headers @ 0xba70180a0] 8           first_mb_in_slice                                           1 = 0
[trace_headers @ 0xba70180a0] 9           slice_type                                              00110 = 5
[trace_headers @ 0xba70180a0] 14          pic_parameter_set_id                                        1 = 0
[trace_headers @ 0xba70180a0] 15          frame_num                                                0011 = 3
[trace_headers @ 0xba70180a0] 19          num_ref_idx_active_override_flag                            0 = 0
[trace_headers @ 0xba70180a0] 20          ref_pic_list_modification_flag_l0                           0 = 0
[trace_headers @ 0xba70180a0] 21          adaptive_ref_pic_marking_mode_flag                          0 = 0
[trace_headers @ 0xba70180a0] 22          slice_qp_delta                                          00110 = 3
[trace_headers @ 0xba70180a0] 27          disable_deblocking_filter_idc                               1 = 0
[trace_headers @ 0xba70180a0] 28          slice_alpha_c0_offset_div2                                  1 = 0
[trace_headers @ 0xba70180a0] 29          slice_beta_offset_div2                                      1 = 0
[trace_headers @ 0xba70180a0] Packet: 681 bytes, no pts, dts 200002, duration 50000.
[trace_headers @ 0xba70180a0] Slice Header
[trace_headers @ 0xba70180a0] 0           forbidden_zero_bit                                          0 = 0
[trace_headers @ 0xba70180a0] 1           nal_ref_idc                                                10 = 2
[trace_headers @ 0xba70180a0] 3           nal_unit_type                                           00001 = 1
[trace_headers @ 0xba70180a0] 8           first_mb_in_slice                                           1 = 0
[trace_headers @ 0xba70180a0] 9           slice_type                                              00110 = 5
[trace_headers @ 0xba70180a0] 14          pic_parameter_set_id                                        1 = 0
[trace_headers @ 0xba70180a0] 15          frame_num                                                0100 = 4
[trace_headers @ 0xba70180a0] 19          num_ref_idx_active_override_flag                            0 = 0
[trace_headers @ 0xba70180a0] 20          ref_pic_list_modification_flag_l0                           0 = 0
[trace_headers @ 0xba70180a0] 21          adaptive_ref_pic_marking_mode_flag                          0 = 0
[trace_headers @ 0xba70180a0] 22          slice_qp_delta                                          00110 = 3
[trace_headers @ 0xba70180a0] 27          disable_deblocking_filter_idc                               1 = 0
[trace_headers @ 0xba70180a0] 28          slice_alpha_c0_offset_div2                                  1 = 0
[trace_headers @ 0xba70180a0] 29          slice_beta_offset_div2                                      1 = 0
[trace_headers @ 0xba70180a0] Packet: 712 bytes, no pts, dts 250002, duration 50000.
[trace_headers @ 0xba70180a0] Slice Header
[trace_headers @ 0xba70180a0] 0           forbidden_zero_bit                                          0 = 0
[trace_headers @ 0xba70180a0] 1           nal_ref_idc                                                10 = 2
[trace_headers @ 0xba70180a0] 3           nal_unit_type                                           00001 = 1
[trace_headers @ 0xba70180a0] 8           first_mb_in_slice                                           1 = 0
[trace_headers @ 0xba70180a0] 9           slice_type                                              00110 = 5
[trace_headers @ 0xba70180a0] 14          pic_parameter_set_id                                        1 = 0
[trace_headers @ 0xba70180a0] 15          frame_num                                                0101 = 5
[trace_headers @ 0xba70180a0] 19          num_ref_idx_active_override_flag                            0 = 0
[trace_headers @ 0xba70180a0] 20          ref_pic_list_modification_flag_l0                           0 = 0
[trace_headers @ 0xba70180a0] 21          adaptive_ref_pic_marking_mode_flag                          0 = 0
[trace_headers @ 0xba70180a0] 22          slice_qp_delta                                          00110 = 3
[trace_headers @ 0xba70180a0] 27          disable_deblocking_filter_idc                               1 = 0
[trace_headers @ 0xba70180a0] 28          slice_alpha_c0_offset_div2                                  1 = 0
[trace_headers @ 0xba70180a0] 29          slice_beta_offset_div2                                      1 = 0
[trace_headers @ 0xba70180a0] Packet: 655 bytes, no pts, dts 300002, duration 50000.
[trace_headers @ 0xba70180a0] Slice Header
[trace_headers @ 0xba70180a0] 0           forbidden_zero_bit                                          0 = 0
[trace_headers @ 0xba70180a0] 1           nal_ref_idc                                                10 = 2
[trace_headers @ 0xba70180a0] 3           nal_unit_type                                           00001 = 1
[trace_headers @ 0xba70180a0] 8           first_mb_in_slice                                           1 = 0
[trace_headers @ 0xba70180a0] 9           slice_type                                              00110 = 5
[trace_headers @ 0xba70180a0] 14          pic_parameter_set_id                                        1 = 0
[trace_headers @ 0xba70180a0] 15          frame_num                                                0110 = 6
[trace_headers @ 0xba70180a0] 19          num_ref_idx_active_override_flag                            0 = 0
[trace_headers @ 0xba70180a0] 20          ref_pic_list_modification_flag_l0                           0 = 0
[trace_headers @ 0xba70180a0] 21          adaptive_ref_pic_marking_mode_flag                          0 = 0
[trace_headers @ 0xba70180a0] 22          slice_qp_delta                                          00100 = 2
[trace_headers @ 0xba70180a0] 27          disable_deblocking_filter_idc                               1 = 0
[trace_headers @ 0xba70180a0] 28          slice_alpha_c0_offset_div2                                  1 = 0
[trace_headers @ 0xba70180a0] 29          slice_beta_offset_div2                                      1 = 0
[trace_headers @ 0xba70180a0] Packet: 609 bytes, no pts, dts 350003, duration 50000.
[trace_headers @ 0xba70180a0] Slice Header
[trace_headers @ 0xba70180a0] 0           forbidden_zero_bit                                          0 = 0
[trace_headers @ 0xba70180a0] 1           nal_ref_idc                                                10 = 2
[trace_headers @ 0xba70180a0] 3           nal_unit_type                                           00001 = 1
[trace_headers @ 0xba70180a0] 8           first_mb_in_slice                                           1 = 0
[trace_headers @ 0xba70180a0] 9           slice_type                                              00110 = 5
[trace_headers @ 0xba70180a0] 14          pic_parameter_set_id                                        1 = 0
[trace_headers @ 0xba70180a0] 15          frame_num                                                0111 = 7
[trace_headers @ 0xba70180a0] 19          num_ref_idx_active_override_flag                            0 = 0
[trace_headers @ 0xba70180a0] 20          ref_pic_list_modification_flag_l0                           0 = 0
[trace_headers @ 0xba70180a0] 21          adaptive_ref_pic_marking_mode_flag                          0 = 0
[trace_headers @ 0xba70180a0] 22          slice_qp_delta                                          00100 = 2
[trace_headers @ 0xba70180a0] 27          disable_deblocking_filter_idc                               1 = 0
[trace_headers @ 0xba70180a0] 28          slice_alpha_c0_offset_div2                                  1 = 0
[trace_headers @ 0xba70180a0] 29          slice_beta_offset_div2                                      1 = 0
[trace_headers @ 0xba70180a0] Packet: 739 bytes, no pts, dts 400003, duration 50000.
[trace_headers @ 0xba70180a0] Slice Header
[trace_headers @ 0xba70180a0] 0           forbidden_zero_bit                                          0 = 0
[trace_headers @ 0xba70180a0] 1           nal_ref_idc                                                10 = 2
[trace_headers @ 0xba70180a0] 3           nal_unit_type                                           00001 = 1
[trace_headers @ 0xba70180a0] 8           first_mb_in_slice                                           1 = 0
[trace_headers @ 0xba70180a0] 9           slice_type                                              00110 = 5
[trace_headers @ 0xba70180a0] 14          pic_parameter_set_id                                        1 = 0
[trace_headers @ 0xba70180a0] 15          frame_num                                                1000 = 8
[trace_headers @ 0xba70180a0] 19          num_ref_idx_active_override_flag                            0 = 0
[trace_headers @ 0xba70180a0] 20          ref_pic_list_modification_flag_l0                           0 = 0
[trace_headers @ 0xba70180a0] 21          adaptive_ref_pic_marking_mode_flag                          0 = 0
[trace_headers @ 0xba70180a0] 22          slice_qp_delta                                          00100 = 2
[trace_headers @ 0xba70180a0] 27          disable_deblocking_filter_idc                               1 = 0
[trace_headers @ 0xba70180a0] 28          slice_alpha_c0_offset_div2                                  1 = 0
[trace_headers @ 0xba70180a0] 29          slice_beta_offset_div2                                      1 = 0
[trace_headers @ 0xba70180a0] Packet: 626 bytes, no pts, dts 450004, duration 50000.
[trace_headers @ 0xba70180a0] Slice Header
[trace_headers @ 0xba70180a0] 0           forbidden_zero_bit                                          0 = 0
[trace_headers @ 0xba70180a0] 1           nal_ref_idc                                                10 = 2
[trace_headers @ 0xba70180a0] 3           nal_unit_type                                           00001 = 1
[trace_headers @ 0xba70180a0] 8           first_mb_in_slice                                           1 = 0
[trace_headers @ 0xba70180a0] 9           slice_type                                              00110 = 5
[trace_headers @ 0xba70180a0] 14          pic_parameter_set_id                                        1 = 0
[trace_headers @ 0xba70180a0] 15          frame_num                                                1001 = 9
[trace_headers @ 0xba70180a0] 19          num_ref_idx_active_override_flag                            0 = 0
[trace_headers @ 0xba70180a0] 20          ref_pic_list_modification_flag_l0                           0 = 0
[trace_headers @ 0xba70180a0] 21          adaptive_ref_pic_marking_mode_flag                          0 = 0
[trace_headers @ 0xba70180a0] 22          slice_qp_delta                                          00110 = 3
[trace_headers @ 0xba70180a0] 27          disable_deblocking_filter_idc                               1 = 0
[trace_headers @ 0xba70180a0] 28          slice_alpha_c0_offset_div2                                  1 = 0
[trace_headers @ 0xba70180a0] 29          slice_beta_offset_div2                                      1 = 0
[trace_headers @ 0xba70180a0] Packet: 794 bytes, no pts, dts 500004, duration 50000.
[trace_headers @ 0xba70180a0] Slice Header
[trace_headers @ 0xba70180a0] 0           forbidden_zero_bit                                          0 = 0
[trace_headers @ 0xba70180a0] 1           nal_ref_idc                                                10 = 2
[trace_headers @ 0xba70180a0] 3           nal_unit_type                                           00001 = 1
[trace_headers @ 0xba70180a0] 8           first_mb_in_slice                                           1 = 0
[trace_headers @ 0xba70180a0] 9           slice_type                                              00110 = 5
[trace_headers @ 0xba70180a0] 14          pic_parameter_set_id                                        1 = 0
[trace_headers @ 0xba70180a0] 15          frame_num                                                1010 = 10
[trace_headers @ 0xba70180a0] 19          num_ref_idx_active_override_flag                            0 = 0
[trace_headers @ 0xba70180a0] 20          ref_pic_list_modification_flag_l0                           0 = 0
[trace_headers @ 0xba70180a0] 21          adaptive_ref_pic_marking_mode_flag                          0 = 0
[trace_headers @ 0xba70180a0] 22          slice_qp_delta                                          00110 = 3
[trace_headers @ 0xba70180a0] 27          disable_deblocking_filter_idc                               1 = 0
[trace_headers @ 0xba70180a0] 28          slice_alpha_c0_offset_div2                                  1 = 0
[trace_headers @ 0xba70180a0] 29          slice_beta_offset_div2                                      1 = 0
[trace_headers @ 0xba70180a0] Packet: 797 bytes, no pts, dts 550004, duration 50000.
[trace_headers @ 0xba70180a0] Slice Header
[trace_headers @ 0xba70180a0] 0           forbidden_zero_bit                                          0 = 0
[trace_headers @ 0xba70180a0] 1           nal_ref_idc                                                10 = 2
[trace_headers @ 0xba70180a0] 3           nal_unit_type                                           00001 = 1
[trace_headers @ 0xba70180a0] 8           first_mb_in_slice                                           1 = 0
[trace_headers @ 0xba70180a0] 9           slice_type                                              00110 = 5
[trace_headers @ 0xba70180a0] 14          pic_parameter_set_id                                        1 = 0
[trace_headers @ 0xba70180a0] 15          frame_num                                                1011 = 11
[trace_headers @ 0xba70180a0] 19          num_ref_idx_active_override_flag                            0 = 0
[trace_headers @ 0xba70180a0] 20          ref_pic_list_modification_flag_l0                           0 = 0
[trace_headers @ 0xba70180a0] 21          adaptive_ref_pic_marking_mode_flag                          0 = 0
[trace_headers @ 0xba70180a0] 22          slice_qp_delta                                          00110 = 3
[trace_headers @ 0xba70180a0] 27          disable_deblocking_filter_idc                               1 = 0
[trace_headers @ 0xba70180a0] 28          slice_alpha_c0_offset_div2                                  1 = 0
[trace_headers @ 0xba70180a0] 29          slice_beta_offset_div2                                      1 = 0
[trace_headers @ 0xba70180a0] Packet: 757 bytes, no pts, dts 600005, duration 50000.
[trace_headers @ 0xba70180a0] Slice Header
[trace_headers @ 0xba70180a0] 0           forbidden_zero_bit                                          0 = 0
[trace_headers @ 0xba70180a0] 1           nal_ref_idc                                                10 = 2
[trace_headers @ 0xba70180a0] 3           nal_unit_type                                           00001 = 1
[trace_headers @ 0xba70180a0] 8           first_mb_in_slice                                           1 = 0
[trace_headers @ 0xba70180a0] 9           slice_type                                              00110 = 5
[trace_headers @ 0xba70180a0] 14          pic_parameter_set_id                                        1 = 0
[trace_headers @ 0xba70180a0] 15          frame_num                                                1100 = 12
[trace_headers @ 0xba70180a0] 19          num_ref_idx_active_override_flag                            0 = 0
[trace_headers @ 0xba70180a0] 20          ref_pic_list_modification_flag_l0                           0 = 0
[trace_headers @ 0xba70180a0] 21          adaptive_ref_pic_marking_mode_flag                          0 = 0
[trace_headers @ 0xba70180a0] 22          slice_qp_delta                                          00110 = 3
[trace_headers @ 0xba70180a0] 27          disable_deblocking_filter_idc                               1 = 0
[trace_headers @ 0xba70180a0] 28          slice_alpha_c0_offset_div2                                  1 = 0
[trace_headers @ 0xba70180a0] 29          slice_beta_offset_div2                                      1 = 0
[trace_headers @ 0xba70180a0] Packet: 557 bytes, no pts, dts 650005, duration 50000.
[trace_headers @ 0xba70180a0] Slice Header
[trace_headers @ 0xba70180a0] 0           forbidden_zero_bit                                          0 = 0
[trace_headers @ 0xba70180a0] 1           nal_ref_idc                                                10 = 2
[trace_headers @ 0xba70180a0] 3           nal_unit_type                                           00001 = 1
[trace_headers @ 0xba70180a0] 8           first_mb_in_slice                                           1 = 0
[trace_headers @ 0xba70180a0] 9           slice_type                                              00110 = 5
[trace_headers @ 0xba70180a0] 14          pic_parameter_set_id                                        1 = 0
[trace_headers @ 0xba70180a0] 15          frame_num                                                1101 = 13
[trace_headers @ 0xba70180a0] 19          num_ref_idx_active_override_flag                            0 = 0
[trace_headers @ 0xba70180a0] 20          ref_pic_list_modification_flag_l0                           0 = 0
[trace_headers @ 0xba70180a0] 21          adaptive_ref_pic_marking_mode_flag                          0 = 0
[trace_headers @ 0xba70180a0] 22          slice_qp_delta                                          00110 = 3
[trace_headers @ 0xba70180a0] 27          disable_deblocking_filter_idc                               1 = 0
[trace_headers @ 0xba70180a0] 28          slice_alpha_c0_offset_div2                                  1 = 0
[trace_headers @ 0xba70180a0] 29          slice_beta_offset_div2                                      1 = 0
[trace_headers @ 0xba70180a0] Packet: 820 bytes, no pts, dts 700006, duration 50000.
[trace_headers @ 0xba70180a0] Slice Header
[trace_headers @ 0xba70180a0] 0           forbidden_zero_bit                                          0 = 0
[trace_headers @ 0xba70180a0] 1           nal_ref_idc                                                10 = 2
[trace_headers @ 0xba70180a0] 3           nal_unit_type                                           00001 = 1
[trace_headers @ 0xba70180a0] 8           first_mb_in_slice                                           1 = 0
[trace_headers @ 0xba70180a0] 9           slice_type                                              00110 = 5
[trace_headers @ 0xba70180a0] 14          pic_parameter_set_id                                        1 = 0
[trace_headers @ 0xba70180a0] 15          frame_num                                                1110 = 14
[trace_headers @ 0xba70180a0] 19          num_ref_idx_active_override_flag                            0 = 0
[trace_headers @ 0xba70180a0] 20          ref_pic_list_modification_flag_l0                           0 = 0
[trace_headers @ 0xba70180a0] 21          adaptive_ref_pic_marking_mode_flag                          0 = 0
[trace_headers @ 0xba70180a0] 22          slice_qp_delta                                        0001000 = 4
[trace_headers @ 0xba70180a0] 29          disable_deblocking_filter_idc                               1 = 0
[trace_headers @ 0xba70180a0] 30          slice_alpha_c0_offset_div2                                  1 = 0
[trace_headers @ 0xba70180a0] 31          slice_beta_offset_div2                                      1 = 0
[trace_headers @ 0xba70180a0] Packet: 650 bytes, no pts, dts 750006, duration 50000.
[trace_headers @ 0xba70180a0] Slice Header
[trace_headers @ 0xba70180a0] 0           forbidden_zero_bit                                          0 = 0
[trace_headers @ 0xba70180a0] 1           nal_ref_idc                                                10 = 2
[trace_headers @ 0xba70180a0] 3           nal_unit_type                                           00001 = 1
[trace_headers @ 0xba70180a0] 8           first_mb_in_slice                                           1 = 0
[trace_headers @ 0xba70180a0] 9           slice_type                                              00110 = 5
[trace_headers @ 0xba70180a0] 14          pic_parameter_set_id                                        1 = 0
[trace_headers @ 0xba70180a0] 15          frame_num                                                1111 = 15
[trace_headers @ 0xba70180a0] 19          num_ref_idx_active_override_flag                            0 = 0
[trace_headers @ 0xba70180a0] 20          ref_pic_list_modification_flag_l0                           0 = 0
[trace_headers @ 0xba70180a0] 21          adaptive_ref_pic_marking_mode_flag                          0 = 0
[trace_headers @ 0xba70180a0] 22          slice_qp_delta                                        0001000 = 4
[trace_headers @ 0xba70180a0] 29          disable_deblocking_filter_idc                               1 = 0
[trace_headers @ 0xba70180a0] 30          slice_alpha_c0_offset_div2                                  1 = 0
[trace_headers @ 0xba70180a0] 31          slice_beta_offset_div2                                      1 = 0
[trace_headers @ 0xba70180a0] Packet: 532 bytes, no pts, dts 800006, duration 50000.
[trace_headers @ 0xba70180a0] Slice Header
[trace_headers @ 0xba70180a0] 0           forbidden_zero_bit                                          0 = 0
[trace_headers @ 0xba70180a0] 1           nal_ref_idc                                                10 = 2
[trace_headers @ 0xba70180a0] 3           nal_unit_type                                           00001 = 1
[trace_headers @ 0xba70180a0] 8           first_mb_in_slice                                           1 = 0
[trace_headers @ 0xba70180a0] 9           slice_type                                              00110 = 5
[trace_headers @ 0xba70180a0] 14          pic_parameter_set_id                                        1 = 0
[trace_headers @ 0xba70180a0] 15          frame_num                                                0000 = 0
[trace_headers @ 0xba70180a0] 19          num_ref_idx_active_override_flag                            0 = 0
[trace_headers @ 0xba70180a0] 20          ref_pic_list_modification_flag_l0                           0 = 0
[trace_headers @ 0xba70180a0] 21          adaptive_ref_pic_marking_mode_flag                          0 = 0
[trace_headers @ 0xba70180a0] 22          slice_qp_delta                                        0001000 = 4
[trace_headers @ 0xba70180a0] 29          disable_deblocking_filter_idc                               1 = 0
[trace_headers @ 0xba70180a0] 30          slice_alpha_c0_offset_div2                                  1 = 0
[trace_headers @ 0xba70180a0] 31          slice_beta_offset_div2                                      1 = 0
[in#0/h264 @ 0xba6c10000] EOF while reading input
[in#0/h264 @ 0xba6c10000] Terminating thread with return code 0 (success)
[trace_headers @ 0xba70180a0] Packet: 880 bytes, no pts, dts 850007, duration 50000.
[trace_headers @ 0xba70180a0] Slice Header
[trace_headers @ 0xba70180a0] 0           forbidden_zero_bit                                          0 = 0
[trace_headers @ 0xba70180a0] 1           nal_ref_idc                                                10 = 2
[trace_headers @ 0xba70180a0] 3           nal_unit_type                                           00001 = 1
[trace_headers @ 0xba70180a0] 8           first_mb_in_slice                                           1 = 0
[trace_headers @ 0xba70180a0] 9           slice_type                                              00110 = 5
[trace_headers @ 0xba70180a0] 14          pic_parameter_set_id                                        1 = 0
[trace_headers @ 0xba70180a0] 15          frame_num                                                0001 = 1
[trace_headers @ 0xba70180a0] 19          num_ref_idx_active_override_flag                            0 = 0
[trace_headers @ 0xba70180a0] 20          ref_pic_list_modification_flag_l0                           0 = 0
[trace_headers @ 0xba70180a0] 21          adaptive_ref_pic_marking_mode_flag                          0 = 0
[trace_headers @ 0xba70180a0] 22          slice_qp_delta                                        0001010 = 5
[trace_headers @ 0xba70180a0] 29          disable_deblocking_filter_idc                               1 = 0
[trace_headers @ 0xba70180a0] 30          slice_alpha_c0_offset_div2                                  1 = 0
[trace_headers @ 0xba70180a0] 31          slice_beta_offset_div2                                      1 = 0
[trace_headers @ 0xba70180a0] Packet: 578 bytes, no pts, dts 900007, duration 50000.
[trace_headers @ 0xba70180a0] Slice Header
[trace_headers @ 0xba70180a0] 0           forbidden_zero_bit                                          0 = 0
[trace_headers @ 0xba70180a0] 1           nal_ref_idc                                                10 = 2
[trace_headers @ 0xba70180a0] 3           nal_unit_type                                           00001 = 1
[trace_headers @ 0xba70180a0] 8           first_mb_in_slice                                           1 = 0
[trace_headers @ 0xba70180a0] 9           slice_type                                              00110 = 5
[trace_headers @ 0xba70180a0] 14          pic_parameter_set_id                                        1 = 0
[trace_headers @ 0xba70180a0] 15          frame_num                                                0010 = 2
[trace_headers @ 0xba70180a0] 19          num_ref_idx_active_override_flag                            0 = 0
[trace_headers @ 0xba70180a0] 20          ref_pic_list_modification_flag_l0                           0 = 0
[trace_headers @ 0xba70180a0] 21          adaptive_ref_pic_marking_mode_flag                          0 = 0
[trace_headers @ 0xba70180a0] 22          slice_qp_delta                                        0001010 = 5
[trace_headers @ 0xba70180a0] 29          disable_deblocking_filter_idc                               1 = 0
[trace_headers @ 0xba70180a0] 30          slice_alpha_c0_offset_div2                                  1 = 0
[trace_headers @ 0xba70180a0] 31          slice_beta_offset_div2                                      1 = 0
[trace_headers @ 0xba70180a0] Packet: 527 bytes, no pts, dts 950008, duration 50000.
[trace_headers @ 0xba70180a0] Slice Header
[trace_headers @ 0xba70180a0] 0           forbidden_zero_bit                                          0 = 0
[trace_headers @ 0xba70180a0] 1           nal_ref_idc                                                10 = 2
[trace_headers @ 0xba70180a0] 3           nal_unit_type                                           00001 = 1
[trace_headers @ 0xba70180a0] 8           first_mb_in_slice                                           1 = 0
[trace_headers @ 0xba70180a0] 9           slice_type                                              00110 = 5
[trace_headers @ 0xba70180a0] 14          pic_parameter_set_id                                        1 = 0
[trace_headers @ 0xba70180a0] 15          frame_num                                                0011 = 3
[trace_headers @ 0xba70180a0] 19          num_ref_idx_active_override_flag                            0 = 0
[trace_headers @ 0xba70180a0] 20          ref_pic_list_modification_flag_l0                           0 = 0
[trace_headers @ 0xba70180a0] 21          adaptive_ref_pic_marking_mode_flag                          0 = 0
[trace_headers @ 0xba70180a0] 22          slice_qp_delta                                        0001100 = 6
[trace_headers @ 0xba70180a0] 29          disable_deblocking_filter_idc                               1 = 0
[trace_headers @ 0xba70180a0] 30          slice_alpha_c0_offset_div2                                  1 = 0
[trace_headers @ 0xba70180a0] 31          slice_beta_offset_div2                                      1 = 0
[trace_headers @ 0xba70180a0] Packet: 848 bytes, no pts, dts 1000008, duration 50000.
[trace_headers @ 0xba70180a0] Slice Header
[trace_headers @ 0xba70180a0] 0           forbidden_zero_bit                                          0 = 0
[trace_headers @ 0xba70180a0] 1           nal_ref_idc                                                10 = 2
[trace_headers @ 0xba70180a0] 3           nal_unit_type                                           00001 = 1
[trace_headers @ 0xba70180a0] 8           first_mb_in_slice                                           1 = 0
[trace_headers @ 0xba70180a0] 9           slice_type                                              00110 = 5
[trace_headers @ 0xba70180a0] 14          pic_parameter_set_id                                        1 = 0
[trace_headers @ 0xba70180a0] 15          frame_num                                                0100 = 4
[trace_headers @ 0xba70180a0] 19          num_ref_idx_active_override_flag                            0 = 0
[trace_headers @ 0xba70180a0] 20          ref_pic_list_modification_flag_l0                           0 = 0
[trace_headers @ 0xba70180a0] 21          adaptive_ref_pic_marking_mode_flag                          0 = 0
[trace_headers @ 0xba70180a0] 22          slice_qp_delta                                        0001100 = 6
[trace_headers @ 0xba70180a0] 29          disable_deblocking_filter_idc                               1 = 0
[trace_headers @ 0xba70180a0] 30          slice_alpha_c0_offset_div2                                  1 = 0
[trace_headers @ 0xba70180a0] 31          slice_beta_offset_div2                                      1 = 0
[trace_headers @ 0xba70180a0] Packet: 630 bytes, no pts, dts 1050008, duration 50000.
[trace_headers @ 0xba70180a0] Slice Header
[trace_headers @ 0xba70180a0] 0           forbidden_zero_bit                                          0 = 0
[trace_headers @ 0xba70180a0] 1           nal_ref_idc                                                10 = 2
[trace_headers @ 0xba70180a0] 3           nal_unit_type                                           00001 = 1
[trace_headers @ 0xba70180a0] 8           first_mb_in_slice                                           1 = 0
[trace_headers @ 0xba70180a0] 9           slice_type                                              00110 = 5
[trace_headers @ 0xba70180a0] 14          pic_parameter_set_id                                        1 = 0
[trace_headers @ 0xba70180a0] 15          frame_num                                                0101 = 5
[trace_headers @ 0xba70180a0] 19          num_ref_idx_active_override_flag                            0 = 0
[trace_headers @ 0xba70180a0] 20          ref_pic_list_modification_flag_l0                           0 = 0
[trace_headers @ 0xba70180a0] 21          adaptive_ref_pic_marking_mode_flag                          0 = 0
[trace_headers @ 0xba70180a0] 22          slice_qp_delta                                        0001110 = 7
[trace_headers @ 0xba70180a0] 29          disable_deblocking_filter_idc                               1 = 0
[trace_headers @ 0xba70180a0] 30          slice_alpha_c0_offset_div2                                  1 = 0
[trace_headers @ 0xba70180a0] 31          slice_beta_offset_div2                                      1 = 0
[trace_headers @ 0xba70180a0] Packet: 680 bytes, no pts, dts 1100009, duration 50000.
[trace_headers @ 0xba70180a0] Slice Header
[trace_headers @ 0xba70180a0] 0           forbidden_zero_bit                                          0 = 0
[trace_headers @ 0xba70180a0] 1           nal_ref_idc                                                10 = 2
[trace_headers @ 0xba70180a0] 3           nal_unit_type                                           00001 = 1
[trace_headers @ 0xba70180a0] 8           first_mb_in_slice                                           1 = 0
[trace_headers @ 0xba70180a0] 9           slice_type                                              00110 = 5
[trace_headers @ 0xba70180a0] 14          pic_parameter_set_id                                        1 = 0
[trace_headers @ 0xba70180a0] 15          frame_num                                                0110 = 6
[trace_headers @ 0xba70180a0] 19          num_ref_idx_active_override_flag                            0 = 0
[trace_headers @ 0xba70180a0] 20          ref_pic_list_modification_flag_l0                           0 = 0
[trace_headers @ 0xba70180a0] 21          adaptive_ref_pic_marking_mode_flag                          0 = 0
[trace_headers @ 0xba70180a0] 22          slice_qp_delta                                      000010000 = 8
[trace_headers @ 0xba70180a0] 31          disable_deblocking_filter_idc                               1 = 0
[trace_headers @ 0xba70180a0] 32          slice_alpha_c0_offset_div2                                  1 = 0
[trace_headers @ 0xba70180a0] 33          slice_beta_offset_div2                                      1 = 0
[trace_headers @ 0xba70180a0] Packet: 733 bytes, no pts, dts 1150009, duration 50000.
[trace_headers @ 0xba70180a0] Slice Header
[trace_headers @ 0xba70180a0] 0           forbidden_zero_bit                                          0 = 0
[trace_headers @ 0xba70180a0] 1           nal_ref_idc                                                10 = 2
[trace_headers @ 0xba70180a0] 3           nal_unit_type                                           00001 = 1
[trace_headers @ 0xba70180a0] 8           first_mb_in_slice                                           1 = 0
[trace_headers @ 0xba70180a0] 9           slice_type                                              00110 = 5
[trace_headers @ 0xba70180a0] 14          pic_parameter_set_id                                        1 = 0
[trace_headers @ 0xba70180a0] 15          frame_num                                                0111 = 7
[trace_headers @ 0xba70180a0] 19          num_ref_idx_active_override_flag                            0 = 0
[trace_headers @ 0xba70180a0] 20          ref_pic_list_modification_flag_l0                           0 = 0
[trace_headers @ 0xba70180a0] 21          adaptive_ref_pic_marking_mode_flag                          0 = 0
[trace_headers @ 0xba70180a0] 22          slice_qp_delta                                      000010100 = 10
[trace_headers @ 0xba70180a0] 31          disable_deblocking_filter_idc                               1 = 0
[trace_headers @ 0xba70180a0] 32          slice_alpha_c0_offset_div2                                  1 = 0
[trace_headers @ 0xba70180a0] 33          slice_beta_offset_div2                                      1 = 0
[out#0/null @ 0xba7064240] All streams finished
[out#0/null @ 0xba7064240] Terminating thread with return code 0 (success)
[out#0/null @ 0xba7064240] Output file #0 (pipe:):
[out#0/null @ 0xba7064240]   Output stream #0:0 (video): 24 packets muxed (18837 bytes); 
[out#0/null @ 0xba7064240]   Total: 24 packets (18837 bytes) muxed
[out#0/null @ 0xba7064240] video:18KiB audio:0KiB subtitle:0KiB other streams:0KiB global headers:0KiB muxing overhead: unknown
frame=   24 fps=0.0 q=-1.0 Lsize=N/A time=N/A bitrate=N/A speed=N/A elapsed=0:00:00.00    
[in#0/h264 @ 0xba6c10000] Input file #0 (research/items/R121.native-reference-state-capsules-for-fast-seeking/evidence/20260919T225800Z-ipcm-reference/source.h264):
[in#0/h264 @ 0xba6c10000]   Input stream #0:0 (video): 24 packets read (18837 bytes); 
[in#0/h264 @ 0xba6c10000]   Total: 24 packets (18837 bytes) demuxed
[AVIOContext @ 0xba6c10140] Statistics: 18837 bytes read, 0 seeks

Exiting with exit code 0
