initial_rank	priority_band	legacy_id	identity_branch	key	title	family	target_relevance	impact	screen_effort	qualification_burden	local_screen_state	definition_status	primary_metric	default_next_action	minimum_probe	negative_control	reopen_condition
1	1	R07	proposal	R007.close-the-hevc-in-ts-browser-owned-construction-gap	Close the HEVC-in-TS browser-owned construction gap	route	core-playback	5	E0	Q3	UNSCREENED	SOURCE_BODY_AVAILABLE	Correct additional admitted source/destination capability; otherwise full startup and CPU/resource cost.	Trace actual input representation, requested tracks/features, current accepted plan and the decoder boundary. Check whether this adapter or destination is already used.	Prerequisite-only first: Exact destination/configuration and existing source/worker assets; feature availability is not a pass for the complete route. If absent, record HOLD_ENV; if present, decide whether the small probe is warranted. Use one tiny admitted source plus one unsupported/near-boundary control through the existing destination or adapter; compare required output identity with the cheapest correct route. No broad codec port.	Alter one admission-critical configuration, remove a required dependency, or preserve video while making selected audio unsupported. Candidate must reject or use a declared fallback.	A new applicable workload, resolved prerequisite, better independent oracle, or materially different bounded implementation changes the recorded decision.
2	1	R262	report-defined	R262.configuration-interval-seek	configuration-interval seek	route	core-playback	5	E0	Q3	UNSCREENED	SOURCE_BODY_AVAILABLE	Correct additional admitted source/destination capability; otherwise full startup and CPU/resource cost.	Trace actual input representation, requested tracks/features, current accepted plan and the decoder boundary. Check whether this adapter or destination is already used.	Prerequisite-only first: Exact destination/configuration and existing source/worker assets; feature availability is not a pass for the complete route. If absent, record HOLD_ENV; if present, decide whether the small probe is warranted. Use one tiny admitted source plus one unsupported/near-boundary control through the existing destination or adapter; compare required output identity with the cheapest correct route. No broad codec port.	Alter one admission-critical configuration, remove a required dependency, or preserve video while making selected audio unsupported. Candidate must reject or use a declared fallback.	A new applicable workload, resolved prerequisite, better independent oracle, or materially different bounded implementation changes the recorded decision.
3	1	R332	proposal	R332.normalize-vp9-superframes-at-the-decoder-boundary-not-globally	Normalize VP9 superframes at the decoder boundary, not globally	route	core-playback	5	E0	Q3	UNSCREENED	SOURCE_BODY_AVAILABLE	Correct additional admitted source/destination capability; otherwise full startup and CPU/resource cost.	Trace actual input representation, requested tracks/features, current accepted plan and the decoder boundary. Check whether this adapter or destination is already used.	Prerequisite-only first: Exact destination/configuration and existing source/worker assets; feature availability is not a pass for the complete route. If absent, record HOLD_ENV; if present, decide whether the small probe is warranted. Use one tiny admitted source plus one unsupported/near-boundary control through the existing destination or adapter; compare required output identity with the cheapest correct route. No broad codec port.	Alter one admission-critical configuration, remove a required dependency, or preserve video while making selected audio unsupported. Candidate must reject or use a declared fallback.	A new applicable workload, resolved prerequisite, better independent oracle, or materially different bounded implementation changes the recorded decision.
4	1	R343	proposal	R343.unwrap-aac-latm-into-a-browser-decoded-audio-route	Unwrap AAC-LATM into a browser-decoded audio route	route	core-playback	5	E0	Q3	UNSCREENED	SOURCE_BODY_AVAILABLE	Correct additional admitted source/destination capability; otherwise full startup and CPU/resource cost.	Trace actual input representation, requested tracks/features, current accepted plan and the decoder boundary. Check whether this adapter or destination is already used.	Prerequisite-only first: Exact destination/configuration and existing source/worker assets; feature availability is not a pass for the complete route. If absent, record HOLD_ENV; if present, decide whether the small probe is warranted. Use one tiny admitted source plus one unsupported/near-boundary control through the existing destination or adapter; compare required output identity with the cheapest correct route. No broad codec port.	Alter one admission-critical configuration, remove a required dependency, or preserve video while making selected audio unsupported. Candidate must reject or use a declared fallback.	A new applicable workload, resolved prerequisite, better independent oracle, or materially different bounded implementation changes the recorded decision.
5	1	R355	proposal	R355.preserve-native-playback-when-an-mpeg-ts-track-changes-packet-identifier	Preserve native playback when an MPEG-TS track changes packet identifier	route	core-playback	5	E0	Q3	UNSCREENED	SOURCE_BODY_AVAILABLE	Correct additional admitted source/destination capability; otherwise full startup and CPU/resource cost.	Trace actual input representation, requested tracks/features, current accepted plan and the decoder boundary. Check whether this adapter or destination is already used.	Prerequisite-only first: Exact destination/configuration and existing source/worker assets; feature availability is not a pass for the complete route. If absent, record HOLD_ENV; if present, decide whether the small probe is warranted. Use one tiny admitted source plus one unsupported/near-boundary control through the existing destination or adapter; compare required output identity with the cheapest correct route. No broad codec port.	Alter one admission-critical configuration, remove a required dependency, or preserve video while making selected audio unsupported. Candidate must reject or use a declared fallback.	A new applicable workload, resolved prerequisite, better independent oracle, or materially different bounded implementation changes the recorded decision.
6	1	R358	proposal	R358.unwrap-matroska-track-compression-before-choosing-a-decoder	Unwrap Matroska track compression before choosing a decoder	route	core-playback	5	E0	Q3	UNSCREENED	SOURCE_BODY_AVAILABLE	Correct additional admitted source/destination capability; otherwise full startup and CPU/resource cost.	Trace actual input representation, requested tracks/features, current accepted plan and the decoder boundary. Check whether this adapter or destination is already used.	Prerequisite-only first: Exact destination/configuration and existing source/worker assets; feature availability is not a pass for the complete route. If absent, record HOLD_ENV; if present, decide whether the small probe is warranted. Use one tiny admitted source plus one unsupported/near-boundary control through the existing destination or adapter; compare required output identity with the cheapest correct route. No broad codec port.	Alter one admission-critical configuration, remove a required dependency, or preserve video while making selected audio unsupported. Candidate must reject or use a declared fallback.	A new applicable workload, resolved prerequisite, better independent oracle, or materially different bounded implementation changes the recorded decision.
7	1	R363	proposal	R363.expose-prepared-fragments-as-a-native-hls-presentation	Expose prepared fragments as a native HLS presentation	route	core-playback	5	E0	Q4	UNSCREENED	SOURCE_BODY_AVAILABLE	Correct additional admitted source/destination capability; otherwise full startup and CPU/resource cost.	Trace actual input representation, requested tracks/features, current accepted plan and the decoder boundary. Check whether this adapter or destination is already used.	Prerequisite-only first: Exact destination/configuration and existing source/worker assets; feature availability is not a pass for the complete route. If absent, record HOLD_ENV; if present, decide whether the small probe is warranted. Use one tiny admitted source plus one unsupported/near-boundary control through the existing destination or adapter; compare required output identity with the cheapest correct route. No broad codec port.	Alter one admission-critical configuration, remove a required dependency, or preserve video while making selected audio unsupported. Candidate must reject or use a declared fallback.	A new applicable workload, resolved prerequisite, better independent oracle, or materially different bounded implementation changes the recorded decision.
8	1	R09	proposal	R009.pass-already-valid-fragmented-media-through-unchanged	Pass already-valid fragmented media through unchanged	route	core-playback	5	E1	Q3	UNSCREENED	SOURCE_BODY_AVAILABLE	Correct additional admitted source/destination capability; otherwise full startup and CPU/resource cost.	Trace actual input representation, requested tracks/features, current accepted plan and the decoder boundary. Check whether this adapter or destination is already used.	Use one tiny admitted source plus one unsupported/near-boundary control through the existing destination or adapter; compare required output identity with the cheapest correct route. No broad codec port.	Alter one admission-critical configuration, remove a required dependency, or preserve video while making selected audio unsupported. Candidate must reject or use a declared fallback.	A new applicable workload, resolved prerequisite, better independent oracle, or materially different bounded implementation changes the recorded decision.
9	1	R138	report-continuity	R138.one-sourcebuffer-different-codec-and-container.report-continuity	one SourceBuffer, different codec and container	lifecycle	core-playback	5	E1	Q4	UNSCREENED	SOURCE_BODY_AVAILABLE	User-visible operation latency, duplicated work or peak/steady live resource ownership; not object counts alone.	Trace the precise owner, generation, reset/flush/commit or allocation being changed. Reproduce the present behavior before removing any guard.	One short action trace through existing code with the candidate disabled/enabled; include the specific seek, cancellation or replacement transition it can affect.	Cancel or replace a source at the changed boundary and delay a stale callback/consumer; reject late publication and premature reuse.	A new applicable workload, resolved prerequisite, better independent oracle, or materially different bounded implementation changes the recorded decision.
10	1	R05	proposal	R005.move-mse-ownership-off-the-window-thread	Move MSE ownership off the window thread	tooling	core-playback	4	E0	Q2	UNSCREENED	SOURCE_BODY_AVAILABLE	Decision power, reproducibility or diagnostic cost without changing the measured player outcome.	Specify one concrete wrong-output or provenance failure the proposed tool must detect beyond the existing harness.	Prerequisite-only first: Existing fixtures and minimal observation surface; instrumentation overhead must be recorded separately. If absent, record HOLD_ENV; if present, decide whether the small probe is warranted. Inject that failure in a tiny known-good fixture, demonstrate detection and run an unchanged control; do not build a general research platform.	A different failure, stale source/hash or malformed record must not count as the intended finding.	A new applicable workload, resolved prerequisite, better independent oracle, or materially different bounded implementation changes the recorded decision.
11	1	R242	report-A	R242.keep-decoder-sessions-continuous-across-transport-and-mux-boundaries.report-a	Keep decoder sessions continuous across transport and mux boundaries	lifecycle	core-playback	4	E0	Q3	UNSCREENED	SOURCE_BODY_AVAILABLE	User-visible operation latency, duplicated work or peak/steady live resource ownership; not object counts alone.	Trace the precise owner, generation, reset/flush/commit or allocation being changed. Reproduce the present behavior before removing any guard.	Prerequisite-only first: Relevant existing runtime/owner only. Do not require every other backend to pass before this independent screen. If absent, record HOLD_ENV; if present, decide whether the small probe is warranted. One short action trace through existing code with the candidate disabled/enabled; include the specific seek, cancellation or replacement transition it can affect.	Cancel or replace a source at the changed boundary and delay a stale callback/consumer; reject late publication and premature reuse.	A new applicable workload, resolved prerequisite, better independent oracle, or materially different bounded implementation changes the recorded decision.
12	1	R295	proposal	R295.preserve-hardware-overlay-eligibility-through-subtitle-and-ui-composition	Preserve hardware-overlay eligibility through subtitle and UI composition	gpu	core-playback	4	E0	Q4	UNSCREENED	SOURCE_BODY_AVAILABLE	Complete decode/process/present cost, transfers, command work or peak live storage for identical requested output.	Identify the CPU/GPU representation boundary and actual useful work removed. Check existing renderer fusions, caches, kernel fast paths and hardware gates.	Prerequisite-only first: Actual required API/format for any GPU claim; CPU algebra is a separate component observation, not browser qualification. If absent, record HOLD_ENV; if present, decide whether the small probe is warranted. Small deterministic planes/blocks or an existing real frame with one adversarial edge. Use a bounded component test if GPU integration is not already available, labeling it as such.	Change stride, crop, phase, alpha, edge neighborhood or resource generation; exercise a case where the proposed shortcut is ineligible.	A new applicable workload, resolved prerequisite, better independent oracle, or materially different bounded implementation changes the recorded decision.
13	1	R335	proposal	R335.recover-the-gpu-presenter-without-reopening-healthy-decoders	Recover the GPU presenter without reopening healthy decoders	lifecycle	core-playback	4	E0	Q4	UNSCREENED	SOURCE_BODY_AVAILABLE	User-visible operation latency, duplicated work or peak/steady live resource ownership; not object counts alone.	Trace the precise owner, generation, reset/flush/commit or allocation being changed. Reproduce the present behavior before removing any guard.	Prerequisite-only first: Relevant existing runtime/owner only. Do not require every other backend to pass before this independent screen. If absent, record HOLD_ENV; if present, decide whether the small probe is warranted. One short action trace through existing code with the candidate disabled/enabled; include the specific seek, cancellation or replacement transition it can affect.	Cancel or replace a source at the changed boundary and delay a stale callback/consumer; reject late publication and premature reuse.	A new applicable workload, resolved prerequisite, better independent oracle, or materially different bounded implementation changes the recorded decision.
14	1	R353	proposal	R353.let-browser-managed-streaming-windows-control-remux-production	Let browser-managed streaming windows control remux production	lifecycle	core-playback	4	E0	Q4	UNSCREENED	SOURCE_BODY_AVAILABLE	User-visible operation latency, duplicated work or peak/steady live resource ownership; not object counts alone.	Trace the precise owner, generation, reset/flush/commit or allocation being changed. Reproduce the present behavior before removing any guard.	Prerequisite-only first: Relevant existing runtime/owner only. Do not require every other backend to pass before this independent screen. If absent, record HOLD_ENV; if present, decide whether the small probe is warranted. One short action trace through existing code with the candidate disabled/enabled; include the specific seek, cancellation or replacement transition it can affect.	Cancel or replace a source at the changed boundary and delay a stale callback/consumer; reject late publication and premature reuse.	A new applicable workload, resolved prerequisite, better independent oracle, or materially different bounded implementation changes the recorded decision.
15	1	R57	proposal	R057.probe-a-real-six-channel-native-flac-destination	Probe a real six-channel Native FLAC destination	route	conditional	5	E0	Q3	UNSCREENED	SOURCE_BODY_AVAILABLE	Correct additional admitted source/destination capability; otherwise full startup and CPU/resource cost.	Trace actual input representation, requested tracks/features, current accepted plan and the decoder boundary. Check whether this adapter or destination is already used.	Prerequisite-only first: Exact destination/configuration and existing source/worker assets; feature availability is not a pass for the complete route. If absent, record HOLD_ENV; if present, decide whether the small probe is warranted. Use one tiny admitted source plus one unsupported/near-boundary control through the existing destination or adapter; compare required output identity with the cheapest correct route. No broad codec port.	Alter one admission-critical configuration, remove a required dependency, or preserve video while making selected audio unsupported. Candidate must reject or use a declared fallback.	A new applicable workload, resolved prerequisite, better independent oracle, or materially different bounded implementation changes the recorded decision.
16	1	R88	proposal	R088.native-hls-playlist-views-over-compatible-existing-media	Native HLS playlist views over compatible existing media	route	conditional	5	E0	Q3	UNSCREENED	SOURCE_BODY_AVAILABLE	Correct additional admitted source/destination capability; otherwise full startup and CPU/resource cost.	Trace actual input representation, requested tracks/features, current accepted plan and the decoder boundary. Check whether this adapter or destination is already used.	Prerequisite-only first: Exact destination/configuration and existing source/worker assets; feature availability is not a pass for the complete route. If absent, record HOLD_ENV; if present, decide whether the small probe is warranted. Use one tiny admitted source plus one unsupported/near-boundary control through the existing destination or adapter; compare required output identity with the cheapest correct route. No broad codec port.	Alter one admission-critical configuration, remove a required dependency, or preserve video while making selected audio unsupported. Candidate must reject or use a declared fallback.	A new applicable workload, resolved prerequisite, better independent oracle, or materially different bounded implementation changes the recorded decision.
17	1	R183	report-defined	R183.native-color-with-separately-decoded-transparency	native color with separately decoded transparency	route	conditional	5	E0	Q3	UNSCREENED	SOURCE_BODY_AVAILABLE	Correct additional admitted source/destination capability; otherwise full startup and CPU/resource cost.	Trace actual input representation, requested tracks/features, current accepted plan and the decoder boundary. Check whether this adapter or destination is already used.	Prerequisite-only first: Exact destination/configuration and existing source/worker assets; feature availability is not a pass for the complete route. If absent, record HOLD_ENV; if present, decide whether the small probe is warranted. Use one tiny admitted source plus one unsupported/near-boundary control through the existing destination or adapter; compare required output identity with the cheapest correct route. No broad codec port.	Alter one admission-critical configuration, remove a required dependency, or preserve video while making selected audio unsupported. Candidate must reject or use a declared fallback.	A new applicable workload, resolved prerequisite, better independent oracle, or materially different bounded implementation changes the recorded decision.
18	1	R114	proposal	R114.use-webrtc-native-media-reception-as-a-packet-copy-destination	Use WebRTC native media reception as a packet-copy destination	route	conditional	5	E0	Q4	UNSCREENED	SOURCE_BODY_AVAILABLE	Correct additional admitted source/destination capability; otherwise full startup and CPU/resource cost.	Trace actual input representation, requested tracks/features, current accepted plan and the decoder boundary. Check whether this adapter or destination is already used.	Prerequisite-only first: Exact destination/configuration and existing source/worker assets; feature availability is not a pass for the complete route. If absent, record HOLD_ENV; if present, decide whether the small probe is warranted. Use one tiny admitted source plus one unsupported/near-boundary control through the existing destination or adapter; compare required output identity with the cheapest correct route. No broad codec port.	Alter one admission-critical configuration, remove a required dependency, or preserve video while making selected audio unsupported. Candidate must reject or use a declared fallback.	A new applicable workload, resolved prerequisite, better independent oracle, or materially different bounded implementation changes the recorded decision.
19	1	R176	report-defined	R176.jspi-backed-synchronous-wasm-i-o	JSPI-backed synchronous Wasm I/O	route	conditional	5	E0	Q4	UNSCREENED	SOURCE_BODY_AVAILABLE	Correct additional admitted source/destination capability; otherwise full startup and CPU/resource cost.	Trace actual input representation, requested tracks/features, current accepted plan and the decoder boundary. Check whether this adapter or destination is already used.	Prerequisite-only first: Exact destination/configuration and existing source/worker assets; feature availability is not a pass for the complete route. If absent, record HOLD_ENV; if present, decide whether the small probe is warranted. Use one tiny admitted source plus one unsupported/near-boundary control through the existing destination or adapter; compare required output identity with the cheapest correct route. No broad codec port.	Alter one admission-critical configuration, remove a required dependency, or preserve video while making selected audio unsupported. Candidate must reject or use a declared fallback.	A new applicable workload, resolved prerequisite, better independent oracle, or materially different bounded implementation changes the recorded decision.
20	1	R06	proposal	R006.offer-a-non-pthread-remux-path-without-isolation	Offer a non-pthread remux path without isolation	route	conditional	4	E0	Q3	UNSCREENED	SOURCE_BODY_AVAILABLE	Correct additional admitted source/destination capability; otherwise full startup and CPU/resource cost.	Trace actual input representation, requested tracks/features, current accepted plan and the decoder boundary. Check whether this adapter or destination is already used.	Prerequisite-only first: Exact destination/configuration and existing source/worker assets; feature availability is not a pass for the complete route. If absent, record HOLD_ENV; if present, decide whether the small probe is warranted. Use one tiny admitted source plus one unsupported/near-boundary control through the existing destination or adapter; compare required output identity with the cheapest correct route. No broad codec port.	Alter one admission-critical configuration, remove a required dependency, or preserve video while making selected audio unsupported. Candidate must reject or use a declared fallback.	A new applicable workload, resolved prerequisite, better independent oracle, or materially different bounded implementation changes the recorded decision.
21	1	R24	proposal	R024.compare-raw-yuv-videoframe-presentation-with-existing-software-output	Compare raw-YUV VideoFrame presentation with existing Software output	route	conditional	4	E0	Q3	UNSCREENED	SOURCE_BODY_AVAILABLE	Correct additional admitted source/destination capability; otherwise full startup and CPU/resource cost.	Trace actual input representation, requested tracks/features, current accepted plan and the decoder boundary. Check whether this adapter or destination is already used.	Prerequisite-only first: Exact destination/configuration and existing source/worker assets; feature availability is not a pass for the complete route. If absent, record HOLD_ENV; if present, decide whether the small probe is warranted. Use one tiny admitted source plus one unsupported/near-boundary control through the existing destination or adapter; compare required output identity with the cheapest correct route. No broad codec port.	Alter one admission-critical configuration, remove a required dependency, or preserve video while making selected audio unsupported. Candidate must reject or use a declared fallback.	A new applicable workload, resolved prerequisite, better independent oracle, or materially different bounded implementation changes the recorded decision.
22	1	R86	report-defined	R086.native-video-with-an-independent-generated-pcm-clock	Native video with an independent generated-PCM clock	route	conditional	4	E0	Q3	UNSCREENED	SOURCE_BODY_AVAILABLE	Correct additional admitted source/destination capability; otherwise full startup and CPU/resource cost.	Trace actual input representation, requested tracks/features, current accepted plan and the decoder boundary. Check whether this adapter or destination is already used.	Prerequisite-only first: Exact destination/configuration and existing source/worker assets; feature availability is not a pass for the complete route. If absent, record HOLD_ENV; if present, decide whether the small probe is warranted. Use one tiny admitted source plus one unsupported/near-boundary control through the existing destination or adapter; compare required output identity with the cheapest correct route. No broad codec port.	Alter one admission-critical configuration, remove a required dependency, or preserve video while making selected audio unsupported. Candidate must reject or use a declared fallback.	A new applicable workload, resolved prerequisite, better independent oracle, or materially different bounded implementation changes the recorded decision.
23	1	R97	proposal	R097.mux-color-and-alpha-into-native-transparent-webm	Mux color and alpha into native transparent WebM	route	conditional	4	E0	Q3	UNSCREENED	SOURCE_BODY_AVAILABLE	Correct additional admitted source/destination capability; otherwise full startup and CPU/resource cost.	Trace actual input representation, requested tracks/features, current accepted plan and the decoder boundary. Check whether this adapter or destination is already used.	Prerequisite-only first: Exact destination/configuration and existing source/worker assets; feature availability is not a pass for the complete route. If absent, record HOLD_ENV; if present, decide whether the small probe is warranted. Use one tiny admitted source plus one unsupported/near-boundary control through the existing destination or adapter; compare required output identity with the cheapest correct route. No broad codec port.	Alter one admission-critical configuration, remove a required dependency, or preserve video while making selected audio unsupported. Candidate must reject or use a declared fallback.	A new applicable workload, resolved prerequisite, better independent oracle, or materially different bounded implementation changes the recorded decision.
24	1	R160	proposal	R160.turn-a-whole-file-audio-decoder-into-a-bounded-streaming-component	Turn a whole-file audio decoder into a bounded streaming component	route	conditional	4	E0	Q3	UNSCREENED	CONVERSATION_SCOPE_AVAILABLE	Correct additional admitted source/destination capability; otherwise full startup and CPU/resource cost.	Trace actual input representation, requested tracks/features, current accepted plan and the decoder boundary. Check whether this adapter or destination is already used.	Prerequisite-only first: Exact destination/configuration and existing source/worker assets; feature availability is not a pass for the complete route. If absent, record HOLD_ENV; if present, decide whether the small probe is warranted. Use one tiny admitted source plus one unsupported/near-boundary control through the existing destination or adapter; compare required output identity with the cheapest correct route. No broad codec port.	Alter one admission-critical configuration, remove a required dependency, or preserve video while making selected audio unsupported. Candidate must reject or use a declared fallback.	A new applicable workload, resolved prerequisite, better independent oracle, or materially different bounded implementation changes the recorded decision.
25	1	R101	proposal	R101.keep-decoded-video-on-the-native-overlay-display-path	Keep decoded video on the native overlay/display path	gpu	conditional	4	E0	Q4	UNSCREENED	SOURCE_BODY_AVAILABLE	Complete decode/process/present cost, transfers, command work or peak live storage for identical requested output.	Identify the CPU/GPU representation boundary and actual useful work removed. Check existing renderer fusions, caches, kernel fast paths and hardware gates.	Prerequisite-only first: Actual required API/format for any GPU claim; CPU algebra is a separate component observation, not browser qualification. If absent, record HOLD_ENV; if present, decide whether the small probe is warranted. Small deterministic planes/blocks or an existing real frame with one adversarial edge. Use a bounded component test if GPU integration is not already available, labeling it as such.	Change stride, crop, phase, alpha, edge neighborhood or resource generation; exercise a case where the proposed shortcut is ineligible.	A new applicable workload, resolved prerequisite, better independent oracle, or materially different bounded implementation changes the recorded decision.
26	1	R99	proposal	R099.expose-an-hdr10-compatible-dolby-vision-base-without-video-re-encoding	Expose an HDR10-compatible Dolby Vision base without video re-encoding	route	specialty-or-prepared	5	E0	Q4	UNSCREENED	SOURCE_BODY_AVAILABLE	Correct additional admitted source/destination capability; otherwise full startup and CPU/resource cost.	Trace actual input representation, requested tracks/features, current accepted plan and the decoder boundary. Check whether this adapter or destination is already used.	Prerequisite-only first: Exact destination/configuration and existing source/worker assets; feature availability is not a pass for the complete route. If absent, record HOLD_ENV; if present, decide whether the small probe is warranted. Use one tiny admitted source plus one unsupported/near-boundary control through the existing destination or adapter; compare required output identity with the cheapest correct route. No broad codec port.	Alter one admission-critical configuration, remove a required dependency, or preserve video while making selected audio unsupported. Candidate must reject or use a declared fallback.	A new applicable workload, resolved prerequisite, better independent oracle, or materially different bounded implementation changes the recorded decision.
27	1	R138	proposal	R138.decode-the-he-aac-core-natively-reconstruct-the-extension-separately	Decode the HE-AAC core natively, reconstruct the extension separately	route	specialty-or-prepared	5	E0	Q4	UNSCREENED	CONVERSATION_SCOPE_AVAILABLE	Correct additional admitted source/destination capability; otherwise full startup and CPU/resource cost.	Trace actual input representation, requested tracks/features, current accepted plan and the decoder boundary. Check whether this adapter or destination is already used.	Prerequisite-only first: Exact destination/configuration and existing source/worker assets; feature availability is not a pass for the complete route. If absent, record HOLD_ENV; if present, decide whether the small probe is warranted. Use one tiny admitted source plus one unsupported/near-boundary control through the existing destination or adapter; compare required output identity with the cheapest correct route. No broad codec port.	Alter one admission-critical configuration, remove a required dependency, or preserve video while making selected audio unsupported. Candidate must reject or use a declared fallback.	A new applicable workload, resolved prerequisite, better independent oracle, or materially different bounded implementation changes the recorded decision.
28	1	R159	proposal	R159.remux-encrypted-media-without-decrypting-its-samples	Remux encrypted media without decrypting its samples	route	specialty-or-prepared	5	E0	Q4	UNSCREENED	CONVERSATION_SCOPE_AVAILABLE	Correct additional admitted source/destination capability; otherwise full startup and CPU/resource cost.	Trace actual input representation, requested tracks/features, current accepted plan and the decoder boundary. Check whether this adapter or destination is already used.	Prerequisite-only first: Exact destination/configuration and existing source/worker assets; feature availability is not a pass for the complete route. If absent, record HOLD_ENV; if present, decide whether the small probe is warranted. Use one tiny admitted source plus one unsupported/near-boundary control through the existing destination or adapter; compare required output identity with the cheapest correct route. No broad codec port.	Alter one admission-critical configuration, remove a required dependency, or preserve video while making selected audio unsupported. Candidate must reject or use a declared fallback.	A new applicable workload, resolved prerequisite, better independent oracle, or materially different bounded implementation changes the recorded decision.
29	1	R184	report-defined	R184.browser-hevc-base-separate-dolby-vision-reshaping	browser HEVC base + separate Dolby Vision reshaping	route	specialty-or-prepared	5	E0	Q4	UNSCREENED	SOURCE_BODY_AVAILABLE	Correct additional admitted source/destination capability; otherwise full startup and CPU/resource cost.	Trace actual input representation, requested tracks/features, current accepted plan and the decoder boundary. Check whether this adapter or destination is already used.	Prerequisite-only first: Exact destination/configuration and existing source/worker assets; feature availability is not a pass for the complete route. If absent, record HOLD_ENV; if present, decide whether the small probe is warranted. Use one tiny admitted source plus one unsupported/near-boundary control through the existing destination or adapter; compare required output identity with the cheapest correct route. No broad codec port.	Alter one admission-critical configuration, remove a required dependency, or preserve video while making selected audio unsupported. Candidate must reject or use a declared fallback.	A new applicable workload, resolved prerequisite, better independent oracle, or materially different bounded implementation changes the recorded decision.
30	1	R208	report-defined	R208.make-cancellation-follow-media-dependency-boundaries	Make cancellation follow media dependency boundaries	route	specialty-or-prepared	5	E0	Q4	UNSCREENED	SOURCE_BODY_AVAILABLE	Correct additional admitted source/destination capability; otherwise full startup and CPU/resource cost.	Trace actual input representation, requested tracks/features, current accepted plan and the decoder boundary. Check whether this adapter or destination is already used.	Prerequisite-only first: Exact destination/configuration and existing source/worker assets; feature availability is not a pass for the complete route. If absent, record HOLD_ENV; if present, decide whether the small probe is warranted. Use one tiny admitted source plus one unsupported/near-boundary control through the existing destination or adapter; compare required output identity with the cheapest correct route. No broad codec port.	Alter one admission-critical configuration, remove a required dependency, or preserve video while making selected audio unsupported. Candidate must reject or use a declared fallback.	A new applicable workload, resolved prerequisite, better independent oracle, or materially different bounded implementation changes the recorded decision.
31	1	R307	proposal	R307.extract-an-mvc-base-view-for-explicitly-requested-2d-playback	Extract an MVC base view for explicitly requested 2D playback	route	specialty-or-prepared	5	E0	Q4	UNSCREENED	SOURCE_BODY_AVAILABLE	Correct additional admitted source/destination capability; otherwise full startup and CPU/resource cost.	Trace actual input representation, requested tracks/features, current accepted plan and the decoder boundary. Check whether this adapter or destination is already used.	Prerequisite-only first: Exact destination/configuration and existing source/worker assets; feature availability is not a pass for the complete route. If absent, record HOLD_ENV; if present, decide whether the small probe is warranted. Use one tiny admitted source plus one unsupported/near-boundary control through the existing destination or adapter; compare required output identity with the cheapest correct route. No broad codec port.	Alter one admission-critical configuration, remove a required dependency, or preserve video while making selected audio unsupported. Candidate must reject or use a declared fallback.	A new applicable workload, resolved prerequisite, better independent oracle, or materially different bounded implementation changes the recorded decision.
32	1	R82	report-defined	R082.browser-side-video-normalization	Browser-side video normalization	route	specialty-or-prepared	4	E0	Q3	UNSCREENED	SOURCE_BODY_AVAILABLE	Correct additional admitted source/destination capability; otherwise full startup and CPU/resource cost.	Trace actual input representation, requested tracks/features, current accepted plan and the decoder boundary. Check whether this adapter or destination is already used.	Prerequisite-only first: Exact destination/configuration and existing source/worker assets; feature availability is not a pass for the complete route. If absent, record HOLD_ENV; if present, decide whether the small probe is warranted. Use one tiny admitted source plus one unsupported/near-boundary control through the existing destination or adapter; compare required output identity with the cheapest correct route. No broad codec port.	Alter one admission-critical configuration, remove a required dependency, or preserve video while making selected audio unsupported. Candidate must reject or use a declared fallback.	A new applicable workload, resolved prerequisite, better independent oracle, or materially different bounded implementation changes the recorded decision.
33	1	R173	report-defined	R173.preserve-flic-indices-plus-palette	preserve FLIC indices plus palette	route	specialty-or-prepared	4	E0	Q3	UNSCREENED	SOURCE_BODY_AVAILABLE	Correct additional admitted source/destination capability; otherwise full startup and CPU/resource cost.	Trace actual input representation, requested tracks/features, current accepted plan and the decoder boundary. Check whether this adapter or destination is already used.	Prerequisite-only first: Exact destination/configuration and existing source/worker assets; feature availability is not a pass for the complete route. If absent, record HOLD_ENV; if present, decide whether the small probe is warranted. Use one tiny admitted source plus one unsupported/near-boundary control through the existing destination or adapter; compare required output identity with the cheapest correct route. No broad codec port.	Alter one admission-critical configuration, remove a required dependency, or preserve video while making selected audio unsupported. Candidate must reject or use a declared fallback.	A new applicable workload, resolved prerequisite, better independent oracle, or materially different bounded implementation changes the recorded decision.
34	1	R194	report-defined	R194.browser-zlib-zmbv-reconstruction	browser zlib + ZMBV reconstruction	route	specialty-or-prepared	4	E0	Q3	UNSCREENED	SOURCE_BODY_AVAILABLE	Correct additional admitted source/destination capability; otherwise full startup and CPU/resource cost.	Trace actual input representation, requested tracks/features, current accepted plan and the decoder boundary. Check whether this adapter or destination is already used.	Prerequisite-only first: Exact destination/configuration and existing source/worker assets; feature availability is not a pass for the complete route. If absent, record HOLD_ENV; if present, decide whether the small probe is warranted. Use one tiny admitted source plus one unsupported/near-boundary control through the existing destination or adapter; compare required output identity with the cheapest correct route. No broad codec port.	Alter one admission-critical configuration, remove a required dependency, or preserve video while making selected audio unsupported. Candidate must reject or use a declared fallback.	A new applicable workload, resolved prerequisite, better independent oracle, or materially different bounded implementation changes the recorded decision.
35	1	R117	proposal	R117.play-iamf-through-native-component-decoders	Play IAMF through native component decoders	route	specialty-or-prepared	4	E0	Q4	UNSCREENED	CONVERSATION_SCOPE_AVAILABLE	Correct additional admitted source/destination capability; otherwise full startup and CPU/resource cost.	Trace actual input representation, requested tracks/features, current accepted plan and the decoder boundary. Check whether this adapter or destination is already used.	Prerequisite-only first: Exact destination/configuration and existing source/worker assets; feature availability is not a pass for the complete route. If absent, record HOLD_ENV; if present, decide whether the small probe is warranted. Use one tiny admitted source plus one unsupported/near-boundary control through the existing destination or adapter; compare required output identity with the cheapest correct route. No broad codec port.	Alter one admission-critical configuration, remove a required dependency, or preserve video while making selected audio unsupported. Candidate must reject or use a declared fallback.	A new applicable workload, resolved prerequisite, better independent oracle, or materially different bounded implementation changes the recorded decision.
36	1	R172	report-defined	R172.keep-hap-bc1-compressed-to-presentation	keep Hap BC1 compressed to presentation	route	specialty-or-prepared	4	E0	Q4	UNSCREENED	SOURCE_BODY_AVAILABLE	Correct additional admitted source/destination capability; otherwise full startup and CPU/resource cost.	Trace actual input representation, requested tracks/features, current accepted plan and the decoder boundary. Check whether this adapter or destination is already used.	Prerequisite-only first: Exact destination/configuration and existing source/worker assets; feature availability is not a pass for the complete route. If absent, record HOLD_ENV; if present, decide whether the small probe is warranted. Use one tiny admitted source plus one unsupported/near-boundary control through the existing destination or adapter; compare required output identity with the cheapest correct route. No broad codec port.	Alter one admission-critical configuration, remove a required dependency, or preserve video while making selected audio unsupported. Candidate must reject or use a declared fallback.	A new applicable workload, resolved prerequisite, better independent oracle, or materially different bounded implementation changes the recorded decision.
37	1	R193	report-defined	R193.tiled-heic-through-browser-video-decoding	tiled HEIC through browser video decoding	route	specialty-or-prepared	4	E0	Q4	UNSCREENED	SOURCE_BODY_AVAILABLE	Correct additional admitted source/destination capability; otherwise full startup and CPU/resource cost.	Trace actual input representation, requested tracks/features, current accepted plan and the decoder boundary. Check whether this adapter or destination is already used.	Prerequisite-only first: Exact destination/configuration and existing source/worker assets; feature availability is not a pass for the complete route. If absent, record HOLD_ENV; if present, decide whether the small probe is warranted. Use one tiny admitted source plus one unsupported/near-boundary control through the existing destination or adapter; compare required output identity with the cheapest correct route. No broad codec port.	Alter one admission-critical configuration, remove a required dependency, or preserve video while making selected audio unsupported. Candidate must reject or use a declared fallback.	A new applicable workload, resolved prerequisite, better independent oracle, or materially different bounded implementation changes the recorded decision.
38	1	R195	report-defined	R195.prepared-texture-video-to-several-gpu-destinations	prepared texture video to several GPU destinations	route	specialty-or-prepared	4	E0	Q4	UNSCREENED	SOURCE_BODY_AVAILABLE	Correct additional admitted source/destination capability; otherwise full startup and CPU/resource cost.	Trace actual input representation, requested tracks/features, current accepted plan and the decoder boundary. Check whether this adapter or destination is already used.	Prerequisite-only first: Exact destination/configuration and existing source/worker assets; feature availability is not a pass for the complete route. If absent, record HOLD_ENV; if present, decide whether the small probe is warranted. Use one tiny admitted source plus one unsupported/near-boundary control through the existing destination or adapter; compare required output identity with the cheapest correct route. No broad codec port.	Alter one admission-critical configuration, remove a required dependency, or preserve video while making selected audio unsupported. Candidate must reject or use a declared fallback.	A new applicable workload, resolved prerequisite, better independent oracle, or materially different bounded implementation changes the recorded decision.
39	1	R205	report-defined	R205.multicore-ffv1-without-shared-address-space-state	Multicore FFV1 without shared address-space state	route	specialty-or-prepared	4	E0	Q4	UNSCREENED	SOURCE_BODY_AVAILABLE	Correct additional admitted source/destination capability; otherwise full startup and CPU/resource cost.	Trace actual input representation, requested tracks/features, current accepted plan and the decoder boundary. Check whether this adapter or destination is already used.	Prerequisite-only first: Exact destination/configuration and existing source/worker assets; feature availability is not a pass for the complete route. If absent, record HOLD_ENV; if present, decide whether the small probe is warranted. Use one tiny admitted source plus one unsupported/near-boundary control through the existing destination or adapter; compare required output identity with the cheapest correct route. No broad codec port.	Alter one admission-critical configuration, remove a required dependency, or preserve video while making selected audio unsupported. Candidate must reject or use a declared fallback.	A new applicable workload, resolved prerequisite, better independent oracle, or materially different bounded implementation changes the recorded decision.
40	1	R241	proposal	R241.decode-an-ambisonic-sound-field-natively-then-render-its-spatial-meaning-separately	Decode an Ambisonic sound field natively, then render its spatial meaning separately	route	specialty-or-prepared	4	E0	Q4	UNSCREENED	CONVERSATION_SCOPE_AVAILABLE	Correct additional admitted source/destination capability; otherwise full startup and CPU/resource cost.	Trace actual input representation, requested tracks/features, current accepted plan and the decoder boundary. Check whether this adapter or destination is already used.	Prerequisite-only first: Exact destination/configuration and existing source/worker assets; feature availability is not a pass for the complete route. If absent, record HOLD_ENV; if present, decide whether the small probe is warranted. Use one tiny admitted source plus one unsupported/near-boundary control through the existing destination or adapter; compare required output identity with the cheapest correct route. No broad codec port.	Alter one admission-critical configuration, remove a required dependency, or preserve video while making selected audio unsupported. Candidate must reject or use a declared fallback.	A new applicable workload, resolved prerequisite, better independent oracle, or materially different bounded implementation changes the recorded decision.
41	1	R275	report-defined	R275.av1-large-scale-tile-viewport-decode	AV1 large-scale tile viewport decode	route	specialty-or-prepared	4	E0	Q4	UNSCREENED	SOURCE_BODY_AVAILABLE	Correct additional admitted source/destination capability; otherwise full startup and CPU/resource cost.	Trace actual input representation, requested tracks/features, current accepted plan and the decoder boundary. Check whether this adapter or destination is already used.	Prerequisite-only first: Exact destination/configuration and existing source/worker assets; feature availability is not a pass for the complete route. If absent, record HOLD_ENV; if present, decide whether the small probe is warranted. Use one tiny admitted source plus one unsupported/near-boundary control through the existing destination or adapter; compare required output identity with the cheapest correct route. No broad codec port.	Alter one admission-critical configuration, remove a required dependency, or preserve video while making selected audio unsupported. Candidate must reject or use a declared fallback.	A new applicable workload, resolved prerequisite, better independent oracle, or materially different bounded implementation changes the recorded decision.
42	1	R350	proposal	R350.extract-a-declared-lower-frame-rate-av1-operating-point-before-decoding	Extract a declared lower-frame-rate AV1 operating point before decoding	route	specialty-or-prepared	4	E0	Q4	UNSCREENED	SOURCE_BODY_AVAILABLE	Correct additional admitted source/destination capability; otherwise full startup and CPU/resource cost.	Trace actual input representation, requested tracks/features, current accepted plan and the decoder boundary. Check whether this adapter or destination is already used.	Prerequisite-only first: Exact destination/configuration and existing source/worker assets; feature availability is not a pass for the complete route. If absent, record HOLD_ENV; if present, decide whether the small probe is warranted. Use one tiny admitted source plus one unsupported/near-boundary control through the existing destination or adapter; compare required output identity with the cheapest correct route. No broad codec port.	Alter one admission-critical configuration, remove a required dependency, or preserve video while making selected audio unsupported. Candidate must reject or use a declared fallback.	A new applicable workload, resolved prerequisite, better independent oracle, or materially different bounded implementation changes the recorded decision.
43	2	R19	proposal	R019.extract-embedded-ass-while-leaving-video-native	Extract embedded ASS while leaving video Native	route	core-playback	5	E2	Q3	UNSCREENED	SOURCE_BODY_AVAILABLE	Correct additional admitted source/destination capability; otherwise full startup and CPU/resource cost.	Trace actual input representation, requested tracks/features, current accepted plan and the decoder boundary. Check whether this adapter or destination is already used.	Use one tiny admitted source plus one unsupported/near-boundary control through the existing destination or adapter; compare required output identity with the cheapest correct route. No broad codec port.	Alter one admission-critical configuration, remove a required dependency, or preserve video while making selected audio unsupported. Candidate must reject or use a declared fallback.	A new applicable workload, resolved prerequisite, better independent oracle, or materially different bounded implementation changes the recorded decision.
44	2	R20	proposal	R020.render-bitmap-subtitles-without-burning-them-into-video	Render bitmap subtitles without burning them into video	route	core-playback	5	E2	Q3	UNSCREENED	SOURCE_BODY_AVAILABLE	Correct additional admitted source/destination capability; otherwise full startup and CPU/resource cost.	Trace actual input representation, requested tracks/features, current accepted plan and the decoder boundary. Check whether this adapter or destination is already used.	Use one tiny admitted source plus one unsupported/near-boundary control through the existing destination or adapter; compare required output identity with the cheapest correct route. No broad codec port.	Alter one admission-critical configuration, remove a required dependency, or preserve video while making selected audio unsupported. Candidate must reject or use a declared fallback.	A new applicable workload, resolved prerequisite, better independent oracle, or materially different bounded implementation changes the recorded decision.
45	2	R31	proposal	R031.raw-aac-mp3-audio-beside-fragmented-video	Raw AAC/MP3 audio beside fragmented video	route	core-playback	5	E2	Q3	UNSCREENED	SOURCE_BODY_AVAILABLE	Correct additional admitted source/destination capability; otherwise full startup and CPU/resource cost.	Trace actual input representation, requested tracks/features, current accepted plan and the decoder boundary. Check whether this adapter or destination is already used.	Use one tiny admitted source plus one unsupported/near-boundary control through the existing destination or adapter; compare required output identity with the cheapest correct route. No broad codec port.	Alter one admission-critical configuration, remove a required dependency, or preserve video while making selected audio unsupported. Candidate must reject or use a declared fallback.	A new applicable workload, resolved prerequisite, better independent oracle, or materially different bounded implementation changes the recorded decision.
46	2	R32	proposal	R032.use-different-output-containers-for-different-tracks	Use different output containers for different tracks	route	core-playback	5	E2	Q3	UNSCREENED	SOURCE_BODY_AVAILABLE	Correct additional admitted source/destination capability; otherwise full startup and CPU/resource cost.	Trace actual input representation, requested tracks/features, current accepted plan and the decoder boundary. Check whether this adapter or destination is already used.	Use one tiny admitted source plus one unsupported/near-boundary control through the existing destination or adapter; compare required output identity with the cheapest correct route. No broad codec port.	Alter one admission-critical configuration, remove a required dependency, or preserve video while making selected audio unsupported. Candidate must reject or use a declared fallback.	A new applicable workload, resolved prerequisite, better independent oracle, or materially different bounded implementation changes the recorded decision.
47	2	R46	proposal	R046.a-small-javascript-ordinary-mp4-to-mse-adapter	A small JavaScript ordinary-MP4-to-MSE adapter	route	core-playback	5	E2	Q3	UNSCREENED	SOURCE_BODY_AVAILABLE	Correct additional admitted source/destination capability; otherwise full startup and CPU/resource cost.	Trace actual input representation, requested tracks/features, current accepted plan and the decoder boundary. Check whether this adapter or destination is already used.	Use one tiny admitted source plus one unsupported/near-boundary control through the existing destination or adapter; compare required output identity with the cheapest correct route. No broad codec port.	Alter one admission-critical configuration, remove a required dependency, or preserve video while making selected audio unsupported. Candidate must reject or use a declared fallback.	A new applicable workload, resolved prerequisite, better independent oracle, or materially different bounded implementation changes the recorded decision.
48	2	R51	proposal	R051.try-integer-lossless-source-codecs-before-changing-lossy-decoders	Try integer-lossless source codecs before changing lossy decoders	route	core-playback	5	E2	Q3	UNSCREENED	SOURCE_BODY_AVAILABLE	Correct additional admitted source/destination capability; otherwise full startup and CPU/resource cost.	Trace actual input representation, requested tracks/features, current accepted plan and the decoder boundary. Check whether this adapter or destination is already used.	Use one tiny admitted source plus one unsupported/near-boundary control through the existing destination or adapter; compare required output identity with the cheapest correct route. No broad codec port.	Alter one admission-critical configuration, remove a required dependency, or preserve video while making selected audio unsupported. Candidate must reject or use a declared fallback.	A new applicable workload, resolved prerequisite, better independent oracle, or materially different bounded implementation changes the recorded decision.
49	2	R58	proposal	R058.change-video-codec-while-retaining-the-audio-presentation	Change video codec while retaining the audio presentation	route	core-playback	5	E2	Q3	UNSCREENED	SOURCE_BODY_AVAILABLE	Correct additional admitted source/destination capability; otherwise full startup and CPU/resource cost.	Trace actual input representation, requested tracks/features, current accepted plan and the decoder boundary. Check whether this adapter or destination is already used.	Use one tiny admitted source plus one unsupported/near-boundary control through the existing destination or adapter; compare required output identity with the cheapest correct route. No broad codec port.	Alter one admission-critical configuration, remove a required dependency, or preserve video while making selected audio unsupported. Candidate must reject or use a declared fallback.	A new applicable workload, resolved prerequisite, better independent oracle, or materially different bounded implementation changes the recorded decision.
50	2	R59	proposal	R059.construct-a-selected-track-mp4-view-without-remuxing-samples	Construct a selected-track MP4 view without remuxing samples	route	core-playback	5	E2	Q3	UNSCREENED	SOURCE_BODY_AVAILABLE	Correct additional admitted source/destination capability; otherwise full startup and CPU/resource cost.	Trace actual input representation, requested tracks/features, current accepted plan and the decoder boundary. Check whether this adapter or destination is already used.	Use one tiny admitted source plus one unsupported/near-boundary control through the existing destination or adapter; compare required output identity with the cheapest correct route. No broad codec port.	Alter one admission-critical configuration, remove a required dependency, or preserve video while making selected audio unsupported. Candidate must reject or use a declared fallback.	A new applicable workload, resolved prerequisite, better independent oracle, or materially different bounded implementation changes the recorded decision.
51	2	R60	proposal	R060.extract-in-band-closed-captions-from-compressed-video-headers	Extract in-band closed captions from compressed video headers	route	core-playback	5	E2	Q3	UNSCREENED	SOURCE_BODY_AVAILABLE	Correct additional admitted source/destination capability; otherwise full startup and CPU/resource cost.	Trace actual input representation, requested tracks/features, current accepted plan and the decoder boundary. Check whether this adapter or destination is already used.	Use one tiny admitted source plus one unsupported/near-boundary control through the existing destination or adapter; compare required output identity with the cheapest correct route. No broad codec port.	Alter one admission-critical configuration, remove a required dependency, or preserve video while making selected audio unsupported. Candidate must reject or use a declared fallback.	A new applicable workload, resolved prerequisite, better independent oracle, or materially different bounded implementation changes the recorded decision.
52	2	R65	proposal	R065.isolate-a-selected-program-from-multi-program-transport-streams	Isolate a selected program from multi-program transport streams	route	core-playback	5	E2	Q3	UNSCREENED	SOURCE_BODY_AVAILABLE	Correct additional admitted source/destination capability; otherwise full startup and CPU/resource cost.	Trace actual input representation, requested tracks/features, current accepted plan and the decoder boundary. Check whether this adapter or destination is already used.	Use one tiny admitted source plus one unsupported/near-boundary control through the existing destination or adapter; compare required output identity with the cheapest correct route. No broad codec port.	Alter one admission-critical configuration, remove a required dependency, or preserve video while making selected audio unsupported. Candidate must reject or use a declared fallback.	A new applicable workload, resolved prerequisite, better independent oracle, or materially different bounded implementation changes the recorded decision.
53	2	R91	proposal	R091.in-band-video-configuration-changes-with-avc3-and-qualified-hev1	In-band video configuration changes with avc3, and qualified hev1	route	core-playback	5	E2	Q3	UNSCREENED	SOURCE_BODY_AVAILABLE	Correct additional admitted source/destination capability; otherwise full startup and CPU/resource cost.	Trace actual input representation, requested tracks/features, current accepted plan and the decoder boundary. Check whether this adapter or destination is already used.	Use one tiny admitted source plus one unsupported/near-boundary control through the existing destination or adapter; compare required output identity with the cheapest correct route. No broad codec port.	Alter one admission-critical configuration, remove a required dependency, or preserve video while making selected audio unsupported. Candidate must reject or use a declared fallback.	A new applicable workload, resolved prerequisite, better independent oracle, or materially different bounded implementation changes the recorded decision.
54	2	R92	proposal	R092.normalize-vp9-codec-units-for-the-actual-destination	Normalize VP9 codec units for the actual destination	route	core-playback	5	E2	Q3	UNSCREENED	SOURCE_BODY_AVAILABLE	Correct additional admitted source/destination capability; otherwise full startup and CPU/resource cost.	Trace actual input representation, requested tracks/features, current accepted plan and the decoder boundary. Check whether this adapter or destination is already used.	Use one tiny admitted source plus one unsupported/near-boundary control through the existing destination or adapter; compare required output identity with the cheapest correct route. No broad codec port.	Alter one admission-critical configuration, remove a required dependency, or preserve video while making selected audio unsupported. Candidate must reject or use a declared fallback.	A new applicable workload, resolved prerequisite, better independent oracle, or materially different bounded implementation changes the recorded decision.
55	2	R110	proposal	R110.choose-a-destination-aware-lacing-or-unlacing-representation	Choose a destination-aware lacing or unlacing representation	route	core-playback	5	E2	Q3	UNSCREENED	SOURCE_BODY_AVAILABLE	Correct additional admitted source/destination capability; otherwise full startup and CPU/resource cost.	Trace actual input representation, requested tracks/features, current accepted plan and the decoder boundary. Check whether this adapter or destination is already used.	Use one tiny admitted source plus one unsupported/near-boundary control through the existing destination or adapter; compare required output identity with the cheapest correct route. No broad codec port.	Alter one admission-critical configuration, remove a required dependency, or preserve video while making selected audio unsupported. Candidate must reject or use a declared fallback.	A new applicable workload, resolved prerequisite, better independent oracle, or materially different bounded implementation changes the recorded decision.
56	2	R115	proposal	R115.play-an-ongoing-fmp4-response-through-one-native-url	Play an ongoing fMP4 response through one native URL	route	core-playback	5	E2	Q3	UNSCREENED	SOURCE_BODY_AVAILABLE	Correct additional admitted source/destination capability; otherwise full startup and CPU/resource cost.	Trace actual input representation, requested tracks/features, current accepted plan and the decoder boundary. Check whether this adapter or destination is already used.	Use one tiny admitted source plus one unsupported/near-boundary control through the existing destination or adapter; compare required output identity with the cheapest correct route. No broad codec port.	Alter one admission-critical configuration, remove a required dependency, or preserve video while making selected audio unsupported. Candidate must reject or use a declared fallback.	A new applicable workload, resolved prerequisite, better independent oracle, or materially different bounded implementation changes the recorded decision.
57	2	R01	proposal	R001.share-source-reads-and-inspection-across-candidates	Share source reads and inspection across candidates	source	core-playback	4	E1	Q2	USER_REPORTED_FIRST_PASS_COMPLETE	SOURCE_BODY_AVAILABLE	Total bytes and time to correct startup/target, including cold index/identity acquisition; bounded retained bytes.	Read the supplied local follow-up and verify the named raw record once if accessible. Carry forward its scoped disposition; do not rerun this profile just to populate this ledger. Demonstrated larger repeated-read cost or reusable ownership infrastructure.	Replay a short owned range/seek trace on a tiny indexed fixture, including its first cold operation, with the same source and authorization. Reuse the existing reader.	Change the source/version or corrupt an offset/proof and cancel one consumer. No stale or unverified bytes may be published.	Demonstrated larger repeated-read cost or reusable ownership infrastructure.
58	2	R02	proposal	R002.promote-useful-startup-work-instead-of-reopening	Promote useful startup work instead of reopening	lifecycle	core-playback	4	E1	Q2	UNSCREENED	SOURCE_BODY_AVAILABLE	User-visible operation latency, duplicated work or peak/steady live resource ownership; not object counts alone.	Trace the precise owner, generation, reset/flush/commit or allocation being changed. Reproduce the present behavior before removing any guard.	One short action trace through existing code with the candidate disabled/enabled; include the specific seek, cancellation or replacement transition it can affect.	Cancel or replace a source at the changed boundary and delay a stale callback/consumer; reject late publication and premature reuse.	A new applicable workload, resolved prerequisite, better independent oracle, or materially different bounded implementation changes the recorded decision.
59	2	R03	proposal	R003.coalesce-range-reads-around-useful-media-boundaries	Coalesce range reads around useful media boundaries	source	core-playback	4	E1	Q2	UNSCREENED	SOURCE_BODY_AVAILABLE	Total bytes and time to correct startup/target, including cold index/identity acquisition; bounded retained bytes.	Locate one real repeated read/index/validation boundary and its trusted source identity. Separate logical requests from transferred or physical-disk bytes.	Replay a short owned range/seek trace on a tiny indexed fixture, including its first cold operation, with the same source and authorization. Reuse the existing reader.	Change the source/version or corrupt an offset/proof and cancel one consumer. No stale or unverified bytes may be published.	A new applicable workload, resolved prerequisite, better independent oracle, or materially different bounded implementation changes the recorded decision.
60	2	R18	proposal	R018.cache-prepared-media-by-timeline-and-transformation-recipe	Cache prepared media by timeline and transformation recipe	tooling	core-playback	4	E1	Q2	UNSCREENED	SOURCE_BODY_AVAILABLE	Decision power, reproducibility or diagnostic cost without changing the measured player outcome.	Specify one concrete wrong-output or provenance failure the proposed tool must detect beyond the existing harness.	Inject that failure in a tiny known-good fixture, demonstrate detection and run an unchanged control; do not build a general research platform.	A different failure, stale source/hash or malformed record must not count as the intended finding.	A new applicable workload, resolved prerequisite, better independent oracle, or materially different bounded implementation changes the recorded decision.
61	2	R21	proposal	R021.cache-subtitle-tiles-and-schedule-only-useful-redraws	Cache subtitle tiles and schedule only useful redraws	subtitles	core-playback	4	E1	Q2	UNSCREENED	SOURCE_BODY_AVAILABLE	Required caption capability or total render/extraction cost and retained cue/atlas memory.	Identify the exact subtitle representation, maintained renderer and existing cache behavior. Distinguish an oracle discrepancy from a player defect.	One authored cue/scene plus an overlapping or stateful boundary, using identical fonts, sizes and output semantics; reuse a maintained test.	Seek into an active cue, change fonts/layout/source, or omit a required style/control. No silent simplification or stale overlay.	A new applicable workload, resolved prerequisite, better independent oracle, or materially different bounded implementation changes the recorded decision.
62	2	R26	proposal	R026.replace-polling-chains-with-bounded-credits-and-deadlines	Replace polling chains with bounded credits and deadlines	lifecycle	core-playback	4	E1	Q2	UNSCREENED	SOURCE_BODY_AVAILABLE	User-visible operation latency, duplicated work or peak/steady live resource ownership; not object counts alone.	Trace the precise owner, generation, reset/flush/commit or allocation being changed. Reproduce the present behavior before removing any guard.	One short action trace through existing code with the candidate disabled/enabled; include the specific seek, cancellation or replacement transition it can affect.	Cancel or replace a source at the changed boundary and delay a stale callback/consumer; reject late publication and premature reuse.	A new applicable workload, resolved prerequisite, better independent oracle, or materially different bounded implementation changes the recorded decision.
63	2	R27	proposal	R027.share-immutable-compiled-code-not-live-playback-state	Share immutable compiled code, not live playback state	lifecycle	core-playback	4	E1	Q2	USER_REPORTED_FIRST_PASS_COMPLETE	SOURCE_BODY_AVAILABLE	User-visible operation latency, duplicated work or peak/steady live resource ownership; not object counts alone.	Read the supplied local follow-up and verify the named raw record once if accessible. Carry forward its scoped disposition; do not rerun this profile just to populate this ledger. Later cache/asset/memory/cancellation confirmation; do not automatically start a large confirmation campaign during breadth-first screening.	One short action trace through existing code with the candidate disabled/enabled; include the specific seek, cancellation or replacement transition it can affect.	Cancel or replace a source at the changed boundary and delay a stale callback/consumer; reject late publication and premature reuse.	Later cache/asset/memory/cancellation confirmation; do not automatically start a large confirmation campaign during breadth-first screening.
64	2	R40	proposal	R040.coalesce-scrub-requests-and-commit-the-final-exact-seek	Coalesce scrub requests and commit the final exact seek	lifecycle	core-playback	4	E1	Q2	UNSCREENED	SOURCE_BODY_AVAILABLE	User-visible operation latency, duplicated work or peak/steady live resource ownership; not object counts alone.	Trace the precise owner, generation, reset/flush/commit or allocation being changed. Reproduce the present behavior before removing any guard.	One short action trace through existing code with the candidate disabled/enabled; include the specific seek, cancellation or replacement transition it can affect.	Cancel or replace a source at the changed boundary and delay a stale callback/consumer; reject late publication and premature reuse.	A new applicable workload, resolved prerequisite, better independent oracle, or materially different bounded implementation changes the recorded decision.
65	2	R47	proposal	R047.assemble-output-as-headers-plus-original-payload-views	Assemble output as headers plus original payload views	mux	core-playback	4	E1	Q2	UNSCREENED	SOURCE_BODY_AVAILABLE	Complete preparation/startup/refill work, bytes and ownership; output parser acceptance alone is not the metric.	Find where bytes/timestamps actually change, are copied, or are withheld. Compare against current persistent mux/parser behavior.	Construct one bounded positive output and one invalid-edge control using the same coded samples. Keep unrelated fragment/default policies fixed.	Wrong size/offset/configuration or a non-random-access cut must fail specifically; cancellation cannot publish another generation.	A new applicable workload, resolved prerequisite, better independent oracle, or materially different bounded implementation changes the recorded decision.
66	2	R48	proposal	R048.keep-only-the-relevant-native-caption-cues-instantiated	Keep only the relevant native caption cues instantiated	subtitles	core-playback	4	E1	Q2	USER_REPORTED_FIRST_PASS_COMPLETE	SOURCE_BODY_AVAILABLE	Required caption capability or total render/extraction cost and retained cue/atlas memory.	Read the supplied local follow-up and verify the named raw record once if accessible. Carry forward its scoped disposition; do not rerun this profile just to populate this ledger. Real large-cue overhead plus a bounded API-compatible design; do not re-open the explained boundary mismatch as a bug.	One authored cue/scene plus an overlapping or stateful boundary, using identical fonts, sizes and output semantics; reuse a maintained test.	Seek into an active cue, change fonts/layout/source, or omit a required style/control. No silent simplification or stale overlay.	Real large-cue overhead plus a bounded API-compatible design; do not re-open the explained boundary mismatch as a bug.
67	2	R49	proposal	R049.size-lookahead-in-wall-clock-time-not-fixed-media-seconds	Size lookahead in wall-clock time, not fixed media seconds	lifecycle	core-playback	4	E1	Q2	UNSCREENED	SOURCE_BODY_AVAILABLE	User-visible operation latency, duplicated work or peak/steady live resource ownership; not object counts alone.	Trace the precise owner, generation, reset/flush/commit or allocation being changed. Reproduce the present behavior before removing any guard.	One short action trace through existing code with the candidate disabled/enabled; include the specific seek, cancellation or replacement transition it can affect.	Cancel or replace a source at the changed boundary and delay a stale callback/consumer; reject late publication and premature reuse.	A new applicable workload, resolved prerequisite, better independent oracle, or materially different bounded implementation changes the recorded decision.
68	2	R66	proposal	R066.communicate-the-requested-start-position-before-first-data-preparation	Communicate the requested start position before first-data preparation	source	core-playback	4	E1	Q2	UNSCREENED	SOURCE_BODY_AVAILABLE	Total bytes and time to correct startup/target, including cold index/identity acquisition; bounded retained bytes.	Locate one real repeated read/index/validation boundary and its trusted source identity. Separate logical requests from transferred or physical-disk bytes.	Replay a short owned range/seek trace on a tiny indexed fixture, including its first cold operation, with the same source and authorization. Reuse the existing reader.	Change the source/version or corrupt an offset/proof and cancel one consumer. No stale or unverified bytes may be published.	A new applicable workload, resolved prerequisite, better independent oracle, or materially different bounded implementation changes the recorded decision.
69	2	R69	proposal	R069.separate-decoder-compatibility-from-per-source-initialization-identity	Separate decoder compatibility from per-source initialization identity	lifecycle	core-playback	4	E1	Q2	UNSCREENED	SOURCE_BODY_AVAILABLE	User-visible operation latency, duplicated work or peak/steady live resource ownership; not object counts alone.	Trace the precise owner, generation, reset/flush/commit or allocation being changed. Reproduce the present behavior before removing any guard.	One short action trace through existing code with the candidate disabled/enabled; include the specific seek, cancellation or replacement transition it can affect.	Cancel or replace a source at the changed boundary and delay a stale callback/consumer; reject late publication and premature reuse.	A new applicable workload, resolved prerequisite, better independent oracle, or materially different bounded implementation changes the recorded decision.
70	2	R74	report-defined	R074.skip-redundant-packed-pcm-staging	Skip redundant packed-PCM staging	audio	core-playback	4	E1	Q2	USER_REPORTED_FIRST_PASS_COMPLETE	SOURCE_BODY_AVAILABLE	Complete specified audio operation, output sample count/phase and practical CPU/memory or repeated-query cost.	Read the supplied local follow-up and verify the named raw record once if accessible. Carry forward its scoped disposition; do not rerun this profile just to populate this ledger. Reopen for a different demonstrated workload, memory outcome or materially changed implementation; do not repeat the same seven-pair CPU screen.	A tiny independent numerical/bitstream oracle plus one boundary or adversarial case. Only use a matching Wasm slice when available and inexpensive.	Extrema, invalid precision, changed predictor/phase/history or a nonlinear stage must invalidate assumptions. No covert resampling/downmix/quality change.	Reopen for a different demonstrated workload, memory outcome or materially changed implementation; do not repeat the same seven-pair CPU screen.
71	2	R100	proposal	R100.transfer-owned-packet-storage-into-webcodecs-chunks	Transfer owned packet storage into WebCodecs chunks	mux	core-playback	4	E1	Q2	UNSCREENED	SOURCE_BODY_AVAILABLE	Complete preparation/startup/refill work, bytes and ownership; output parser acceptance alone is not the metric.	Find where bytes/timestamps actually change, are copied, or are withheld. Compare against current persistent mux/parser behavior.	Construct one bounded positive output and one invalid-edge control using the same coded samples. Keep unrelated fragment/default policies fixed.	Wrong size/offset/configuration or a non-random-access cut must fail specifically; cancellation cannot publish another generation.	A new applicable workload, resolved prerequisite, better independent oracle, or materially different bounded implementation changes the recorded decision.
72	2	R118	report-frontier	R118.mse-append-window-clipping-report-paragraph-label.report-frontier	MSE append-window clipping [report paragraph label]	lifecycle	core-playback	4	E1	Q2	UNSCREENED	SOURCE_BODY_AVAILABLE	User-visible operation latency, duplicated work or peak/steady live resource ownership; not object counts alone.	Trace the precise owner, generation, reset/flush/commit or allocation being changed. Reproduce the present behavior before removing any guard.	One short action trace through existing code with the candidate disabled/enabled; include the specific seek, cancellation or replacement transition it can affect.	Cancel or replace a source at the changed boundary and delay a stale callback/consumer; reject late publication and premature reuse.	A new applicable workload, resolved prerequisite, better independent oracle, or materially different bounded implementation changes the recorded decision.
73	2	R119	proposal	R119.canonicalize-equivalent-decoder-configurations	Canonicalize equivalent decoder configurations	mux	core-playback	4	E1	Q2	UNSCREENED	CONVERSATION_SCOPE_AVAILABLE	Complete preparation/startup/refill work, bytes and ownership; output parser acceptance alone is not the metric.	Find where bytes/timestamps actually change, are copied, or are withheld. Compare against current persistent mux/parser behavior.	Construct one bounded positive output and one invalid-edge control using the same coded samples. Keep unrelated fragment/default policies fixed.	Wrong size/offset/configuration or a non-random-access cut must fail specifically; cancellation cannot publish another generation.	A new applicable workload, resolved prerequisite, better independent oracle, or materially different bounded implementation changes the recorded decision.
74	2	R119	report-frontier	R119.mse-future-range-replacement-report-paragraph-label.report-frontier	MSE future-range replacement [report paragraph label]	lifecycle	core-playback	4	E1	Q2	UNSCREENED	SOURCE_BODY_AVAILABLE	User-visible operation latency, duplicated work or peak/steady live resource ownership; not object counts alone.	Trace the precise owner, generation, reset/flush/commit or allocation being changed. Reproduce the present behavior before removing any guard.	One short action trace through existing code with the candidate disabled/enabled; include the specific seek, cancellation or replacement transition it can affect.	Cancel or replace a source at the changed boundary and delay a stale callback/consumer; reject late publication and premature reuse.	A new applicable workload, resolved prerequisite, better independent oracle, or materially different bounded implementation changes the recorded decision.
75	2	R122	report-frontier	R122.retime-existing-frames-without-creating-new-pictures.report-frontier	Retime existing frames without creating new pictures	mux	core-playback	4	E1	Q2	UNSCREENED	SOURCE_BODY_AVAILABLE	Complete preparation/startup/refill work, bytes and ownership; output parser acceptance alone is not the metric.	Find where bytes/timestamps actually change, are copied, or are withheld. Compare against current persistent mux/parser behavior.	Construct one bounded positive output and one invalid-edge control using the same coded samples. Keep unrelated fragment/default policies fixed.	Wrong size/offset/configuration or a non-random-access cut must fail specifically; cancellation cannot publish another generation.	A new applicable workload, resolved prerequisite, better independent oracle, or materially different bounded implementation changes the recorded decision.
76	2	R124	proposal	R124.copy-a-frame-once-to-free-the-decoder	Copy a frame once to free the decoder	lifecycle	core-playback	4	E1	Q2	UNSCREENED	CONVERSATION_SCOPE_AVAILABLE	User-visible operation latency, duplicated work or peak/steady live resource ownership; not object counts alone.	Trace the precise owner, generation, reset/flush/commit or allocation being changed. Reproduce the present behavior before removing any guard.	One short action trace through existing code with the candidate disabled/enabled; include the specific seek, cancellation or replacement transition it can affect.	Cancel or replace a source at the changed boundary and delay a stale callback/consumer; reject late publication and premature reuse.	A new applicable workload, resolved prerequisite, better independent oracle, or materially different bounded implementation changes the recorded decision.
77	2	R124	report-frontier	R124.webm-negative-discardpadding-head-crop-composition-report-paragraph-label.report-frontier	WebM negative DiscardPadding head-crop composition [report paragraph label]	mux	core-playback	4	E1	Q2	UNSCREENED	SOURCE_BODY_AVAILABLE	Complete preparation/startup/refill work, bytes and ownership; output parser acceptance alone is not the metric.	Find where bytes/timestamps actually change, are copied, or are withheld. Compare against current persistent mux/parser behavior.	Construct one bounded positive output and one invalid-edge control using the same coded samples. Keep unrelated fragment/default policies fixed.	Wrong size/offset/configuration or a non-random-access cut must fail specifically; cancellation cannot publish another generation.	A new applicable workload, resolved prerequisite, better independent oracle, or materially different bounded implementation changes the recorded decision.
78	2	R125	proposal	R125.buffer-according-to-predicted-decode-work	Buffer according to predicted decode work	lifecycle	core-playback	4	E1	Q2	UNSCREENED	CONVERSATION_SCOPE_AVAILABLE	User-visible operation latency, duplicated work or peak/steady live resource ownership; not object counts alone.	Trace the precise owner, generation, reset/flush/commit or allocation being changed. Reproduce the present behavior before removing any guard.	One short action trace through existing code with the candidate disabled/enabled; include the specific seek, cancellation or replacement transition it can affect.	Cancel or replace a source at the changed boundary and delay a stale callback/consumer; reject late publication and premature reuse.	A new applicable workload, resolved prerequisite, better independent oracle, or materially different bounded implementation changes the recorded decision.
79	2	R125	report-frontier	R125.webm-defaultduration-parser-holdback-report-paragraph-label.report-frontier	WebM DefaultDuration parser holdback [report paragraph label]	mux	core-playback	4	E1	Q2	UNSCREENED	SOURCE_BODY_AVAILABLE	Complete preparation/startup/refill work, bytes and ownership; output parser acceptance alone is not the metric.	Find where bytes/timestamps actually change, are copied, or are withheld. Compare against current persistent mux/parser behavior.	Construct one bounded positive output and one invalid-edge control using the same coded samples. Keep unrelated fragment/default policies fixed.	Wrong size/offset/configuration or a non-random-access cut must fail specifically; cancellation cannot publish another generation.	A new applicable workload, resolved prerequisite, better independent oracle, or materially different bounded implementation changes the recorded decision.
80	2	R126	proposal	R126.find-where-hardware-decoding-loses-on-short-jobs	Find where hardware decoding loses on short jobs	lifecycle	core-playback	4	E1	Q2	UNSCREENED	CONVERSATION_SCOPE_AVAILABLE	User-visible operation latency, duplicated work or peak/steady live resource ownership; not object counts alone.	Trace the precise owner, generation, reset/flush/commit or allocation being changed. Reproduce the present behavior before removing any guard.	One short action trace through existing code with the candidate disabled/enabled; include the specific seek, cancellation or replacement transition it can affect.	Cancel or replace a source at the changed boundary and delay a stale callback/consumer; reject late publication and premature reuse.	A new applicable workload, resolved prerequisite, better independent oracle, or materially different bounded implementation changes the recorded decision.
81	2	R126	report-frontier	R126.same-codec-bytestream-change-in-one-sourcebuffer-report-paragraph-label.report-frontier	Same-codec bytestream change in one SourceBuffer [report paragraph label]	lifecycle	core-playback	4	E1	Q2	UNSCREENED	SOURCE_BODY_AVAILABLE	User-visible operation latency, duplicated work or peak/steady live resource ownership; not object counts alone.	Trace the precise owner, generation, reset/flush/commit or allocation being changed. Reproduce the present behavior before removing any guard.	One short action trace through existing code with the candidate disabled/enabled; include the specific seek, cancellation or replacement transition it can affect.	Cancel or replace a source at the changed boundary and delay a stale callback/consumer; reject late publication and premature reuse.	A new applicable workload, resolved prerequisite, better independent oracle, or materially different bounded implementation changes the recorded decision.
82	2	R131	report-frontier	R131.global-mp4-sidx-materially-changes-remote-access.report-frontier	global MP4 sidx materially changes remote access	mux	core-playback	4	E1	Q2	UNSCREENED	SOURCE_BODY_AVAILABLE	Complete preparation/startup/refill work, bytes and ownership; output parser acceptance alone is not the metric.	Find where bytes/timestamps actually change, are copied, or are withheld. Compare against current persistent mux/parser behavior.	Construct one bounded positive output and one invalid-edge control using the same coded samples. Keep unrelated fragment/default policies fixed.	Wrong size/offset/configuration or a non-random-access cut must fail specifically; cancellation cannot publish another generation.	A new applicable workload, resolved prerequisite, better independent oracle, or materially different bounded implementation changes the recorded decision.
83	2	R135	report-continuity	R135.microfragment-size-versus-startup-bytes.report-continuity	microfragment size versus startup bytes	mux	core-playback	4	E1	Q2	UNSCREENED	SOURCE_BODY_AVAILABLE	Complete preparation/startup/refill work, bytes and ownership; output parser acceptance alone is not the metric.	Find where bytes/timestamps actually change, are copied, or are withheld. Compare against current persistent mux/parser behavior.	Construct one bounded positive output and one invalid-edge control using the same coded samples. Keep unrelated fragment/default policies fixed.	Wrong size/offset/configuration or a non-random-access cut must fail specifically; cancellation cannot publish another generation.	A new applicable workload, resolved prerequisite, better independent oracle, or materially different bounded implementation changes the recorded decision.
84	2	R140	report-continuity	R140.cue-less-webm-native-seek.report-continuity	cue-less WebM native seek	source	core-playback	4	E1	Q2	UNSCREENED	SOURCE_BODY_AVAILABLE	Total bytes and time to correct startup/target, including cold index/identity acquisition; bounded retained bytes.	Locate one real repeated read/index/validation boundary and its trusted source identity. Separate logical requests from transferred or physical-disk bytes.	Replay a short owned range/seek trace on a tiny indexed fixture, including its first cold operation, with the same source and authorization. Reuse the existing reader.	Change the source/version or corrupt an offset/proof and cancel one consumer. No stale or unverified bytes may be published.	A new applicable workload, resolved prerequisite, better independent oracle, or materially different bounded implementation changes the recorded decision.
85	2	R144	proposal	R144.compile-simple-ass-animations-into-reusable-timeline-programs	Compile simple ASS animations into reusable timeline programs	subtitles	core-playback	4	E1	Q2	UNSCREENED	CONVERSATION_SCOPE_AVAILABLE	Required caption capability or total render/extraction cost and retained cue/atlas memory.	Identify the exact subtitle representation, maintained renderer and existing cache behavior. Distinguish an oracle discrepancy from a player defect.	One authored cue/scene plus an overlapping or stateful boundary, using identical fonts, sizes and output semantics; reuse a maintained test.	Seek into an active cue, change fonts/layout/source, or omit a required style/control. No silent simplification or stale overlay.	A new applicable workload, resolved prerequisite, better independent oracle, or materially different bounded implementation changes the recorded decision.
86	2	R144	report-continuity	R144.evict-through-a-paused-current-position.report-continuity	evict through a paused current position	lifecycle	core-playback	4	E1	Q2	UNSCREENED	SOURCE_BODY_AVAILABLE	User-visible operation latency, duplicated work or peak/steady live resource ownership; not object counts alone.	Trace the precise owner, generation, reset/flush/commit or allocation being changed. Reproduce the present behavior before removing any guard.	One short action trace through existing code with the candidate disabled/enabled; include the specific seek, cancellation or replacement transition it can affect.	Cancel or replace a source at the changed boundary and delay a stale callback/consumer; reject late publication and premature reuse.	A new applicable workload, resolved prerequisite, better independent oracle, or materially different bounded implementation changes the recorded decision.
87	2	R162	proposal	R162.compile-a-qualified-mux-configuration-into-a-small-patch-program	Compile a qualified mux configuration into a small patch program	mux	core-playback	4	E1	Q2	UNSCREENED	CONVERSATION_SCOPE_AVAILABLE	Complete preparation/startup/refill work, bytes and ownership; output parser acceptance alone is not the metric.	Find where bytes/timestamps actually change, are copied, or are withheld. Compare against current persistent mux/parser behavior.	Construct one bounded positive output and one invalid-edge control using the same coded samples. Keep unrelated fragment/default policies fixed.	Wrong size/offset/configuration or a non-random-access cut must fail specifically; cancellation cannot publish another generation.	A new applicable workload, resolved prerequisite, better independent oracle, or materially different bounded implementation changes the recorded decision.
88	2	R169	proposal	R169.make-custom-presentation-aware-of-display-cadence	Make custom presentation aware of display cadence	lifecycle	core-playback	4	E1	Q2	UNSCREENED	CONVERSATION_SCOPE_AVAILABLE	User-visible operation latency, duplicated work or peak/steady live resource ownership; not object counts alone.	Trace the precise owner, generation, reset/flush/commit or allocation being changed. Reproduce the present behavior before removing any guard.	One short action trace through existing code with the candidate disabled/enabled; include the specific seek, cancellation or replacement transition it can affect.	Cancel or replace a source at the changed boundary and delay a stale callback/consumer; reject late publication and premature reuse.	A new applicable workload, resolved prerequisite, better independent oracle, or materially different bounded implementation changes the recorded decision.
89	2	R170	proposal	R170.separate-audio-clock-drift-from-an-audio-latency-jump	Separate audio-clock drift from an audio-latency jump	lifecycle	core-playback	4	E1	Q2	UNSCREENED	CONVERSATION_SCOPE_AVAILABLE	User-visible operation latency, duplicated work or peak/steady live resource ownership; not object counts alone.	Trace the precise owner, generation, reset/flush/commit or allocation being changed. Reproduce the present behavior before removing any guard.	One short action trace through existing code with the candidate disabled/enabled; include the specific seek, cancellation or replacement transition it can affect.	Cancel or replace a source at the changed boundary and delay a stale callback/consumer; reject late publication and premature reuse.	A new applicable workload, resolved prerequisite, better independent oracle, or materially different bounded implementation changes the recorded decision.
90	2	R188	report-defined	R188.schedule-verified-playable-data	schedule verified playable data	source	core-playback	4	E1	Q2	UNSCREENED	SOURCE_BODY_AVAILABLE	Total bytes and time to correct startup/target, including cold index/identity acquisition; bounded retained bytes.	Locate one real repeated read/index/validation boundary and its trusted source identity. Separate logical requests from transferred or physical-disk bytes.	Replay a short owned range/seek trace on a tiny indexed fixture, including its first cold operation, with the same source and authorization. Reuse the existing reader.	Change the source/version or corrupt an offset/proof and cancel one consumer. No stale or unverified bytes may be published.	A new applicable workload, resolved prerequisite, better independent oracle, or materially different bounded implementation changes the recorded decision.
91	2	R189	report-defined	R189.sparse-track-future-time-bounds	sparse-track future-time bounds	mux	core-playback	4	E1	Q2	UNSCREENED	SOURCE_BODY_AVAILABLE	Complete preparation/startup/refill work, bytes and ownership; output parser acceptance alone is not the metric.	Find where bytes/timestamps actually change, are copied, or are withheld. Compare against current persistent mux/parser behavior.	Construct one bounded positive output and one invalid-edge control using the same coded samples. Keep unrelated fragment/default policies fixed.	Wrong size/offset/configuration or a non-random-access cut must fail specifically; cancellation cannot publish another generation.	A new applicable workload, resolved prerequisite, better independent oracle, or materially different bounded implementation changes the recorded decision.
92	2	R200	report-defined	R200.content-addressed-reuse-across-different-files	content-addressed reuse across different files	lifecycle	core-playback	4	E1	Q2	UNSCREENED	SOURCE_BODY_AVAILABLE	User-visible operation latency, duplicated work or peak/steady live resource ownership; not object counts alone.	Trace the precise owner, generation, reset/flush/commit or allocation being changed. Reproduce the present behavior before removing any guard.	One short action trace through existing code with the candidate disabled/enabled; include the specific seek, cancellation or replacement transition it can affect.	Cancel or replace a source at the changed boundary and delay a stale callback/consumer; reject late publication and premature reuse.	A new applicable workload, resolved prerequisite, better independent oracle, or materially different bounded implementation changes the recorded decision.
93	2	R213	report-defined	R213.compare-whole-frames-on-the-graphics-side-and-read-back-only-the-witness	Compare whole frames on the graphics side and read back only the witness	lifecycle	core-playback	4	E1	Q2	UNSCREENED	SOURCE_BODY_AVAILABLE	User-visible operation latency, duplicated work or peak/steady live resource ownership; not object counts alone.	Trace the precise owner, generation, reset/flush/commit or allocation being changed. Reproduce the present behavior before removing any guard.	One short action trace through existing code with the candidate disabled/enabled; include the specific seek, cancellation or replacement transition it can affect.	Cancel or replace a source at the changed boundary and delay a stale callback/consumer; reject late publication and premature reuse.	A new applicable workload, resolved prerequisite, better independent oracle, or materially different bounded implementation changes the recorded decision.
94	2	R215	report-defined	R215.upload-operation-selected-by-existing-layout	upload operation selected by existing layout	gpu	core-playback	4	E1	Q2	UNSCREENED	SOURCE_BODY_AVAILABLE	Complete decode/process/present cost, transfers, command work or peak live storage for identical requested output.	Identify the CPU/GPU representation boundary and actual useful work removed. Check existing renderer fusions, caches, kernel fast paths and hardware gates.	Small deterministic planes/blocks or an existing real frame with one adversarial edge. Use a bounded component test if GPU integration is not already available, labeling it as such.	Change stride, crop, phase, alpha, edge neighborhood or resource generation; exercise a case where the proposed shortcut is ineligible.	A new applicable workload, resolved prerequisite, better independent oracle, or materially different bounded implementation changes the recorded decision.
95	2	R216	report-defined	R216.one-request-for-distant-byte-ranges	one request for distant byte ranges	source	core-playback	4	E1	Q2	UNSCREENED	SOURCE_BODY_AVAILABLE	Total bytes and time to correct startup/target, including cold index/identity acquisition; bounded retained bytes.	Locate one real repeated read/index/validation boundary and its trusted source identity. Separate logical requests from transferred or physical-disk bytes.	Replay a short owned range/seek trace on a tiny indexed fixture, including its first cold operation, with the same source and authorization. Reuse the existing reader.	Change the source/version or corrupt an offset/proof and cancel one consumer. No stale or unverified bytes may be published.	A new applicable workload, resolved prerequisite, better independent oracle, or materially different bounded implementation changes the recorded decision.
96	2	R220	report-defined	R220.scoped-transport-clock-normalization	scoped transport-clock normalization	mux	core-playback	4	E1	Q2	UNSCREENED	SOURCE_BODY_AVAILABLE	Complete preparation/startup/refill work, bytes and ownership; output parser acceptance alone is not the metric.	Find where bytes/timestamps actually change, are copied, or are withheld. Compare against current persistent mux/parser behavior.	Construct one bounded positive output and one invalid-edge control using the same coded samples. Keep unrelated fragment/default policies fixed.	Wrong size/offset/configuration or a non-random-access cut must fail specifically; cancellation cannot publish another generation.	A new applicable workload, resolved prerequisite, better independent oracle, or materially different bounded implementation changes the recorded decision.
97	2	R221	report-defined	R221.gpu-intermediate-lifetime-planning	GPU intermediate lifetime planning	gpu	core-playback	4	E1	Q2	UNSCREENED	SOURCE_BODY_AVAILABLE	Complete decode/process/present cost, transfers, command work or peak live storage for identical requested output.	Identify the CPU/GPU representation boundary and actual useful work removed. Check existing renderer fusions, caches, kernel fast paths and hardware gates.	Small deterministic planes/blocks or an existing real frame with one adversarial edge. Use a bounded component test if GPU integration is not already available, labeling it as such.	Change stride, crop, phase, alpha, edge neighborhood or resource generation; exercise a case where the proposed shortcut is ineligible.	A new applicable workload, resolved prerequisite, better independent oracle, or materially different bounded implementation changes the recorded decision.
98	2	R222	report-defined	R222.independently-checkable-remux-construction-record	independently checkable remux construction record	mux	core-playback	4	E1	Q2	UNSCREENED	SOURCE_BODY_AVAILABLE	Complete preparation/startup/refill work, bytes and ownership; output parser acceptance alone is not the metric.	Find where bytes/timestamps actually change, are copied, or are withheld. Compare against current persistent mux/parser behavior.	Construct one bounded positive output and one invalid-edge control using the same coded samples. Keep unrelated fragment/default policies fixed.	Wrong size/offset/configuration or a non-random-access cut must fail specifically; cancellation cannot publish another generation.	A new applicable workload, resolved prerequisite, better independent oracle, or materially different bounded implementation changes the recorded decision.
99	2	R229	report-continuity	R229.mpeg-ts-track-elimination-with-payload-preservation.report-continuity	MPEG-TS track elimination with payload preservation	mux	core-playback	4	E1	Q2	UNSCREENED	SOURCE_BODY_AVAILABLE	Complete preparation/startup/refill work, bytes and ownership; output parser acceptance alone is not the metric.	Find where bytes/timestamps actually change, are copied, or are withheld. Compare against current persistent mux/parser behavior.	Construct one bounded positive output and one invalid-edge control using the same coded samples. Keep unrelated fragment/default policies fixed.	Wrong size/offset/configuration or a non-random-access cut must fail specifically; cancellation cannot publish another generation.	A new applicable workload, resolved prerequisite, better independent oracle, or materially different bounded implementation changes the recorded decision.
100	2	R230	report-continuity	R230.exact-mp3-seek-closure.report-continuity	exact MP3 seek closure	source	core-playback	4	E1	Q2	UNSCREENED	SOURCE_BODY_AVAILABLE	Total bytes and time to correct startup/target, including cold index/identity acquisition; bounded retained bytes.	Locate one real repeated read/index/validation boundary and its trusted source identity. Separate logical requests from transferred or physical-disk bytes.	Replay a short owned range/seek trace on a tiny indexed fixture, including its first cold operation, with the same source and authorization. Reuse the existing reader.	Change the source/version or corrupt an offset/proof and cancel one consumer. No stale or unverified bytes may be published.	A new applicable workload, resolved prerequisite, better independent oracle, or materially different bounded implementation changes the recorded decision.
101	2	R233	proposal	R233.make-independently-resampled-audio-chunks-join-exactly	Make independently resampled audio chunks join exactly	audio	core-playback	4	E1	Q2	UNSCREENED	CONVERSATION_SCOPE_AVAILABLE	Complete specified audio operation, output sample count/phase and practical CPU/memory or repeated-query cost.	Write the exact requested signal operation, codec tool constraints, state and rounding contract. Check whether an optimized existing library already performs it.	A tiny independent numerical/bitstream oracle plus one boundary or adversarial case. Only use a matching Wasm slice when available and inexpensive.	Extrema, invalid precision, changed predictor/phase/history or a nonlinear stage must invalidate assumptions. No covert resampling/downmix/quality change.	A new applicable workload, resolved prerequisite, better independent oracle, or materially different bounded implementation changes the recorded decision.
102	2	R237	proposal	R237.propagate-the-visible-region-backward-through-the-effects-pipeline	Propagate the visible region backward through the effects pipeline	gpu	core-playback	4	E1	Q2	UNSCREENED	CONVERSATION_SCOPE_AVAILABLE	Complete decode/process/present cost, transfers, command work or peak live storage for identical requested output.	Identify the CPU/GPU representation boundary and actual useful work removed. Check existing renderer fusions, caches, kernel fast paths and hardware gates.	Small deterministic planes/blocks or an existing real frame with one adversarial edge. Use a bounded component test if GPU integration is not already available, labeling it as such.	Change stride, crop, phase, alpha, edge neighborhood or resource generation; exercise a case where the proposed shortcut is ineligible.	A new applicable workload, resolved prerequisite, better independent oracle, or materially different bounded implementation changes the recorded decision.
103	2	R238	proposal	R238.let-channel-reduction-cross-the-resampler-boundary	Let channel reduction cross the resampler boundary	audio	core-playback	4	E1	Q2	UNSCREENED	CONVERSATION_SCOPE_AVAILABLE	Complete specified audio operation, output sample count/phase and practical CPU/memory or repeated-query cost.	Write the exact requested signal operation, codec tool constraints, state and rounding contract. Check whether an optimized existing library already performs it.	A tiny independent numerical/bitstream oracle plus one boundary or adversarial case. Only use a matching Wasm slice when available and inexpensive.	Extrema, invalid precision, changed predictor/phase/history or a nonlinear stage must invalidate assumptions. No covert resampling/downmix/quality change.	A new applicable workload, resolved prerequisite, better independent oracle, or materially different bounded implementation changes the recorded decision.
104	2	R239	proposal	R239.wait-for-the-required-pictures-without-draining-the-decoder	Wait for the required pictures without draining the decoder	lifecycle	core-playback	4	E1	Q2	UNSCREENED	CONVERSATION_SCOPE_AVAILABLE	User-visible operation latency, duplicated work or peak/steady live resource ownership; not object counts alone.	Trace the precise owner, generation, reset/flush/commit or allocation being changed. Reproduce the present behavior before removing any guard.	One short action trace through existing code with the candidate disabled/enabled; include the specific seek, cancellation or replacement transition it can affect.	Cancel or replace a source at the changed boundary and delay a stale callback/consumer; reject late publication and premature reuse.	A new applicable workload, resolved prerequisite, better independent oracle, or materially different bounded implementation changes the recorded decision.
105	2	R243	proposal	R243.carry-exact-silence-through-the-pipeline-without-allocating-its-samples	Carry exact silence through the pipeline without allocating its samples	gpu	core-playback	4	E1	Q2	UNSCREENED	CONVERSATION_SCOPE_AVAILABLE	Complete decode/process/present cost, transfers, command work or peak live storage for identical requested output.	Identify the CPU/GPU representation boundary and actual useful work removed. Check existing renderer fusions, caches, kernel fast paths and hardware gates.	Small deterministic planes/blocks or an existing real frame with one adversarial edge. Use a bounded component test if GPU integration is not already available, labeling it as such.	Change stride, crop, phase, alpha, edge neighborhood or resource generation; exercise a case where the proposed shortcut is ineligible.	A new applicable workload, resolved prerequisite, better independent oracle, or materially different bounded implementation changes the recorded decision.
106	2	R243	report-C	R243.remove-nonessential-h-264-sei.report-c	remove nonessential H.264 SEI	mux	core-playback	4	E1	Q2	UNSCREENED	SOURCE_BODY_AVAILABLE	Complete preparation/startup/refill work, bytes and ownership; output parser acceptance alone is not the metric.	Find where bytes/timestamps actually change, are copied, or are withheld. Compare against current persistent mux/parser behavior.	Construct one bounded positive output and one invalid-edge control using the same coded samples. Keep unrelated fragment/default policies fixed.	Wrong size/offset/configuration or a non-random-access cut must fail specifically; cancellation cannot publish another generation.	A new applicable workload, resolved prerequisite, better independent oracle, or materially different bounded implementation changes the recorded decision.
107	2	R264	report-defined	R264.exact-incremental-image-statistics	exact incremental image statistics	gpu	core-playback	4	E1	Q2	UNSCREENED	SOURCE_BODY_AVAILABLE	Complete decode/process/present cost, transfers, command work or peak live storage for identical requested output.	Identify the CPU/GPU representation boundary and actual useful work removed. Check existing renderer fusions, caches, kernel fast paths and hardware gates.	Small deterministic planes/blocks or an existing real frame with one adversarial edge. Use a bounded component test if GPU integration is not already available, labeling it as such.	Change stride, crop, phase, alpha, edge neighborhood or resource generation; exercise a case where the proposed shortcut is ineligible.	A new applicable workload, resolved prerequisite, better independent oracle, or materially different bounded implementation changes the recorded decision.
108	2	R265	report-defined	R265.sparse-correction-for-cached-linear-audio-filtering	sparse correction for cached linear audio filtering	audio	core-playback	4	E1	Q2	UNSCREENED	SOURCE_BODY_AVAILABLE	Complete specified audio operation, output sample count/phase and practical CPU/memory or repeated-query cost.	Write the exact requested signal operation, codec tool constraints, state and rounding contract. Check whether an optimized existing library already performs it.	A tiny independent numerical/bitstream oracle plus one boundary or adversarial case. Only use a matching Wasm slice when available and inexpensive.	Extrema, invalid precision, changed predictor/phase/history or a nonlinear stage must invalidate assumptions. No covert resampling/downmix/quality change.	A new applicable workload, resolved prerequisite, better independent oracle, or materially different bounded implementation changes the recorded decision.
109	2	R267	report-defined	R267.deadline-slack-before-optimization	deadline slack before optimization	lifecycle	core-playback	4	E1	Q2	UNSCREENED	SOURCE_BODY_AVAILABLE	User-visible operation latency, duplicated work or peak/steady live resource ownership; not object counts alone.	Trace the precise owner, generation, reset/flush/commit or allocation being changed. Reproduce the present behavior before removing any guard.	One short action trace through existing code with the candidate disabled/enabled; include the specific seek, cancellation or replacement transition it can affect.	Cancel or replace a source at the changed boundary and delay a stale callback/consumer; reject late publication and premature reuse.	A new applicable workload, resolved prerequisite, better independent oracle, or materially different bounded implementation changes the recorded decision.
110	2	R296	proposal	R296.generate-seek-fragments-without-replaying-a-mux-session	Generate seek fragments without replaying a mux session	mux	core-playback	4	E1	Q2	UNSCREENED	SOURCE_BODY_AVAILABLE	Complete preparation/startup/refill work, bytes and ownership; output parser acceptance alone is not the metric.	Find where bytes/timestamps actually change, are copied, or are withheld. Compare against current persistent mux/parser behavior.	Construct one bounded positive output and one invalid-edge control using the same coded samples. Keep unrelated fragment/default policies fixed.	Wrong size/offset/configuration or a non-random-access cut must fail specifically; cancellation cannot publish another generation.	A new applicable workload, resolved prerequisite, better independent oracle, or materially different bounded implementation changes the recorded decision.
111	2	R297	proposal	R297.query-mp4-timing-tables-without-expanding-every-sample-record	Query MP4 timing tables without expanding every sample record	source	core-playback	4	E1	Q2	UNSCREENED	SOURCE_BODY_AVAILABLE	Total bytes and time to correct startup/target, including cold index/identity acquisition; bounded retained bytes.	Locate one real repeated read/index/validation boundary and its trusted source identity. Separate logical requests from transferred or physical-disk bytes.	Replay a short owned range/seek trace on a tiny indexed fixture, including its first cold operation, with the same source and authorization. Reuse the existing reader.	Change the source/version or corrupt an offset/proof and cancel one consumer. No stale or unverified bytes may be published.	A new applicable workload, resolved prerequisite, better independent oracle, or materially different bounded implementation changes the recorded decision.
112	2	R298	proposal	R298.copy-surviving-packets-to-release-oversized-backing-buffers	Copy surviving packets to release oversized backing buffers	lifecycle	core-playback	4	E1	Q2	UNSCREENED	SOURCE_BODY_AVAILABLE	User-visible operation latency, duplicated work or peak/steady live resource ownership; not object counts alone.	Trace the precise owner, generation, reset/flush/commit or allocation being changed. Reproduce the present behavior before removing any guard.	One short action trace through existing code with the candidate disabled/enabled; include the specific seek, cancellation or replacement transition it can affect.	Cancel or replace a source at the changed boundary and delay a stale callback/consumer; reject late publication and premature reuse.	A new applicable workload, resolved prerequisite, better independent oracle, or materially different bounded implementation changes the recorded decision.
113	2	R318	report-continuity	R318.decode-a-gop-once-for-exact-reverse-frame-playback.report-continuity	Decode a GOP once for exact reverse-frame playback	mux	core-playback	4	E1	Q2	UNSCREENED	SOURCE_BODY_AVAILABLE	Complete preparation/startup/refill work, bytes and ownership; output parser acceptance alone is not the metric.	Find where bytes/timestamps actually change, are copied, or are withheld. Compare against current persistent mux/parser behavior.	Construct one bounded positive output and one invalid-edge control using the same coded samples. Keep unrelated fragment/default policies fixed.	Wrong size/offset/configuration or a non-random-access cut must fail specifically; cancellation cannot publish another generation.	A new applicable workload, resolved prerequisite, better independent oracle, or materially different bounded implementation changes the recorded decision.
114	2	R321	report-continuity	R321.exact-iir-seek-checkpoints.report-continuity	Exact IIR seek checkpoints	source	core-playback	4	E1	Q2	UNSCREENED	SOURCE_BODY_AVAILABLE	Total bytes and time to correct startup/target, including cold index/identity acquisition; bounded retained bytes.	Locate one real repeated read/index/validation boundary and its trusted source identity. Separate logical requests from transferred or physical-disk bytes.	Replay a short owned range/seek trace on a tiny indexed fixture, including its first cold operation, with the same source and authorization. Reuse the existing reader.	Change the source/version or corrupt an offset/proof and cancel one consumer. No stale or unverified bytes may be published.	A new applicable workload, resolved prerequisite, better independent oracle, or materially different bounded implementation changes the recorded decision.
115	2	R323	report-continuity	R323.merkle-proof-cached-range-verification.report-continuity	Merkle-proof cached-range verification	mux	core-playback	4	E1	Q2	UNSCREENED	SOURCE_BODY_AVAILABLE	Complete preparation/startup/refill work, bytes and ownership; output parser acceptance alone is not the metric.	Find where bytes/timestamps actually change, are copied, or are withheld. Compare against current persistent mux/parser behavior.	Construct one bounded positive output and one invalid-edge control using the same coded samples. Keep unrelated fragment/default policies fixed.	Wrong size/offset/configuration or a non-random-access cut must fail specifically; cancellation cannot publish another generation.	A new applicable workload, resolved prerequisite, better independent oracle, or materially different bounded implementation changes the recorded decision.
116	2	R327	proposal	R327.share-one-decoded-audio-source-across-many-sample-rate-consumers	Share one decoded audio source across many sample-rate consumers	lifecycle	core-playback	4	E1	Q2	UNSCREENED	CONVERSATION_SCOPE_AVAILABLE	User-visible operation latency, duplicated work or peak/steady live resource ownership; not object counts alone.	Trace the precise owner, generation, reset/flush/commit or allocation being changed. Reproduce the present behavior before removing any guard.	One short action trace through existing code with the candidate disabled/enabled; include the specific seek, cancellation or replacement transition it can affect.	Cancel or replace a source at the changed boundary and delay a stale callback/consumer; reject late publication and premature reuse.	A new applicable workload, resolved prerequisite, better independent oracle, or materially different bounded implementation changes the recorded decision.
117	2	R330	proposal	R330.encode-repeated-subtitle-glyph-arrangements-as-reusable-scene-objects	Encode repeated subtitle glyph arrangements as reusable scene objects	subtitles	core-playback	4	E1	Q2	UNSCREENED	CONVERSATION_SCOPE_AVAILABLE	Required caption capability or total render/extraction cost and retained cue/atlas memory.	Identify the exact subtitle representation, maintained renderer and existing cache behavior. Distinguish an oracle discrepancy from a player defect.	One authored cue/scene plus an overlapping or stateful boundary, using identical fonts, sizes and output semantics; reuse a maintained test.	Seek into an active cue, change fonts/layout/source, or omit a required style/control. No silent simplification or stale overlay.	A new applicable workload, resolved prerequisite, better independent oracle, or materially different bounded implementation changes the recorded decision.
118	2	R334	proposal	R334.share-one-demux-pass-across-independent-playback-and-export-timelines	Share one demux pass across independent playback and export timelines	lifecycle	core-playback	4	E1	Q2	UNSCREENED	SOURCE_BODY_AVAILABLE	User-visible operation latency, duplicated work or peak/steady live resource ownership; not object counts alone.	Trace the precise owner, generation, reset/flush/commit or allocation being changed. Reproduce the present behavior before removing any guard.	One short action trace through existing code with the candidate disabled/enabled; include the specific seek, cancellation or replacement transition it can affect.	Cancel or replace a source at the changed boundary and delay a stale callback/consumer; reject late publication and premature reuse.	A new applicable workload, resolved prerequisite, better independent oracle, or materially different bounded implementation changes the recorded decision.
119	2	R339	proposal	R339.collapse-chroma-expansion-and-final-resizing-into-one-filter	Collapse chroma expansion and final resizing into one filter	gpu	core-playback	4	E1	Q2	UNSCREENED	SOURCE_BODY_AVAILABLE	Complete decode/process/present cost, transfers, command work or peak live storage for identical requested output.	Identify the CPU/GPU representation boundary and actual useful work removed. Check existing renderer fusions, caches, kernel fast paths and hardware gates.	Small deterministic planes/blocks or an existing real frame with one adversarial edge. Use a bounded component test if GPU integration is not already available, labeling it as such.	Change stride, crop, phase, alpha, edge neighborhood or resource generation; exercise a case where the proposed shortcut is ineligible.	A new applicable workload, resolved prerequisite, better independent oracle, or materially different bounded implementation changes the recorded decision.
120	2	R349	proposal	R349.seek-through-hierarchical-mp4-indexes-without-loading-the-whole-index	Seek through hierarchical MP4 indexes without loading the whole index	source	core-playback	4	E1	Q2	UNSCREENED	SOURCE_BODY_AVAILABLE	Total bytes and time to correct startup/target, including cold index/identity acquisition; bounded retained bytes.	Locate one real repeated read/index/validation boundary and its trusted source identity. Separate logical requests from transferred or physical-disk bytes.	Replay a short owned range/seek trace on a tiny indexed fixture, including its first cold operation, with the same source and authorization. Reuse the existing reader.	Change the source/version or corrupt an offset/proof and cancel one consumer. No stale or unverified bytes may be published.	A new applicable workload, resolved prerequisite, better independent oracle, or materially different bounded implementation changes the recorded decision.
121	2	R360	proposal	R360.retarget-in-flight-decoding-instead-of-restarting-a-forward-scrub	Retarget in-flight decoding instead of restarting a forward scrub	lifecycle	core-playback	4	E1	Q2	UNSCREENED	SOURCE_BODY_AVAILABLE	User-visible operation latency, duplicated work or peak/steady live resource ownership; not object counts alone.	Trace the precise owner, generation, reset/flush/commit or allocation being changed. Reproduce the present behavior before removing any guard.	One short action trace through existing code with the candidate disabled/enabled; include the specific seek, cancellation or replacement transition it can affect.	Cancel or replace a source at the changed boundary and delay a stale callback/consumer; reject late publication and premature reuse.	A new applicable workload, resolved prerequisite, better independent oracle, or materially different bounded implementation changes the recorded decision.
122	2	R361	proposal	R361.keep-frame-adaptive-analysis-and-rendering-on-one-gpu-timeline	Keep frame-adaptive analysis and rendering on one GPU timeline	gpu	core-playback	4	E1	Q2	UNSCREENED	SOURCE_BODY_AVAILABLE	Complete decode/process/present cost, transfers, command work or peak live storage for identical requested output.	Identify the CPU/GPU representation boundary and actual useful work removed. Check existing renderer fusions, caches, kernel fast paths and hardware gates.	Small deterministic planes/blocks or an existing real frame with one adversarial edge. Use a bounded component test if GPU integration is not already available, labeling it as such.	Change stride, crop, phase, alpha, edge neighborhood or resource generation; exercise a case where the proposed shortcut is ineligible.	A new applicable workload, resolved prerequisite, better independent oracle, or materially different bounded implementation changes the recorded decision.
123	2	R364	proposal	R364.reuse-gpu-command-sequences-across-changing-video-frames	Reuse GPU command sequences across changing video frames	gpu	core-playback	4	E1	Q2	UNSCREENED	SOURCE_BODY_AVAILABLE	Complete decode/process/present cost, transfers, command work or peak live storage for identical requested output.	Identify the CPU/GPU representation boundary and actual useful work removed. Check existing renderer fusions, caches, kernel fast paths and hardware gates.	Small deterministic planes/blocks or an existing real frame with one adversarial edge. Use a bounded component test if GPU integration is not already available, labeling it as such.	Change stride, crop, phase, alpha, edge neighborhood or resource generation; exercise a case where the proposed shortcut is ineligible.	A new applicable workload, resolved prerequisite, better independent oracle, or materially different bounded implementation changes the recorded decision.
124	2	R121	report-frontier	R121.insert-a-freeze-with-an-empty-edit.report-frontier	Insert a freeze with an empty edit	mux	core-playback	4	E1	Q3	UNSCREENED	SOURCE_BODY_AVAILABLE	Complete preparation/startup/refill work, bytes and ownership; output parser acceptance alone is not the metric.	Find where bytes/timestamps actually change, are copied, or are withheld. Compare against current persistent mux/parser behavior.	Construct one bounded positive output and one invalid-edge control using the same coded samples. Keep unrelated fragment/default policies fixed.	Wrong size/offset/configuration or a non-random-access cut must fail specifically; cancellation cannot publish another generation.	A new applicable workload, resolved prerequisite, better independent oracle, or materially different bounded implementation changes the recorded decision.
125	2	R123	report-frontier	R123.webm-positive-discardpadding-tail-trim-report-paragraph-label.report-frontier	WebM positive DiscardPadding tail trim [report paragraph label]	mux	core-playback	4	E1	Q3	UNSCREENED	SOURCE_BODY_AVAILABLE	Complete preparation/startup/refill work, bytes and ownership; output parser acceptance alone is not the metric.	Find where bytes/timestamps actually change, are copied, or are withheld. Compare against current persistent mux/parser behavior.	Construct one bounded positive output and one invalid-edge control using the same coded samples. Keep unrelated fragment/default policies fixed.	Wrong size/offset/configuration or a non-random-access cut must fail specifically; cancellation cannot publish another generation.	A new applicable workload, resolved prerequisite, better independent oracle, or materially different bounded implementation changes the recorded decision.
126	2	R132	report-continuity	R132.incremental-mdat-sample-release.report-continuity	incremental mdat sample release	mux	core-playback	4	E1	Q3	UNSCREENED	SOURCE_BODY_AVAILABLE	Complete preparation/startup/refill work, bytes and ownership; output parser acceptance alone is not the metric.	Find where bytes/timestamps actually change, are copied, or are withheld. Compare against current persistent mux/parser behavior.	Construct one bounded positive output and one invalid-edge control using the same coded samples. Keep unrelated fragment/default policies fixed.	Wrong size/offset/configuration or a non-random-access cut must fail specifically; cancellation cannot publish another generation.	A new applicable workload, resolved prerequisite, better independent oracle, or materially different bounded implementation changes the recorded decision.
127	2	R133	report-continuity	R133.append-moof-and-mdat-separately.report-continuity	append moof and mdat separately	mux	core-playback	4	E1	Q3	UNSCREENED	SOURCE_BODY_AVAILABLE	Complete preparation/startup/refill work, bytes and ownership; output parser acceptance alone is not the metric.	Find where bytes/timestamps actually change, are copied, or are withheld. Compare against current persistent mux/parser behavior.	Construct one bounded positive output and one invalid-edge control using the same coded samples. Keep unrelated fragment/default policies fixed.	Wrong size/offset/configuration or a non-random-access cut must fail specifically; cancellation cannot publish another generation.	A new applicable workload, resolved prerequisite, better independent oracle, or materially different bounded implementation changes the recorded decision.
128	2	R134	report-continuity	R134.complete-sample-versus-arbitrary-byte-boundary.report-continuity	complete-sample versus arbitrary byte boundary	mux	core-playback	4	E1	Q3	UNSCREENED	SOURCE_BODY_AVAILABLE	Complete preparation/startup/refill work, bytes and ownership; output parser acceptance alone is not the metric.	Find where bytes/timestamps actually change, are copied, or are withheld. Compare against current persistent mux/parser behavior.	Construct one bounded positive output and one invalid-edge control using the same coded samples. Keep unrelated fragment/default policies fixed.	Wrong size/offset/configuration or a non-random-access cut must fail specifically; cancellation cannot publish another generation.	A new applicable workload, resolved prerequisite, better independent oracle, or materially different bounded implementation changes the recorded decision.
129	2	R136	report-continuity	R136.worker-owned-mse-with-mediasourcehandle.report-continuity	worker-owned MSE with MediaSourceHandle	lifecycle	core-playback	4	E1	Q3	UNSCREENED	SOURCE_BODY_AVAILABLE	User-visible operation latency, duplicated work or peak/steady live resource ownership; not object counts alone.	Trace the precise owner, generation, reset/flush/commit or allocation being changed. Reproduce the present behavior before removing any guard.	One short action trace through existing code with the candidate disabled/enabled; include the specific seek, cancellation or replacement transition it can affect.	Cancel or replace a source at the changed boundary and delay a stale callback/consumer; reject late publication and premature reuse.	A new applicable workload, resolved prerequisite, better independent oracle, or materially different bounded implementation changes the recorded decision.
130	2	R137	report-continuity	R137.transferable-compressed-buffers-into-worker-mse.report-continuity	transferable compressed buffers into worker MSE	lifecycle	core-playback	4	E1	Q3	UNSCREENED	SOURCE_BODY_AVAILABLE	User-visible operation latency, duplicated work or peak/steady live resource ownership; not object counts alone.	Trace the precise owner, generation, reset/flush/commit or allocation being changed. Reproduce the present behavior before removing any guard.	One short action trace through existing code with the candidate disabled/enabled; include the specific seek, cancellation or replacement transition it can affect.	Cancel or replace a source at the changed boundary and delay a stale callback/consumer; reject late publication and premature reuse.	A new applicable workload, resolved prerequisite, better independent oracle, or materially different bounded implementation changes the recorded decision.
131	2	R139	report-continuity	R139.continuous-playback-through-h-264-fmp4-vp9-webm.report-continuity	continuous playback through H.264/fMP4 → VP9/WebM	mux	core-playback	4	E1	Q3	UNSCREENED	SOURCE_BODY_AVAILABLE	Complete preparation/startup/refill work, bytes and ownership; output parser acceptance alone is not the metric.	Find where bytes/timestamps actually change, are copied, or are withheld. Compare against current persistent mux/parser behavior.	Construct one bounded positive output and one invalid-edge control using the same coded samples. Keep unrelated fragment/default policies fixed.	Wrong size/offset/configuration or a non-random-access cut must fail specifically; cancellation cannot publish another generation.	A new applicable workload, resolved prerequisite, better independent oracle, or materially different bounded implementation changes the recorded decision.
132	2	R145	report-continuity	R145.native-frame-relay-without-js-pixel-readback.report-continuity	native frame relay without JS pixel readback	lifecycle	core-playback	4	E1	Q3	UNSCREENED	SOURCE_BODY_AVAILABLE	User-visible operation latency, duplicated work or peak/steady live resource ownership; not object counts alone.	Trace the precise owner, generation, reset/flush/commit or allocation being changed. Reproduce the present behavior before removing any guard.	One short action trace through existing code with the candidate disabled/enabled; include the specific seek, cancellation or replacement transition it can affect.	Cancel or replace a source at the changed boundary and delay a stale callback/consumer; reject late publication and premature reuse.	A new applicable workload, resolved prerequisite, better independent oracle, or materially different bounded implementation changes the recorded decision.
133	2	R203	report-defined	R203.regroup-existing-opus-frames-without-re-encoding	Regroup existing Opus frames without re-encoding	route	core-playback	4	E1	Q3	UNSCREENED	SOURCE_BODY_AVAILABLE	Correct additional admitted source/destination capability; otherwise full startup and CPU/resource cost.	Trace actual input representation, requested tracks/features, current accepted plan and the decoder boundary. Check whether this adapter or destination is already used.	Use one tiny admitted source plus one unsupported/near-boundary control through the existing destination or adapter; compare required output identity with the cheapest correct route. No broad codec port.	Alter one admission-critical configuration, remove a required dependency, or preserve video while making selected audio unsupported. Candidate must reject or use a declared fallback.	A new applicable workload, resolved prerequisite, better independent oracle, or materially different bounded implementation changes the recorded decision.
134	2	R242	report-C	R242.h-264-aspect-metadata-with-no-vcl-rewrite.report-c	H.264 aspect metadata with no VCL rewrite	mux	core-playback	4	E1	Q3	UNSCREENED	SOURCE_BODY_AVAILABLE	Complete preparation/startup/refill work, bytes and ownership; output parser acceptance alone is not the metric.	Find where bytes/timestamps actually change, are copied, or are withheld. Compare against current persistent mux/parser behavior.	Construct one bounded positive output and one invalid-edge control using the same coded samples. Keep unrelated fragment/default policies fixed.	Wrong size/offset/configuration or a non-random-access cut must fail specifically; cancellation cannot publish another generation.	A new applicable workload, resolved prerequisite, better independent oracle, or materially different bounded implementation changes the recorded decision.
135	2	R272	report-defined	R272.roi-videoframe-copyto	ROI VideoFrame.copyTo	route	core-playback	4	E1	Q3	UNSCREENED	SOURCE_BODY_AVAILABLE	Correct additional admitted source/destination capability; otherwise full startup and CPU/resource cost.	Trace actual input representation, requested tracks/features, current accepted plan and the decoder boundary. Check whether this adapter or destination is already used.	Use one tiny admitted source plus one unsupported/near-boundary control through the existing destination or adapter; compare required output identity with the cheapest correct route. No broad codec port.	Alter one admission-critical configuration, remove a required dependency, or preserve video while making selected audio unsupported. Candidate must reject or use a declared fallback.	A new applicable workload, resolved prerequisite, better independent oracle, or materially different bounded implementation changes the recorded decision.
136	2	R289	proposal	R289.share-one-native-decoder-across-unrelated-independent-picture-jobs	Share one native decoder across unrelated independent-picture jobs	route	core-playback	4	E1	Q3	UNSCREENED	SOURCE_BODY_AVAILABLE	Correct additional admitted source/destination capability; otherwise full startup and CPU/resource cost.	Trace actual input representation, requested tracks/features, current accepted plan and the decoder boundary. Check whether this adapter or destination is already used.	Use one tiny admitted source plus one unsupported/near-boundary control through the existing destination or adapter; compare required output identity with the cheapest correct route. No broad codec port.	Alter one admission-critical configuration, remove a required dependency, or preserve video while making selected audio unsupported. Candidate must reject or use a declared fallback.	A new applicable workload, resolved prerequisite, better independent oracle, or materially different bounded implementation changes the recorded decision.
137	2	R319	proposal	R319.copy-only-the-part-of-a-decoded-videoframe-an-analysis-task-actually-needs	Copy only the part of a decoded VideoFrame an analysis task actually needs	route	core-playback	4	E1	Q3	UNSCREENED	CONVERSATION_SCOPE_AVAILABLE	Correct additional admitted source/destination capability; otherwise full startup and CPU/resource cost.	Trace actual input representation, requested tracks/features, current accepted plan and the decoder boundary. Check whether this adapter or destination is already used.	Use one tiny admitted source plus one unsupported/near-boundary control through the existing destination or adapter; compare required output identity with the cheapest correct route. No broad codec port.	Alter one admission-critical configuration, remove a required dependency, or preserve video while making selected audio unsupported. Candidate must reject or use a declared fallback.	A new applicable workload, resolved prerequisite, better independent oracle, or materially different bounded implementation changes the recorded decision.
138	2	R323	proposal	R323.fan-one-decoded-videoframe-into-several-workers-without-copying-its-pixels-up-front	Fan one decoded VideoFrame into several workers without copying its pixels up front	route	core-playback	4	E1	Q3	UNSCREENED	CONVERSATION_SCOPE_AVAILABLE	Correct additional admitted source/destination capability; otherwise full startup and CPU/resource cost.	Trace actual input representation, requested tracks/features, current accepted plan and the decoder boundary. Check whether this adapter or destination is already used.	Use one tiny admitted source plus one unsupported/near-boundary control through the existing destination or adapter; compare required output identity with the cheapest correct route. No broad codec port.	Alter one admission-critical configuration, remove a required dependency, or preserve video while making selected audio unsupported. Candidate must reject or use a declared fallback.	A new applicable workload, resolved prerequisite, better independent oracle, or materially different bounded implementation changes the recorded decision.
139	2	R333	proposal	R333.keep-soft-telecine-as-progressive-pictures-plus-timing	Keep soft telecine as progressive pictures plus timing	route	core-playback	4	E1	Q3	UNSCREENED	SOURCE_BODY_AVAILABLE	Correct additional admitted source/destination capability; otherwise full startup and CPU/resource cost.	Trace actual input representation, requested tracks/features, current accepted plan and the decoder boundary. Check whether this adapter or destination is already used.	Use one tiny admitted source plus one unsupported/near-boundary control through the existing destination or adapter; compare required output identity with the cheapest correct route. No broad codec port.	Alter one admission-critical configuration, remove a required dependency, or preserve video while making selected audio unsupported. Candidate must reject or use a declared fallback.	A new applicable workload, resolved prerequisite, better independent oracle, or materially different bounded implementation changes the recorded decision.
140	2	R117	report-frontier	R117.mse-timestampoffset-concatenation-report-paragraph-label.report-frontier	MSE timestampOffset concatenation [report paragraph label]	lifecycle	core-playback	4	E1	Q4	UNSCREENED	SOURCE_BODY_AVAILABLE	User-visible operation latency, duplicated work or peak/steady live resource ownership; not object counts alone.	Trace the precise owner, generation, reset/flush/commit or allocation being changed. Reproduce the present behavior before removing any guard.	One short action trace through existing code with the candidate disabled/enabled; include the specific seek, cancellation or replacement transition it can affect.	Cancel or replace a source at the changed boundary and delay a stale callback/consumer; reject late publication and premature reuse.	A new applicable workload, resolved prerequisite, better independent oracle, or materially different bounded implementation changes the recorded decision.
141	2	R04	proposal	R004.stream-inside-a-fragment-instead-of-making-it-smaller	Stream inside a fragment instead of making it smaller	mux	core-playback	4	E2	Q2	USER_REPORTED_FIRST_PASS_COMPLETE	SOURCE_BODY_AVAILABLE	Complete preparation/startup/refill work, bytes and ownership; output parser acceptance alone is not the metric.	Read the supplied local follow-up and verify the named raw record once if accessible. Carry forward its scoped disposition; do not rerun this profile just to populate this ledger. A trace exposing material producer/worker withholding or another specific boundary.	Construct one bounded positive output and one invalid-edge control using the same coded samples. Keep unrelated fragment/default policies fixed.	Wrong size/offset/configuration or a non-random-access cut must fail specifically; cancellation cannot publish another generation.	A trace exposing material producer/worker withholding or another specific boundary.
142	2	R14	proposal	R014.avoid-duplicate-resampling-and-oversized-audio-work-batches	Avoid duplicate resampling and oversized audio work batches	audio	core-playback	4	E2	Q2	UNSCREENED	SOURCE_BODY_AVAILABLE	Complete specified audio operation, output sample count/phase and practical CPU/memory or repeated-query cost.	Write the exact requested signal operation, codec tool constraints, state and rounding contract. Check whether an optimized existing library already performs it.	A tiny independent numerical/bitstream oracle plus one boundary or adversarial case. Only use a matching Wasm slice when available and inexpensive.	Extrema, invalid precision, changed predictor/phase/history or a nonlinear stage must invalidate assumptions. No covert resampling/downmix/quality change.	A new applicable workload, resolved prerequisite, better independent oracle, or materially different bounded implementation changes the recorded decision.
143	2	R15	proposal	R015.make-split-buffer-audio-switching-transactional	Make split-buffer audio switching transactional	lifecycle	core-playback	4	E2	Q2	UNSCREENED	SOURCE_BODY_AVAILABLE	User-visible operation latency, duplicated work or peak/steady live resource ownership; not object counts alone.	Trace the precise owner, generation, reset/flush/commit or allocation being changed. Reproduce the present behavior before removing any guard.	One short action trace through existing code with the candidate disabled/enabled; include the specific seek, cancellation or replacement transition it can affect.	Cancel or replace a source at the changed boundary and delay a stale callback/consumer; reject late publication and premature reuse.	A new applicable workload, resolved prerequisite, better independent oracle, or materially different bounded implementation changes the recorded decision.
144	2	R17	proposal	R017.model-unequal-tails-as-explicit-track-lifetime-phases	Model unequal tails as explicit track-lifetime phases	lifecycle	core-playback	4	E2	Q2	UNSCREENED	SOURCE_BODY_AVAILABLE	User-visible operation latency, duplicated work or peak/steady live resource ownership; not object counts alone.	Trace the precise owner, generation, reset/flush/commit or allocation being changed. Reproduce the present behavior before removing any guard.	One short action trace through existing code with the candidate disabled/enabled; include the specific seek, cancellation or replacement transition it can affect.	Cancel or replace a source at the changed boundary and delay a stale callback/consumer; reject late publication and premature reuse.	A new applicable workload, resolved prerequisite, better independent oracle, or materially different bounded implementation changes the recorded decision.
145	2	R35	proposal	R035.switch-same-codec-audio-at-a-future-boundary-without-pausing	Switch same-codec audio at a future boundary without pausing	lifecycle	core-playback	4	E2	Q2	UNSCREENED	SOURCE_BODY_AVAILABLE	User-visible operation latency, duplicated work or peak/steady live resource ownership; not object counts alone.	Trace the precise owner, generation, reset/flush/commit or allocation being changed. Reproduce the present behavior before removing any guard.	One short action trace through existing code with the candidate disabled/enabled; include the specific seek, cancellation or replacement transition it can affect.	Cancel or replace a source at the changed boundary and delay a stale callback/consumer; reject late publication and premature reuse.	A new applicable workload, resolved prerequisite, better independent oracle, or materially different bounded implementation changes the recorded decision.
146	2	R36	proposal	R036.reuse-one-mse-presentation-across-a-queue-or-repeat-loop	Reuse one MSE presentation across a queue or repeat loop	lifecycle	core-playback	4	E2	Q2	UNSCREENED	SOURCE_BODY_AVAILABLE	User-visible operation latency, duplicated work or peak/steady live resource ownership; not object counts alone.	Trace the precise owner, generation, reset/flush/commit or allocation being changed. Reproduce the present behavior before removing any guard.	One short action trace through existing code with the candidate disabled/enabled; include the specific seek, cancellation or replacement transition it can affect.	Cancel or replace a source at the changed boundary and delay a stale callback/consumer; reject late publication and premature reuse.	A new applicable workload, resolved prerequisite, better independent oracle, or materially different bounded implementation changes the recorded decision.
147	2	R37	proposal	R037.recover-an-interrupted-partial-append-without-replacing-mse	Recover an interrupted partial append without replacing MSE	lifecycle	core-playback	4	E2	Q2	UNSCREENED	SOURCE_BODY_AVAILABLE	User-visible operation latency, duplicated work or peak/steady live resource ownership; not object counts alone.	Trace the precise owner, generation, reset/flush/commit or allocation being changed. Reproduce the present behavior before removing any guard.	One short action trace through existing code with the candidate disabled/enabled; include the specific seek, cancellation or replacement transition it can affect.	Cancel or replace a source at the changed boundary and delay a stale callback/consumer; reject late publication and premature reuse.	A new applicable workload, resolved prerequisite, better independent oracle, or materially different bounded implementation changes the recorded decision.
148	2	R38	proposal	R038.recover-from-a-full-buffer-by-evicting-and-retrying-in-place	Recover from a full buffer by evicting and retrying in place	lifecycle	core-playback	4	E2	Q2	UNSCREENED	SOURCE_BODY_AVAILABLE	User-visible operation latency, duplicated work or peak/steady live resource ownership; not object counts alone.	Trace the precise owner, generation, reset/flush/commit or allocation being changed. Reproduce the present behavior before removing any guard.	One short action trace through existing code with the candidate disabled/enabled; include the specific seek, cancellation or replacement transition it can affect.	Cancel or replace a source at the changed boundary and delay a stale callback/consumer; reject late publication and premature reuse.	A new applicable workload, resolved prerequisite, better independent oracle, or materially different bounded implementation changes the recorded decision.
149	2	R43	proposal	R043.change-video-configuration-while-keeping-audio-running	Change video configuration while keeping audio running	lifecycle	core-playback	4	E2	Q2	UNSCREENED	SOURCE_BODY_AVAILABLE	User-visible operation latency, duplicated work or peak/steady live resource ownership; not object counts alone.	Trace the precise owner, generation, reset/flush/commit or allocation being changed. Reproduce the present behavior before removing any guard.	One short action trace through existing code with the candidate disabled/enabled; include the specific seek, cancellation or replacement transition it can affect.	Cancel or replace a source at the changed boundary and delay a stale callback/consumer; reject late publication and premature reuse.	A new applicable workload, resolved prerequisite, better independent oracle, or materially different bounded implementation changes the recorded decision.
150	2	R44	proposal	R044.play-an-exact-requested-excerpt-without-re-encoding-its-edge-gop	Play an exact requested excerpt without re-encoding its edge GOP	preview	core-playback	4	E2	Q2	UNSCREENED	SOURCE_BODY_AVAILABLE	Time to the requested exact or explicitly approximate preview, total prerequisite work and retained state.	Identify the preview operation and current service. Separate sparse previews, exact scrubbing and ordinary playback; inspect prior frame/history reuse.	One short owned source and a few target requests under equal memory budgets, with an independent full-decode/reference result.	Move backward, request a non-RAP dependency, change source or cancel a pending request; stale previews must never become current.	A new applicable workload, resolved prerequisite, better independent oracle, or materially different bounded implementation changes the recorded decision.
151	2	R45	proposal	R045.use-a-source-bound-seek-map-rather-than-repeated-fragment-scanning	Use a source-bound seek map rather than repeated fragment scanning	source	core-playback	4	E2	Q2	UNSCREENED	SOURCE_BODY_AVAILABLE	Total bytes and time to correct startup/target, including cold index/identity acquisition; bounded retained bytes.	Locate one real repeated read/index/validation boundary and its trusted source identity. Separate logical requests from transferred or physical-disk bytes.	Replay a short owned range/seek trace on a tiny indexed fixture, including its first cold operation, with the same source and authorization. Reuse the existing reader.	Change the source/version or corrupt an offset/proof and cancel one consumer. No stale or unverified bytes may be published.	A new applicable workload, resolved prerequisite, better independent oracle, or materially different bounded implementation changes the recorded decision.
152	2	R52	proposal	R052.keep-source-sample-rates-across-audio-track-changes	Keep source sample rates across audio-track changes	lifecycle	core-playback	4	E2	Q2	UNSCREENED	SOURCE_BODY_AVAILABLE	User-visible operation latency, duplicated work or peak/steady live resource ownership; not object counts alone.	Trace the precise owner, generation, reset/flush/commit or allocation being changed. Reproduce the present behavior before removing any guard.	One short action trace through existing code with the candidate disabled/enabled; include the specific seek, cancellation or replacement transition it can affect.	Cancel or replace a source at the changed boundary and delay a stale callback/consumer; reject late publication and premature reuse.	A new applicable workload, resolved prerequisite, better independent oracle, or materially different bounded implementation changes the recorded decision.
153	2	R54	proposal	R054.tune-webm-cluster-production-for-early-audio-availability	Tune WebM cluster production for early audio availability	mux	core-playback	4	E2	Q2	UNSCREENED	SOURCE_BODY_AVAILABLE	Complete preparation/startup/refill work, bytes and ownership; output parser acceptance alone is not the metric.	Find where bytes/timestamps actually change, are copied, or are withheld. Compare against current persistent mux/parser behavior.	Construct one bounded positive output and one invalid-edge control using the same coded samples. Keep unrelated fragment/default policies fixed.	Wrong size/offset/configuration or a non-random-access cut must fail specifically; cancellation cannot publish another generation.	A new applicable workload, resolved prerequisite, better independent oracle, or materially different bounded implementation changes the recorded decision.
154	2	R55	proposal	R055.cache-bounded-decoded-previews-for-scrub-revisits	Cache bounded decoded previews for scrub revisits	preview	core-playback	4	E2	Q2	UNSCREENED	SOURCE_BODY_AVAILABLE	Time to the requested exact or explicitly approximate preview, total prerequisite work and retained state.	Identify the preview operation and current service. Separate sparse previews, exact scrubbing and ordinary playback; inspect prior frame/history reuse.	One short owned source and a few target requests under equal memory budgets, with an independent full-decode/reference result.	Move backward, request a non-RAP dependency, change source or cancel a pending request; stale previews must never become current.	A new applicable workload, resolved prerequisite, better independent oracle, or materially different bounded implementation changes the recorded decision.
155	2	R62	proposal	R062.apply-an-explicit-audio-sync-offset-by-remapping-one-track	Apply an explicit audio-sync offset by remapping one track	lifecycle	core-playback	4	E2	Q2	UNSCREENED	SOURCE_BODY_AVAILABLE	User-visible operation latency, duplicated work or peak/steady live resource ownership; not object counts alone.	Trace the precise owner, generation, reset/flush/commit or allocation being changed. Reproduce the present behavior before removing any guard.	One short action trace through existing code with the candidate disabled/enabled; include the specific seek, cancellation or replacement transition it can affect.	Cancel or replace a source at the changed boundary and delay a stale callback/consumer; reject late publication and premature reuse.	A new applicable workload, resolved prerequisite, better independent oracle, or materially different bounded implementation changes the recorded decision.
156	2	R64	proposal	R064.decode-directly-at-reduced-resolution-for-explicit-previews	Decode directly at reduced resolution for explicit previews	preview	core-playback	4	E2	Q2	UNSCREENED	SOURCE_BODY_AVAILABLE	Time to the requested exact or explicitly approximate preview, total prerequisite work and retained state.	Identify the preview operation and current service. Separate sparse previews, exact scrubbing and ordinary playback; inspect prior frame/history reuse.	One short owned source and a few target requests under equal memory budgets, with an independent full-decode/reference result.	Move backward, request a non-RAP dependency, change source or cancel a pending request; stale previews must never become current.	A new applicable workload, resolved prerequisite, better independent oracle, or materially different bounded implementation changes the recorded decision.
157	2	R67	proposal	R067.hibernate-long-paused-presentations-under-an-explicit-memory-policy	Hibernate long-paused presentations under an explicit memory policy	lifecycle	core-playback	4	E2	Q2	UNSCREENED	SOURCE_BODY_AVAILABLE	User-visible operation latency, duplicated work or peak/steady live resource ownership; not object counts alone.	Trace the precise owner, generation, reset/flush/commit or allocation being changed. Reproduce the present behavior before removing any guard.	One short action trace through existing code with the candidate disabled/enabled; include the specific seek, cancellation or replacement transition it can affect.	Cancel or replace a source at the changed boundary and delay a stale callback/consumer; reject late publication and premature reuse.	A new applicable workload, resolved prerequisite, better independent oracle, or materially different bounded implementation changes the recorded decision.
158	2	R72	report-defined	R072.decode-only-keyframes-for-coarse-previews	Decode only keyframes for coarse previews	preview	core-playback	4	E2	Q2	UNSCREENED	SOURCE_BODY_AVAILABLE	Time to the requested exact or explicitly approximate preview, total prerequisite work and retained state.	Identify the preview operation and current service. Separate sparse previews, exact scrubbing and ordinary playback; inspect prior frame/history reuse.	One short owned source and a few target requests under equal memory budgets, with an independent full-decode/reference result.	Move backward, request a non-RAP dependency, change source or cancel a pending request; stale previews must never become current.	A new applicable workload, resolved prerequisite, better independent oracle, or materially different bounded implementation changes the recorded decision.
159	2	R73	report-defined	R073.decode-a-gop-once-for-a-pending-exact-preview-batch	Decode a GOP once for a pending exact-preview batch	preview	core-playback	4	E2	Q2	UNSCREENED	SOURCE_BODY_AVAILABLE	Time to the requested exact or explicitly approximate preview, total prerequisite work and retained state.	Identify the preview operation and current service. Separate sparse previews, exact scrubbing and ordinary playback; inspect prior frame/history reuse.	One short owned source and a few target requests under equal memory budgets, with an independent full-decode/reference result.	Move backward, request a non-RAP dependency, change source or cancel a pending request; stale previews must never become current.	A new applicable workload, resolved prerequisite, better independent oracle, or materially different bounded implementation changes the recorded decision.
160	2	R94	proposal	R094.sample-accurate-audio-boundaries-using-mux-trim-and-preroll-metadata	Sample-accurate audio boundaries using mux trim and preroll metadata	mux	core-playback	4	E2	Q2	UNSCREENED	SOURCE_BODY_AVAILABLE	Complete preparation/startup/refill work, bytes and ownership; output parser acceptance alone is not the metric.	Find where bytes/timestamps actually change, are copied, or are withheld. Compare against current persistent mux/parser behavior.	Construct one bounded positive output and one invalid-edge control using the same coded samples. Keep unrelated fragment/default policies fixed.	Wrong size/offset/configuration or a non-random-access cut must fail specifically; cancellation cannot publish another generation.	A new applicable workload, resolved prerequisite, better independent oracle, or materially different bounded implementation changes the recorded decision.
161	2	R112	proposal	R112.supply-known-webm-durations-to-prevent-parser-holdback	Supply known WebM durations to prevent parser holdback	source	core-playback	4	E2	Q2	UNSCREENED	SOURCE_BODY_AVAILABLE	Total bytes and time to correct startup/target, including cold index/identity acquisition; bounded retained bytes.	Locate one real repeated read/index/validation boundary and its trusted source identity. Separate logical requests from transferred or physical-disk bytes.	Replay a short owned range/seek trace on a tiny indexed fixture, including its first cold operation, with the same source and authorization. Reuse the existing reader.	Change the source/version or corrupt an offset/proof and cancel one consumer. No stale or unverified bytes may be published.	A new applicable workload, resolved prerequisite, better independent oracle, or materially different bounded implementation changes the recorded decision.
162	2	R118	proposal	R118.one-decode-many-views	One decode, many views	lifecycle	core-playback	4	E2	Q2	UNSCREENED	CONVERSATION_SCOPE_AVAILABLE	User-visible operation latency, duplicated work or peak/steady live resource ownership; not object counts alone.	Trace the precise owner, generation, reset/flush/commit or allocation being changed. Reproduce the present behavior before removing any guard.	One short action trace through existing code with the candidate disabled/enabled; include the specific seek, cancellation or replacement transition it can affect.	Cancel or replace a source at the changed boundary and delay a stale callback/consumer; reject late publication and premature reuse.	A new applicable workload, resolved prerequisite, better independent oracle, or materially different bounded implementation changes the recorded decision.
163	2	R198	report-defined	R198.bitmap-subtitles-directly-from-rle-runs	bitmap subtitles directly from RLE runs	subtitles	core-playback	4	E2	Q2	UNSCREENED	SOURCE_BODY_AVAILABLE	Required caption capability or total render/extraction cost and retained cue/atlas memory.	Identify the exact subtitle representation, maintained renderer and existing cache behavior. Distinguish an oracle discrepancy from a player defect.	One authored cue/scene plus an overlapping or stateful boundary, using identical fonts, sizes and output semantics; reuse a maintained test.	Seek into an active cue, change fonts/layout/source, or omit a required style/control. No silent simplification or stale overlay.	A new applicable workload, resolved prerequisite, better independent oracle, or materially different bounded implementation changes the recorded decision.
164	2	R206	report-defined	R206.incremental-mjpeg-stripe-decode-upload	Incremental MJPEG stripe decode/upload	lifecycle	core-playback	4	E2	Q2	UNSCREENED	SOURCE_BODY_AVAILABLE	User-visible operation latency, duplicated work or peak/steady live resource ownership; not object counts alone.	Trace the precise owner, generation, reset/flush/commit or allocation being changed. Reproduce the present behavior before removing any guard.	One short action trace through existing code with the candidate disabled/enabled; include the specific seek, cancellation or replacement transition it can affect.	Cancel or replace a source at the changed boundary and delay a stale callback/consumer; reject late publication and premature reuse.	A new applicable workload, resolved prerequisite, better independent oracle, or materially different bounded implementation changes the recorded decision.
165	2	R261	report-defined	R261.selective-verified-http-rescue	selective verified HTTP rescue	source	core-playback	4	E2	Q2	UNSCREENED	SOURCE_BODY_AVAILABLE	Total bytes and time to correct startup/target, including cold index/identity acquisition; bounded retained bytes.	Locate one real repeated read/index/validation boundary and its trusted source identity. Separate logical requests from transferred or physical-disk bytes.	Replay a short owned range/seek trace on a tiny indexed fixture, including its first cold operation, with the same source and authorization. Reuse the existing reader.	Change the source/version or corrupt an offset/proof and cancel one consumer. No stale or unverified bytes may be published.	A new applicable workload, resolved prerequisite, better independent oracle, or materially different bounded implementation changes the recorded decision.
166	2	R270	report-defined	R270.exact-flac-smart-cut-concat	exact FLAC smart-cut/concat	mux	core-playback	4	E2	Q2	UNSCREENED	SOURCE_BODY_AVAILABLE	Complete preparation/startup/refill work, bytes and ownership; output parser acceptance alone is not the metric.	Find where bytes/timestamps actually change, are copied, or are withheld. Compare against current persistent mux/parser behavior.	Construct one bounded positive output and one invalid-edge control using the same coded samples. Keep unrelated fragment/default policies fixed.	Wrong size/offset/configuration or a non-random-access cut must fail specifically; cancellation cannot publish another generation.	A new applicable workload, resolved prerequisite, better independent oracle, or materially different bounded implementation changes the recorded decision.
167	2	R271	report-defined	R271.opus-fec-aware-scheduling	Opus FEC-aware scheduling	audio	core-playback	4	E2	Q2	UNSCREENED	SOURCE_BODY_AVAILABLE	Complete specified audio operation, output sample count/phase and practical CPU/memory or repeated-query cost.	Write the exact requested signal operation, codec tool constraints, state and rounding contract. Check whether an optimized existing library already performs it.	A tiny independent numerical/bitstream oracle plus one boundary or adversarial case. Only use a matching Wasm slice when available and inexpensive.	Extrema, invalid precision, changed predictor/phase/history or a nonlinear stage must invalidate assumptions. No covert resampling/downmix/quality change.	A new applicable workload, resolved prerequisite, better independent oracle, or materially different bounded implementation changes the recorded decision.
168	2	R274	report-defined	R274.virtual-webm-cues	virtual WebM Cues	source	core-playback	4	E2	Q2	UNSCREENED	SOURCE_BODY_AVAILABLE	Total bytes and time to correct startup/target, including cold index/identity acquisition; bounded retained bytes.	Locate one real repeated read/index/validation boundary and its trusted source identity. Separate logical requests from transferred or physical-disk bytes.	Replay a short owned range/seek trace on a tiny indexed fixture, including its first cold operation, with the same source and authorization. Reuse the existing reader.	Change the source/version or corrupt an offset/proof and cancel one consumer. No stale or unverified bytes may be published.	A new applicable workload, resolved prerequisite, better independent oracle, or materially different bounded implementation changes the recorded decision.
169	2	R320	proposal	R320.make-exact-ogg-opus-clip-edges-with-packet-copy-plus-pre-skip-end-trimming	Make exact Ogg Opus clip edges with packet copy plus pre-skip/end trimming	lifecycle	core-playback	4	E2	Q2	UNSCREENED	CONVERSATION_SCOPE_AVAILABLE	User-visible operation latency, duplicated work or peak/steady live resource ownership; not object counts alone.	Trace the precise owner, generation, reset/flush/commit or allocation being changed. Reproduce the present behavior before removing any guard.	One short action trace through existing code with the candidate disabled/enabled; include the specific seek, cancellation or replacement transition it can affect.	Cancel or replace a source at the changed boundary and delay a stale callback/consumer; reject late publication and premature reuse.	A new applicable workload, resolved prerequisite, better independent oracle, or materially different bounded implementation changes the recorded decision.
170	2	R321	proposal	R321.range-fetch-directly-to-a-matroska-block-inside-a-large-cluster	Range-fetch directly to a Matroska block inside a large Cluster	source	core-playback	4	E2	Q2	UNSCREENED	CONVERSATION_SCOPE_AVAILABLE	Total bytes and time to correct startup/target, including cold index/identity acquisition; bounded retained bytes.	Locate one real repeated read/index/validation boundary and its trusted source identity. Separate logical requests from transferred or physical-disk bytes.	Replay a short owned range/seek trace on a tiny indexed fixture, including its first cold operation, with the same source and authorization. Reuse the existing reader.	Change the source/version or corrupt an offset/proof and cancel one consumer. No stale or unverified bytes may be published.	A new applicable workload, resolved prerequisite, better independent oracle, or materially different bounded implementation changes the recorded decision.
171	2	R90	proposal	R090.convert-finite-fmp4-fragments-into-a-metadata-indexed-native-mp4-view	Convert finite fMP4 fragments into a metadata-indexed native MP4 view	route	core-playback	4	E2	Q3	UNSCREENED	SOURCE_BODY_AVAILABLE	Correct additional admitted source/destination capability; otherwise full startup and CPU/resource cost.	Trace actual input representation, requested tracks/features, current accepted plan and the decoder boundary. Check whether this adapter or destination is already used.	Use one tiny admitted source plus one unsupported/near-boundary control through the existing destination or adapter; compare required output identity with the cheapest correct route. No broad codec port.	Alter one admission-critical configuration, remove a required dependency, or preserve video while making selected audio unsupported. Candidate must reject or use a declared fallback.	A new applicable workload, resolved prerequisite, better independent oracle, or materially different bounded implementation changes the recorded decision.
172	2	R318	proposal	R318.seek-directly-into-matroska-configuration-changes-using-cuecodecstate	Seek directly into Matroska configuration changes using CueCodecState	route	core-playback	4	E2	Q3	UNSCREENED	CONVERSATION_SCOPE_AVAILABLE	Correct additional admitted source/destination capability; otherwise full startup and CPU/resource cost.	Trace actual input representation, requested tracks/features, current accepted plan and the decoder boundary. Check whether this adapter or destination is already used.	Use one tiny admitted source plus one unsupported/near-boundary control through the existing destination or adapter; compare required output identity with the cheapest correct route. No broad codec port.	Alter one admission-critical configuration, remove a required dependency, or preserve video while making selected audio unsupported. Candidate must reject or use a declared fallback.	A new applicable workload, resolved prerequisite, better independent oracle, or materially different bounded implementation changes the recorded decision.
173	2	R13	proposal	R013.treat-intentionally-disabled-tracks-as-removable-work	Treat intentionally disabled tracks as removable work	lifecycle	core-playback	3	E1	Q2	UNSCREENED	SOURCE_BODY_AVAILABLE	User-visible operation latency, duplicated work or peak/steady live resource ownership; not object counts alone.	Trace the precise owner, generation, reset/flush/commit or allocation being changed. Reproduce the present behavior before removing any guard.	One short action trace through existing code with the candidate disabled/enabled; include the specific seek, cancellation or replacement transition it can affect.	Cancel or replace a source at the changed boundary and delay a stale callback/consumer; reject late publication and premature reuse.	A new applicable workload, resolved prerequisite, better independent oracle, or materially different bounded implementation changes the recorded decision.
174	2	R33	proposal	R033.interleave-samples-for-earlier-complete-a-v-output	Interleave samples for earlier complete A/V output	mux	core-playback	3	E1	Q2	UNSCREENED	SOURCE_BODY_AVAILABLE	Complete preparation/startup/refill work, bytes and ownership; output parser acceptance alone is not the metric.	Find where bytes/timestamps actually change, are copied, or are withheld. Compare against current persistent mux/parser behavior.	Construct one bounded positive output and one invalid-edge control using the same coded samples. Keep unrelated fragment/default policies fixed.	Wrong size/offset/configuration or a non-random-access cut must fail specifically; cancellation cannot publish another generation.	A new applicable workload, resolved prerequisite, better independent oracle, or materially different bounded implementation changes the recorded decision.
175	2	R34	proposal	R034.small-startup-appends-larger-steady-state-batches	Small startup appends, larger steady-state batches	mux	core-playback	3	E1	Q2	USER_REPORTED_FIRST_PASS_COMPLETE	SOURCE_BODY_AVAILABLE	Complete preparation/startup/refill work, bytes and ownership; output parser acceptance alone is not the metric.	Read the supplied local follow-up and verify the named raw record once if accessible. Carry forward its scoped disposition; do not rerun this profile just to populate this ledger. Different producer/delivery conditions with demonstrable useful waiting.	Construct one bounded positive output and one invalid-edge control using the same coded samples. Keep unrelated fragment/default policies fixed.	Wrong size/offset/configuration or a non-random-access cut must fail specifically; cancellation cannot publish another generation.	Different producer/delivery conditions with demonstrable useful waiting.
176	2	R39	proposal	R039.prioritize-the-track-that-limits-usable-playback	Prioritize the track that limits usable playback	lifecycle	core-playback	3	E1	Q2	UNSCREENED	SOURCE_BODY_AVAILABLE	User-visible operation latency, duplicated work or peak/steady live resource ownership; not object counts alone.	Trace the precise owner, generation, reset/flush/commit or allocation being changed. Reproduce the present behavior before removing any guard.	One short action trace through existing code with the candidate disabled/enabled; include the specific seek, cancellation or replacement transition it can affect.	Cancel or replace a source at the changed boundary and delay a stale callback/consumer; reject late publication and premature reuse.	A new applicable workload, resolved prerequisite, better independent oracle, or materially different bounded implementation changes the recorded decision.
177	2	R42	proposal	R042.recycle-owned-transfer-buffers-at-the-mse-boundary	Recycle owned transfer buffers at the MSE boundary	mux	core-playback	3	E1	Q2	USER_REPORTED_FIRST_PASS_COMPLETE	SOURCE_BODY_AVAILABLE	Complete preparation/startup/refill work, bytes and ownership; output parser acceptance alone is not the metric.	Read the supplied local follow-up and verify the named raw record once if accessible. Carry forward its scoped disposition; do not rerun this profile just to populate this ledger. Observed allocation pressure or an already-safe shared buffer-return infrastructure.	Construct one bounded positive output and one invalid-edge control using the same coded samples. Keep unrelated fragment/default policies fixed.	Wrong size/offset/configuration or a non-random-access cut must fail specifically; cancellation cannot publish another generation.	Observed allocation pressure or an already-safe shared buffer-return infrastructure.
178	2	R111	proposal	R111.factor-repeated-fmp4-sample-metadata-into-defaults	Factor repeated fMP4 sample metadata into defaults	mux	core-playback	3	E1	Q2	UNSCREENED	SOURCE_BODY_AVAILABLE	Complete preparation/startup/refill work, bytes and ownership; output parser acceptance alone is not the metric.	Find where bytes/timestamps actually change, are copied, or are withheld. Compare against current persistent mux/parser behavior.	Construct one bounded positive output and one invalid-edge control using the same coded samples. Keep unrelated fragment/default policies fixed.	Wrong size/offset/configuration or a non-random-access cut must fail specifically; cancellation cannot publish another generation.	A new applicable workload, resolved prerequisite, better independent oracle, or materially different bounded implementation changes the recorded decision.
179	2	R116	report-frontier	R116.mse-sequence-mode-concatenation-report-paragraph-label.report-frontier	MSE sequence-mode concatenation [report paragraph label]	lifecycle	core-playback	3	E1	Q2	UNSCREENED	SOURCE_BODY_AVAILABLE	User-visible operation latency, duplicated work or peak/steady live resource ownership; not object counts alone.	Trace the precise owner, generation, reset/flush/commit or allocation being changed. Reproduce the present behavior before removing any guard.	One short action trace through existing code with the candidate disabled/enabled; include the specific seek, cancellation or replacement transition it can affect.	Cancel or replace a source at the changed boundary and delay a stale callback/consumer; reject late publication and premature reuse.	A new applicable workload, resolved prerequisite, better independent oracle, or materially different bounded implementation changes the recorded decision.
180	2	R127	report-frontier	R127.sequence-mode-cross-codec-concatenation-report-paragraph-label.report-frontier	Sequence-mode cross-codec concatenation [report paragraph label]	mux	core-playback	3	E1	Q2	UNSCREENED	SOURCE_BODY_AVAILABLE	Complete preparation/startup/refill work, bytes and ownership; output parser acceptance alone is not the metric.	Find where bytes/timestamps actually change, are copied, or are withheld. Compare against current persistent mux/parser behavior.	Construct one bounded positive output and one invalid-edge control using the same coded samples. Keep unrelated fragment/default policies fixed.	Wrong size/offset/configuration or a non-random-access cut must fail specifically; cancellation cannot publish another generation.	A new applicable workload, resolved prerequisite, better independent oracle, or materially different bounded implementation changes the recorded decision.
181	2	R130	report-frontier	R130.webm-cues-placement-changes-request-timing-not-total-work-here.report-frontier	WebM Cues placement changes request timing, not total work here	source	core-playback	3	E1	Q2	UNSCREENED	SOURCE_BODY_AVAILABLE	Total bytes and time to correct startup/target, including cold index/identity acquisition; bounded retained bytes.	Locate one real repeated read/index/validation boundary and its trusted source identity. Separate logical requests from transferred or physical-disk bytes.	Replay a short owned range/seek trace on a tiny indexed fixture, including its first cold operation, with the same source and authorization. Reuse the existing reader.	Change the source/version or corrupt an offset/proof and cancel one consumer. No stale or unverified bytes may be published.	A new applicable workload, resolved prerequisite, better independent oracle, or materially different bounded implementation changes the recorded decision.
182	2	R131	proposal	R131.automatically-search-equivalent-representations	Automatically search equivalent representations	preview	core-playback	3	E1	Q2	UNSCREENED	CONVERSATION_SCOPE_AVAILABLE	Time to the requested exact or explicitly approximate preview, total prerequisite work and retained state.	Identify the preview operation and current service. Separate sparse previews, exact scrubbing and ordinary playback; inspect prior frame/history reuse.	One short owned source and a few target requests under equal memory budgets, with an independent full-decode/reference result.	Move backward, request a non-RAP dependency, change source or cancel a pending request; stale previews must never become current.	A new applicable workload, resolved prerequisite, better independent oracle, or materially different bounded implementation changes the recorded decision.
183	2	R143	report-continuity	R143.compressed-fragment-rewind-cache.report-continuity	compressed-fragment rewind cache	lifecycle	core-playback	3	E1	Q2	UNSCREENED	SOURCE_BODY_AVAILABLE	User-visible operation latency, duplicated work or peak/steady live resource ownership; not object counts alone.	Trace the precise owner, generation, reset/flush/commit or allocation being changed. Reproduce the present behavior before removing any guard.	One short action trace through existing code with the candidate disabled/enabled; include the specific seek, cancellation or replacement transition it can affect.	Cancel or replace a source at the changed boundary and delay a stale callback/consumer; reject late publication and premature reuse.	A new applicable workload, resolved prerequisite, better independent oracle, or materially different bounded implementation changes the recorded decision.
184	2	R192	report-defined	R192.identity-coded-witness-media	identity-coded witness media	tooling	core-playback	3	E1	Q2	UNSCREENED	SOURCE_BODY_AVAILABLE	Decision power, reproducibility or diagnostic cost without changing the measured player outcome.	Specify one concrete wrong-output or provenance failure the proposed tool must detect beyond the existing harness.	Inject that failure in a tiny known-good fixture, demonstrate detection and run an unchanged control; do not build a general research platform.	A different failure, stale source/hash or malformed record must not count as the intended finding.	A new applicable workload, resolved prerequisite, better independent oracle, or materially different bounded implementation changes the recorded decision.
185	2	R226	report-continuity	R226.compact-exact-packet-index.report-continuity	compact exact packet index	source	core-playback	3	E1	Q2	UNSCREENED	SOURCE_BODY_AVAILABLE	Total bytes and time to correct startup/target, including cold index/identity acquisition; bounded retained bytes.	Locate one real repeated read/index/validation boundary and its trusted source identity. Separate logical requests from transferred or physical-disk bytes.	Replay a short owned range/seek trace on a tiny indexed fixture, including its first cold operation, with the same source and authorization. Reuse the existing reader.	Change the source/version or corrupt an offset/proof and cancel one consumer. No stale or unverified bytes may be published.	A new applicable workload, resolved prerequisite, better independent oracle, or materially different bounded implementation changes the recorded decision.
186	2	R337	proposal	R337.evaluate-tone-curve-statistics-from-an-exact-source-histogram	Evaluate tone-curve statistics from an exact source histogram	gpu	core-playback	3	E1	Q2	UNSCREENED	SOURCE_BODY_AVAILABLE	Complete decode/process/present cost, transfers, command work or peak live storage for identical requested output.	Identify the CPU/GPU representation boundary and actual useful work removed. Check existing renderer fusions, caches, kernel fast paths and hardware gates.	Small deterministic planes/blocks or an existing real frame with one adversarial edge. Use a bounded component test if GPU integration is not already available, labeling it as such.	Change stride, crop, phase, alpha, edge neighborhood or resource generation; exercise a case where the proposed shortcut is ineligible.	A new applicable workload, resolved prerequisite, better independent oracle, or materially different bounded implementation changes the recorded decision.
187	2	R120	report-frontier	R120.repeat-media-without-repeating-mdat.report-frontier	Repeat media without repeating mdat	mux	core-playback	3	E1	Q3	UNSCREENED	SOURCE_BODY_AVAILABLE	Complete preparation/startup/refill work, bytes and ownership; output parser acceptance alone is not the metric.	Find where bytes/timestamps actually change, are copied, or are withheld. Compare against current persistent mux/parser behavior.	Construct one bounded positive output and one invalid-edge control using the same coded samples. Keep unrelated fragment/default policies fixed.	Wrong size/offset/configuration or a non-random-access cut must fail specifically; cancellation cannot publish another generation.	A new applicable workload, resolved prerequisite, better independent oracle, or materially different bounded implementation changes the recorded decision.
188	2	R128	report-frontier	R128.fast-playback-does-not-imply-cheap-decoding.report-frontier	fast playback does not imply cheap decoding	mux	core-playback	3	E1	Q3	UNSCREENED	SOURCE_BODY_AVAILABLE	Complete preparation/startup/refill work, bytes and ownership; output parser acceptance alone is not the metric.	Find where bytes/timestamps actually change, are copied, or are withheld. Compare against current persistent mux/parser behavior.	Construct one bounded positive output and one invalid-edge control using the same coded samples. Keep unrelated fragment/default policies fixed.	Wrong size/offset/configuration or a non-random-access cut must fail specifically; cancellation cannot publish another generation.	A new applicable workload, resolved prerequisite, better independent oracle, or materially different bounded implementation changes the recorded decision.
189	2	R129	report-frontier	R129.pitch-preservation-is-a-real-optional-processing-stage.report-frontier	pitch preservation is a real optional processing stage	mux	core-playback	3	E1	Q3	UNSCREENED	SOURCE_BODY_AVAILABLE	Complete preparation/startup/refill work, bytes and ownership; output parser acceptance alone is not the metric.	Find where bytes/timestamps actually change, are copied, or are withheld. Compare against current persistent mux/parser behavior.	Construct one bounded positive output and one invalid-edge control using the same coded samples. Keep unrelated fragment/default policies fixed.	Wrong size/offset/configuration or a non-random-access cut must fail specifically; cancellation cannot publish another generation.	A new applicable workload, resolved prerequisite, better independent oracle, or materially different bounded implementation changes the recorded decision.
190	2	R141	report-continuity	R141.no-index-fragmented-mp4-native-remote-seek.report-continuity	no-index fragmented MP4 native remote seek	source	core-playback	3	E1	Q3	UNSCREENED	SOURCE_BODY_AVAILABLE	Total bytes and time to correct startup/target, including cold index/identity acquisition; bounded retained bytes.	Locate one real repeated read/index/validation boundary and its trusted source identity. Separate logical requests from transferred or physical-disk bytes.	Replay a short owned range/seek trace on a tiny indexed fixture, including its first cold operation, with the same source and authorization. Reuse the existing reader.	Change the source/version or corrupt an offset/proof and cancel one consumer. No stale or unverified bytes may be published.	A new applicable workload, resolved prerequisite, better independent oracle, or materially different bounded implementation changes the recorded decision.
191	2	R142	report-continuity	R142.the-same-no-index-fmp4-when-all-bytes-are-local.report-continuity	the same no-index fMP4 when all bytes are local	source	core-playback	3	E1	Q3	UNSCREENED	SOURCE_BODY_AVAILABLE	Total bytes and time to correct startup/target, including cold index/identity acquisition; bounded retained bytes.	Locate one real repeated read/index/validation boundary and its trusted source identity. Separate logical requests from transferred or physical-disk bytes.	Replay a short owned range/seek trace on a tiny indexed fixture, including its first cold operation, with the same source and authorization. Reuse the existing reader.	Change the source/version or corrupt an offset/proof and cancel one consumer. No stale or unverified bytes may be published.	A new applicable workload, resolved prerequisite, better independent oracle, or materially different bounded implementation changes the recorded decision.
192	2	R231	report-continuity	R231.aac-exact-seek-needs-a-tool-aware-profile.report-continuity	AAC exact seek needs a tool-aware profile	source	core-playback	3	E1	Q3	UNSCREENED	SOURCE_BODY_AVAILABLE	Total bytes and time to correct startup/target, including cold index/identity acquisition; bounded retained bytes.	Locate one real repeated read/index/validation boundary and its trusted source identity. Separate logical requests from transferred or physical-disk bytes.	Replay a short owned range/seek trace on a tiny indexed fixture, including its first cold operation, with the same source and authorization. Reuse the existing reader.	Change the source/version or corrupt an offset/proof and cancel one consumer. No stale or unverified bytes may be published.	A new applicable workload, resolved prerequisite, better independent oracle, or materially different bounded implementation changes the recorded decision.
193	2	R240	report-C	R240.vp9-webm-cluster-surgery.report-c	VP9 WebM cluster surgery	mux	core-playback	3	E1	Q3	UNSCREENED	SOURCE_BODY_AVAILABLE	Complete preparation/startup/refill work, bytes and ownership; output parser acceptance alone is not the metric.	Find where bytes/timestamps actually change, are copied, or are withheld. Compare against current persistent mux/parser behavior.	Construct one bounded positive output and one invalid-edge control using the same coded samples. Keep unrelated fragment/default policies fixed.	Wrong size/offset/configuration or a non-random-access cut must fail specifically; cancellation cannot publish another generation.	A new applicable workload, resolved prerequisite, better independent oracle, or materially different bounded implementation changes the recorded decision.
194	2	R29	proposal	R029.offer-explicit-compatible-core-extraction-before-audio-re-encoding	Offer explicit compatible-core extraction before audio re-encoding	route	conditional	5	E2	Q3	UNSCREENED	SOURCE_BODY_AVAILABLE	Correct additional admitted source/destination capability; otherwise full startup and CPU/resource cost.	Trace actual input representation, requested tracks/features, current accepted plan and the decoder boundary. Check whether this adapter or destination is already used.	Use one tiny admitted source plus one unsupported/near-boundary control through the existing destination or adapter; compare required output identity with the cheapest correct route. No broad codec port.	Alter one admission-critical configuration, remove a required dependency, or preserve video while making selected audio unsupported. Candidate must reject or use a declared fallback.	A new applicable workload, resolved prerequisite, better independent oracle, or materially different bounded implementation changes the recorded decision.
195	2	R174	report-defined	R174.flac-bit-depth-promotion-without-sample-reconstruction	FLAC bit-depth promotion without sample reconstruction	route	conditional	5	E2	Q3	UNSCREENED	SOURCE_BODY_AVAILABLE	Correct additional admitted source/destination capability; otherwise full startup and CPU/resource cost.	Trace actual input representation, requested tracks/features, current accepted plan and the decoder boundary. Check whether this adapter or destination is already used.	Use one tiny admitted source plus one unsupported/near-boundary control through the existing destination or adapter; compare required output identity with the cheapest correct route. No broad codec port.	Alter one admission-critical configuration, remove a required dependency, or preserve video while making selected audio unsupported. Candidate must reject or use a declared fallback.	A new applicable workload, resolved prerequisite, better independent oracle, or materially different bounded implementation changes the recorded decision.
196	2	R219	report-defined	R219.shared-spectral-analysis	shared spectral analysis	audio	conditional	4	E1	Q2	UNSCREENED	SOURCE_BODY_AVAILABLE	Complete specified audio operation, output sample count/phase and practical CPU/memory or repeated-query cost.	Write the exact requested signal operation, codec tool constraints, state and rounding contract. Check whether an optimized existing library already performs it.	A tiny independent numerical/bitstream oracle plus one boundary or adversarial case. Only use a matching Wasm slice when available and inexpensive.	Extrema, invalid precision, changed predictor/phase/history or a nonlinear stage must invalidate assumptions. No covert resampling/downmix/quality change.	A new applicable workload, resolved prerequisite, better independent oracle, or materially different bounded implementation changes the recorded decision.
197	2	R23	proposal	R023.fuse-qualified-video-effects-into-one-gpu-presentation-pass	Fuse qualified video effects into one GPU presentation pass	gpu	conditional	4	E2	Q2	UNSCREENED	SOURCE_BODY_AVAILABLE	Complete decode/process/present cost, transfers, command work or peak live storage for identical requested output.	Identify the CPU/GPU representation boundary and actual useful work removed. Check existing renderer fusions, caches, kernel fast paths and hardware gates.	Small deterministic planes/blocks or an existing real frame with one adversarial edge. Use a bounded component test if GPU integration is not already available, labeling it as such.	Change stride, crop, phase, alpha, edge neighborhood or resource generation; exercise a case where the proposed shortcut is ineligible.	A new applicable workload, resolved prerequisite, better independent oracle, or materially different bounded implementation changes the recorded decision.
198	2	R85	report-defined	R085.out-of-order-gop-decode-and-reverse-presentation	Out-of-order GOP decode and reverse presentation	preview	conditional	4	E2	Q2	UNSCREENED	SOURCE_BODY_AVAILABLE	Time to the requested exact or explicitly approximate preview, total prerequisite work and retained state.	Identify the preview operation and current service. Separate sparse previews, exact scrubbing and ordinary playback; inspect prior frame/history reuse.	One short owned source and a few target requests under equal memory budgets, with an independent full-decode/reference result.	Move backward, request a non-RAP dependency, change source or cancel a pending request; stale previews must never become current.	A new applicable workload, resolved prerequisite, better independent oracle, or materially different bounded implementation changes the recorded decision.
199	2	R87	report-defined	R087.dependency-aware-transport	Dependency-aware transport	source	conditional	4	E2	Q2	UNSCREENED	SOURCE_BODY_AVAILABLE	Total bytes and time to correct startup/target, including cold index/identity acquisition; bounded retained bytes.	Locate one real repeated read/index/validation boundary and its trusted source identity. Separate logical requests from transferred or physical-disk bytes.	Replay a short owned range/seek trace on a tiny indexed fixture, including its first cold operation, with the same source and authorization. Reuse the existing reader.	Change the source/version or corrupt an offset/proof and cancel one consumer. No stale or unverified bytes may be published.	A new applicable workload, resolved prerequisite, better independent oracle, or materially different bounded implementation changes the recorded decision.
200	2	R93	proposal	R093.opus-repacketization-without-pcm-decoding	Opus repacketization without PCM decoding	mux	conditional	4	E2	Q2	UNSCREENED	SOURCE_BODY_AVAILABLE	Complete preparation/startup/refill work, bytes and ownership; output parser acceptance alone is not the metric.	Find where bytes/timestamps actually change, are copied, or are withheld. Compare against current persistent mux/parser behavior.	Construct one bounded positive output and one invalid-edge control using the same coded samples. Keep unrelated fragment/default policies fixed.	Wrong size/offset/configuration or a non-random-access cut must fail specifically; cancellation cannot publish another generation.	A new applicable workload, resolved prerequisite, better independent oracle, or materially different bounded implementation changes the recorded decision.
201	2	R96	proposal	R096.sparse-native-video-with-explicit-long-frame-holds	Sparse native video with explicit long frame holds	mux	conditional	4	E2	Q2	UNSCREENED	SOURCE_BODY_AVAILABLE	Complete preparation/startup/refill work, bytes and ownership; output parser acceptance alone is not the metric.	Find where bytes/timestamps actually change, are copied, or are withheld. Compare against current persistent mux/parser behavior.	Construct one bounded positive output and one invalid-edge control using the same coded samples. Keep unrelated fragment/default policies fixed.	Wrong size/offset/configuration or a non-random-access cut must fail specifically; cancellation cannot publish another generation.	A new applicable workload, resolved prerequisite, better independent oracle, or materially different bounded implementation changes the recorded decision.
202	2	R98	proposal	R098.one-atlas-video-for-many-synchronized-visible-clips	One atlas video for many synchronized visible clips	gpu	conditional	4	E2	Q2	UNSCREENED	SOURCE_BODY_AVAILABLE	Complete decode/process/present cost, transfers, command work or peak live storage for identical requested output.	Identify the CPU/GPU representation boundary and actual useful work removed. Check existing renderer fusions, caches, kernel fast paths and hardware gates.	Small deterministic planes/blocks or an existing real frame with one adversarial edge. Use a bounded component test if GPU integration is not already available, labeling it as such.	Change stride, crop, phase, alpha, edge neighborhood or resource generation; exercise a case where the proposed shortcut is ineligible.	A new applicable workload, resolved prerequisite, better independent oracle, or materially different bounded implementation changes the recorded decision.
203	2	R103	proposal	R103.join-split-or-reorder-independent-flac-channel-subframes	Join, split or reorder independent FLAC channel subframes	mux	conditional	4	E2	Q2	UNSCREENED	SOURCE_BODY_AVAILABLE	Complete preparation/startup/refill work, bytes and ownership; output parser acceptance alone is not the metric.	Find where bytes/timestamps actually change, are copied, or are withheld. Compare against current persistent mux/parser behavior.	Construct one bounded positive output and one invalid-edge control using the same coded samples. Keep unrelated fragment/default policies fixed.	Wrong size/offset/configuration or a non-random-access cut must fail specifically; cancellation cannot publish another generation.	A new applicable workload, resolved prerequisite, better independent oracle, or materially different bounded implementation changes the recorded decision.
204	2	R106	proposal	R106.recall-stored-av1-pictures-with-coded-display-instructions	Recall stored AV1 pictures with coded display instructions	mux	conditional	4	E2	Q2	UNSCREENED	SOURCE_BODY_AVAILABLE	Complete preparation/startup/refill work, bytes and ownership; output parser acceptance alone is not the metric.	Find where bytes/timestamps actually change, are copied, or are withheld. Compare against current persistent mux/parser behavior.	Construct one bounded positive output and one invalid-edge control using the same coded samples. Keep unrelated fragment/default policies fixed.	Wrong size/offset/configuration or a non-random-access cut must fail specifically; cancellation cannot publish another generation.	A new applicable workload, resolved prerequisite, better independent oracle, or materially different bounded implementation changes the recorded decision.
205	2	R109	proposal	R109.expose-an-edited-mp4-as-a-virtual-byte-range-url	Expose an edited MP4 as a virtual byte-range URL	source	conditional	4	E2	Q2	UNSCREENED	SOURCE_BODY_AVAILABLE	Total bytes and time to correct startup/target, including cold index/identity acquisition; bounded retained bytes.	Locate one real repeated read/index/validation boundary and its trusted source identity. Separate logical requests from transferred or physical-disk bytes.	Replay a short owned range/seek trace on a tiny indexed fixture, including its first cold operation, with the same source and authorization. Reuse the existing reader.	Change the source/version or corrupt an offset/proof and cancel one consumer. No stale or unverified bytes may be published.	A new applicable workload, resolved prerequisite, better independent oracle, or materially different bounded implementation changes the recorded decision.
206	2	R122	proposal	R122.reservoir-aware-mp3-repacketization	Reservoir-aware MP3 repacketization	source	conditional	4	E2	Q2	UNSCREENED	CONVERSATION_SCOPE_AVAILABLE	Total bytes and time to correct startup/target, including cold index/identity acquisition; bounded retained bytes.	Locate one real repeated read/index/validation boundary and its trusted source identity. Separate logical requests from transferred or physical-disk bytes.	Replay a short owned range/seek trace on a tiny indexed fixture, including its first cold operation, with the same source and authorization. Reuse the existing reader.	Change the source/version or corrupt an offset/proof and cancel one consumer. No stale or unverified bytes may be published.	A new applicable workload, resolved prerequisite, better independent oracle, or materially different bounded implementation changes the recorded decision.
207	2	R135	proposal	R135.decode-seek-preroll-without-producing-unwanted-presentation-frames	Decode seek preroll without producing unwanted presentation frames	preview	conditional	4	E2	Q2	UNSCREENED	CONVERSATION_SCOPE_AVAILABLE	Time to the requested exact or explicitly approximate preview, total prerequisite work and retained state.	Identify the preview operation and current service. Separate sparse previews, exact scrubbing and ordinary playback; inspect prior frame/history reuse.	One short owned source and a few target requests under equal memory budgets, with an independent full-decode/reference result.	Move backward, request a non-RAP dependency, change source or cancel a pending request; stale previews must never become current.	A new applicable workload, resolved prerequisite, better independent oracle, or materially different bounded implementation changes the recorded decision.
208	2	R150	report-defined	R150.recovery-windows-rather-than-immediate-clean-access-assumptions	Recovery windows rather than immediate clean-access assumptions	preview	conditional	4	E2	Q2	UNSCREENED	SOURCE_BODY_AVAILABLE	Time to the requested exact or explicitly approximate preview, total prerequisite work and retained state.	Identify the preview operation and current service. Separate sparse previews, exact scrubbing and ordinary playback; inspect prior frame/history reuse.	One short owned source and a few target requests under equal memory budgets, with an independent full-decode/reference result.	Move backward, request a non-RAP dependency, change source or cancel a pending request; stale previews must never become current.	A new applicable workload, resolved prerequisite, better independent oracle, or materially different bounded implementation changes the recorded decision.
209	2	R151	report-defined	R151.parsed-coefficients-as-a-cache-tier	Parsed coefficients as a cache tier	preview	conditional	4	E2	Q2	UNSCREENED	SOURCE_BODY_AVAILABLE	Time to the requested exact or explicitly approximate preview, total prerequisite work and retained state.	Identify the preview operation and current service. Separate sparse previews, exact scrubbing and ordinary playback; inspect prior frame/history reuse.	One short owned source and a few target requests under equal memory budgets, with an independent full-decode/reference result.	Move backward, request a non-RAP dependency, change source or cancel a pending request; stale previews must never become current.	A new applicable workload, resolved prerequisite, better independent oracle, or materially different bounded implementation changes the recorded decision.
210	2	R161	proposal	R161.roll-back-speculative-audio-when-a-late-packet-arrives	Roll back speculative audio when a late packet arrives	lifecycle	conditional	4	E2	Q2	UNSCREENED	CONVERSATION_SCOPE_AVAILABLE	User-visible operation latency, duplicated work or peak/steady live resource ownership; not object counts alone.	Trace the precise owner, generation, reset/flush/commit or allocation being changed. Reproduce the present behavior before removing any guard.	One short action trace through existing code with the candidate disabled/enabled; include the specific seek, cancellation or replacement transition it can affect.	Cancel or replace a source at the changed boundary and delay a stale callback/consumer; reject late publication and premature reuse.	A new applicable workload, resolved prerequisite, better independent oracle, or materially different bounded implementation changes the recorded decision.
211	2	R163	proposal	R163.recover-an-interrupted-recording-from-a-committed-sample-journal	Recover an interrupted recording from a committed sample journal	lifecycle	conditional	4	E2	Q2	UNSCREENED	CONVERSATION_SCOPE_AVAILABLE	User-visible operation latency, duplicated work or peak/steady live resource ownership; not object counts alone.	Trace the precise owner, generation, reset/flush/commit or allocation being changed. Reproduce the present behavior before removing any guard.	One short action trace through existing code with the candidate disabled/enabled; include the specific seek, cancellation or replacement transition it can affect.	Cancel or replace a source at the changed boundary and delay a stale callback/consumer; reject late publication and premature reuse.	A new applicable workload, resolved prerequisite, better independent oracle, or materially different bounded implementation changes the recorded decision.
212	2	R207	report-defined	R207.verify-useful-bittorrent-v2-blocks-before-a-whole-piece-completes	Verify useful BitTorrent-v2 blocks before a whole piece completes	source	conditional	4	E2	Q2	UNSCREENED	SOURCE_BODY_AVAILABLE	Total bytes and time to correct startup/target, including cold index/identity acquisition; bounded retained bytes.	Locate one real repeated read/index/validation boundary and its trusted source identity. Separate logical requests from transferred or physical-disk bytes.	Replay a short owned range/seek trace on a tiny indexed fixture, including its first cold operation, with the same source and authorization. Reuse the existing reader.	Change the source/version or corrupt an offset/proof and cancel one consumer. No stale or unverified bytes may be published.	A new applicable workload, resolved prerequisite, better independent oracle, or materially different bounded implementation changes the recorded decision.
213	2	R228	report-continuity	R228.naive-aac-splice-is-rejected.report-continuity	naive AAC splice is rejected	audio	conditional	4	E2	Q2	UNSCREENED	SOURCE_BODY_AVAILABLE	Complete specified audio operation, output sample count/phase and practical CPU/memory or repeated-query cost.	Write the exact requested signal operation, codec tool constraints, state and rounding contract. Check whether an optimized existing library already performs it.	A tiny independent numerical/bitstream oracle plus one boundary or adversarial case. Only use a matching Wasm slice when available and inexpensive.	Extrema, invalid precision, changed predictor/phase/history or a nonlinear stage must invalidate assumptions. No covert resampling/downmix/quality change.	A new applicable workload, resolved prerequisite, better independent oracle, or materially different bounded implementation changes the recorded decision.
214	2	R239	report-C	R239.packet-granular-ogg-opus-repagination.report-c	packet-granular Ogg Opus repagination	audio	conditional	4	E2	Q2	UNSCREENED	SOURCE_BODY_AVAILABLE	Complete specified audio operation, output sample count/phase and practical CPU/memory or repeated-query cost.	Write the exact requested signal operation, codec tool constraints, state and rounding contract. Check whether an optimized existing library already performs it.	A tiny independent numerical/bitstream oracle plus one boundary or adversarial case. Only use a matching Wasm slice when available and inexpensive.	Extrema, invalid precision, changed predictor/phase/history or a nonlinear stage must invalidate assumptions. No covert resampling/downmix/quality change.	A new applicable workload, resolved prerequisite, better independent oracle, or materially different bounded implementation changes the recorded decision.
215	2	R243	report-A	R243.cache-inverse-transform-results-for-recurring-residual-blocks.report-a	Cache inverse-transform results for recurring residual blocks	gpu	conditional	4	E2	Q2	UNSCREENED	SOURCE_BODY_AVAILABLE	Complete decode/process/present cost, transfers, command work or peak live storage for identical requested output.	Identify the CPU/GPU representation boundary and actual useful work removed. Check existing renderer fusions, caches, kernel fast paths and hardware gates.	Small deterministic planes/blocks or an existing real frame with one adversarial edge. Use a bounded component test if GPU integration is not already available, labeling it as such.	Change stride, crop, phase, alpha, edge neighborhood or resource generation; exercise a case where the proposed shortcut is ineligible.	A new applicable workload, resolved prerequisite, better independent oracle, or materially different bounded implementation changes the recorded decision.
216	2	R319	report-continuity	R319.checkpoint-png-paeth-row-state.report-continuity	Checkpoint PNG Paeth row state	gpu	conditional	4	E2	Q2	UNSCREENED	SOURCE_BODY_AVAILABLE	Complete decode/process/present cost, transfers, command work or peak live storage for identical requested output.	Identify the CPU/GPU representation boundary and actual useful work removed. Check existing renderer fusions, caches, kernel fast paths and hardware gates.	Small deterministic planes/blocks or an existing real frame with one adversarial edge. Use a bounded component test if GPU integration is not already available, labeling it as such.	Change stride, crop, phase, alpha, edge neighborhood or resource generation; exercise a case where the proposed shortcut is ineligible.	A new applicable workload, resolved prerequisite, better independent oracle, or materially different bounded implementation changes the recorded decision.
217	2	R320	report-continuity	R320.gram-cache-after-a-fixed-fir-effect.report-continuity	Gram cache after a fixed FIR effect	audio	conditional	4	E2	Q2	UNSCREENED	SOURCE_BODY_AVAILABLE	Complete specified audio operation, output sample count/phase and practical CPU/memory or repeated-query cost.	Write the exact requested signal operation, codec tool constraints, state and rounding contract. Check whether an optimized existing library already performs it.	A tiny independent numerical/bitstream oracle plus one boundary or adversarial case. Only use a matching Wasm slice when available and inexpensive.	Extrema, invalid precision, changed predictor/phase/history or a nonlinear stage must invalidate assumptions. No covert resampling/downmix/quality change.	A new applicable workload, resolved prerequisite, better independent oracle, or materially different bounded implementation changes the recorded decision.
218	2	R102	proposal	R102.use-verbatim-flac-as-a-lightweight-integer-pcm-carrier	Use verbatim FLAC as a lightweight integer-PCM carrier	route	conditional	4	E2	Q3	UNSCREENED	SOURCE_BODY_AVAILABLE	Correct additional admitted source/destination capability; otherwise full startup and CPU/resource cost.	Trace actual input representation, requested tracks/features, current accepted plan and the decoder boundary. Check whether this adapter or destination is already used.	Use one tiny admitted source plus one unsupported/near-boundary control through the existing destination or adapter; compare required output identity with the cheapest correct route. No broad codec port.	Alter one admission-critical configuration, remove a required dependency, or preserve video while making selected audio unsupported. Candidate must reject or use a declared fallback.	A new applicable workload, resolved prerequisite, better independent oracle, or materially different bounded implementation changes the recorded decision.
219	2	R104	proposal	R104.select-or-assemble-whole-opus-elementary-streams-without-pcm	Select or assemble whole Opus elementary streams without PCM	route	conditional	4	E2	Q3	UNSCREENED	SOURCE_BODY_AVAILABLE	Correct additional admitted source/destination capability; otherwise full startup and CPU/resource cost.	Trace actual input representation, requested tracks/features, current accepted plan and the decoder boundary. Check whether this adapter or destination is already used.	Use one tiny admitted source plus one unsupported/near-boundary control through the existing destination or adapter; compare required output identity with the cheapest correct route. No broad codec port.	Alter one admission-critical configuration, remove a required dependency, or preserve video while making selected audio unsupported. Candidate must reject or use a declared fallback.	A new applicable workload, resolved prerequisite, better independent oracle, or materially different bounded implementation changes the recorded decision.
220	2	R140	proposal	R140.turn-abbreviated-jpeg-transport-frames-into-browser-decodable-images	Turn abbreviated JPEG transport frames into browser-decodable images	route	conditional	4	E2	Q3	UNSCREENED	CONVERSATION_SCOPE_AVAILABLE	Correct additional admitted source/destination capability; otherwise full startup and CPU/resource cost.	Trace actual input representation, requested tracks/features, current accepted plan and the decoder boundary. Check whether this adapter or destination is already used.	Use one tiny admitted source plus one unsupported/near-boundary control through the existing destination or adapter; compare required output identity with the cheapest correct route. No broad codec port.	Alter one admission-critical configuration, remove a required dependency, or preserve video while making selected audio unsupported. Candidate must reject or use a declared fallback.	A new applicable workload, resolved prerequisite, better independent oracle, or materially different bounded implementation changes the recorded decision.
221	2	R147	report-defined	R147.random-access-inside-an-ordinary-zip-deflate-entry	Random access inside an ordinary ZIP DEFLATE entry	route	conditional	4	E2	Q3	UNSCREENED	SOURCE_BODY_AVAILABLE	Correct additional admitted source/destination capability; otherwise full startup and CPU/resource cost.	Trace actual input representation, requested tracks/features, current accepted plan and the decoder boundary. Check whether this adapter or destination is already used.	Use one tiny admitted source plus one unsupported/near-boundary control through the existing destination or adapter; compare required output identity with the cheapest correct route. No broad codec port.	Alter one admission-critical configuration, remove a required dependency, or preserve video while making selected audio unsupported. Candidate must reject or use a declared fallback.	A new applicable workload, resolved prerequisite, better independent oracle, or materially different bounded implementation changes the recorded decision.
222	2	R223	report-continuity	R223.flac-frame-range-microstream.report-continuity	FLAC frame-range microstream	audio	conditional	4	E2	Q3	UNSCREENED	SOURCE_BODY_AVAILABLE	Complete specified audio operation, output sample count/phase and practical CPU/memory or repeated-query cost.	Write the exact requested signal operation, codec tool constraints, state and rounding contract. Check whether an optimized existing library already performs it.	A tiny independent numerical/bitstream oracle plus one boundary or adversarial case. Only use a matching Wasm slice when available and inexpensive.	Extrema, invalid precision, changed predictor/phase/history or a nonlinear stage must invalidate assumptions. No covert resampling/downmix/quality change.	A new applicable workload, resolved prerequisite, better independent oracle, or materially different bounded implementation changes the recorded decision.
223	2	R239	report-A	R239.extract-an-av1-operating-point-before-decoding.report-a	Extract an AV1 operating point before decoding	route	conditional	4	E2	Q3	UNSCREENED	SOURCE_BODY_AVAILABLE	Correct additional admitted source/destination capability; otherwise full startup and CPU/resource cost.	Trace actual input representation, requested tracks/features, current accepted plan and the decoder boundary. Check whether this adapter or destination is already used.	Use one tiny admitted source plus one unsupported/near-boundary control through the existing destination or adapter; compare required output identity with the cheapest correct route. No broad codec port.	Alter one admission-critical configuration, remove a required dependency, or preserve video while making selected audio unsupported. Candidate must reject or use a declared fallback.	A new applicable workload, resolved prerequisite, better independent oracle, or materially different bounded implementation changes the recorded decision.
224	2	R245	report-A	R245.factor-a-multichannel-filter-bank-into-fewer-actual-filters.report-a	Factor a multichannel filter bank into fewer actual filters	audio	conditional	4	E2	Q3	UNSCREENED	SOURCE_BODY_AVAILABLE	Complete specified audio operation, output sample count/phase and practical CPU/memory or repeated-query cost.	Write the exact requested signal operation, codec tool constraints, state and rounding contract. Check whether an optimized existing library already performs it.	A tiny independent numerical/bitstream oracle plus one boundary or adversarial case. Only use a matching Wasm slice when available and inexpensive.	Extrema, invalid precision, changed predictor/phase/history or a nonlinear stage must invalidate assumptions. No covert resampling/downmix/quality change.	A new applicable workload, resolved prerequisite, better independent oracle, or materially different bounded implementation changes the recorded decision.
225	2	R245	report-C	R245.standalone-flac-from-original-frames.report-c	standalone FLAC from original frames	audio	conditional	4	E2	Q3	UNSCREENED	SOURCE_BODY_AVAILABLE	Complete specified audio operation, output sample count/phase and practical CPU/memory or repeated-query cost.	Write the exact requested signal operation, codec tool constraints, state and rounding contract. Check whether an optimized existing library already performs it.	A tiny independent numerical/bitstream oracle plus one boundary or adversarial case. Only use a matching Wasm slice when available and inexpensive.	Extrema, invalid precision, changed predictor/phase/history or a nonlinear stage must invalidate assumptions. No covert resampling/downmix/quality change.	A new applicable workload, resolved prerequisite, better independent oracle, or materially different bounded implementation changes the recorded decision.
226	2	R268	report-defined	R268.aac-selective-channel-element-reconstruction	AAC selective channel-element reconstruction	route	conditional	4	E2	Q3	UNSCREENED	SOURCE_BODY_AVAILABLE	Correct additional admitted source/destination capability; otherwise full startup and CPU/resource cost.	Trace actual input representation, requested tracks/features, current accepted plan and the decoder boundary. Check whether this adapter or destination is already used.	Use one tiny admitted source plus one unsupported/near-boundary control through the existing destination or adapter; compare required output identity with the cheapest correct route. No broad codec port.	Alter one admission-critical configuration, remove a required dependency, or preserve video while making selected audio unsupported. Candidate must reject or use a declared fallback.	A new applicable workload, resolved prerequisite, better independent oracle, or materially different bounded implementation changes the recorded decision.
227	2	R241	report-C	R241.jpeg-90-dct-domain-rotation.report-c	JPEG 90° DCT-domain rotation	gpu	conditional	4	E2	Q4	UNSCREENED	SOURCE_BODY_AVAILABLE	Complete decode/process/present cost, transfers, command work or peak live storage for identical requested output.	Identify the CPU/GPU representation boundary and actual useful work removed. Check existing renderer fusions, caches, kernel fast paths and hardware gates.	Small deterministic planes/blocks or an existing real frame with one adversarial edge. Use a bounded component test if GPU integration is not already available, labeling it as such.	Change stride, crop, phase, alpha, edge neighborhood or resource generation; exercise a case where the proposed shortcut is ineligible.	A new applicable workload, resolved prerequisite, better independent oracle, or materially different bounded implementation changes the recorded decision.
228	2	R241	report-A	R241.reconstruct-gain-map-hdr-using-browser-decoded-component-images.report-a	Reconstruct gain-map HDR using browser-decoded component images	route	conditional	4	E2	Q4	UNSCREENED	SOURCE_BODY_AVAILABLE	Correct additional admitted source/destination capability; otherwise full startup and CPU/resource cost.	Trace actual input representation, requested tracks/features, current accepted plan and the decoder boundary. Check whether this adapter or destination is already used.	Use one tiny admitted source plus one unsupported/near-boundary control through the existing destination or adapter; compare required output identity with the cheapest correct route. No broad codec port.	Alter one admission-critical configuration, remove a required dependency, or preserve video while making selected audio unsupported. Candidate must reject or use a declared fallback.	A new applicable workload, resolved prerequisite, better independent oracle, or materially different bounded implementation changes the recorded decision.
229	2	R10	proposal	R010.screen-float-preserving-destinations-before-writing-adapters	Screen float-preserving destinations before writing adapters	route	conditional	3	E0	Q3	UNSCREENED	SOURCE_BODY_AVAILABLE	Correct additional admitted source/destination capability; otherwise full startup and CPU/resource cost.	Trace actual input representation, requested tracks/features, current accepted plan and the decoder boundary. Check whether this adapter or destination is already used.	Prerequisite-only first: Exact destination/configuration and existing source/worker assets; feature availability is not a pass for the complete route. If absent, record HOLD_ENV; if present, decide whether the small probe is warranted. Use one tiny admitted source plus one unsupported/near-boundary control through the existing destination or adapter; compare required output identity with the cheapest correct route. No broad codec port.	Alter one admission-critical configuration, remove a required dependency, or preserve video while making selected audio unsupported. Candidate must reject or use a declared fallback.	A new applicable workload, resolved prerequisite, better independent oracle, or materially different bounded implementation changes the recorded decision.
230	2	R12	proposal	R012.use-a-browser-audio-encoder-for-the-permitted-lossy-branch	Use a browser audio encoder for the permitted lossy branch	route	conditional	3	E0	Q3	UNSCREENED	SOURCE_BODY_AVAILABLE	Correct additional admitted source/destination capability; otherwise full startup and CPU/resource cost.	Trace actual input representation, requested tracks/features, current accepted plan and the decoder boundary. Check whether this adapter or destination is already used.	Prerequisite-only first: Exact destination/configuration and existing source/worker assets; feature availability is not a pass for the complete route. If absent, record HOLD_ENV; if present, decide whether the small probe is warranted. Use one tiny admitted source plus one unsupported/near-boundary control through the existing destination or adapter; compare required output identity with the cheapest correct route. No broad codec port.	Alter one admission-critical configuration, remove a required dependency, or preserve video while making selected audio unsupported. Candidate must reject or use a declared fallback.	A new applicable workload, resolved prerequisite, better independent oracle, or materially different bounded implementation changes the recorded decision.
231	2	R25	proposal	R025.try-a-generated-video-track-as-an-alternative-presenter	Try a generated video track as an alternative presenter	route	conditional	3	E0	Q3	UNSCREENED	SOURCE_BODY_AVAILABLE	Correct additional admitted source/destination capability; otherwise full startup and CPU/resource cost.	Trace actual input representation, requested tracks/features, current accepted plan and the decoder boundary. Check whether this adapter or destination is already used.	Prerequisite-only first: Exact destination/configuration and existing source/worker assets; feature availability is not a pass for the complete route. If absent, record HOLD_ENV; if present, decide whether the small probe is warranted. Use one tiny admitted source plus one unsupported/near-boundary control through the existing destination or adapter; compare required output identity with the cheapest correct route. No broad codec port.	Alter one admission-critical configuration, remove a required dependency, or preserve video while making selected audio unsupported. Candidate must reject or use a declared fallback.	A new applicable workload, resolved prerequisite, better independent oracle, or materially different bounded implementation changes the recorded decision.
232	2	R30	proposal	R030.investigate-containerless-encoded-chunk-mse	Investigate containerless encoded-chunk MSE	route	conditional	3	E0	Q3	UNSCREENED	SOURCE_BODY_AVAILABLE	Correct additional admitted source/destination capability; otherwise full startup and CPU/resource cost.	Trace actual input representation, requested tracks/features, current accepted plan and the decoder boundary. Check whether this adapter or destination is already used.	Prerequisite-only first: Exact destination/configuration and existing source/worker assets; feature availability is not a pass for the complete route. If absent, record HOLD_ENV; if present, decide whether the small probe is warranted. Use one tiny admitted source plus one unsupported/near-boundary control through the existing destination or adapter; compare required output identity with the cheapest correct route. No broad codec port.	Alter one admission-critical configuration, remove a required dependency, or preserve video while making selected audio unsupported. Candidate must reject or use a declared fallback.	A new applicable workload, resolved prerequisite, better independent oracle, or materially different bounded implementation changes the recorded decision.
233	2	R22	proposal	R022.use-document-pip-to-keep-native-subtitles-and-controls	Use Document PiP to keep Native subtitles and controls	route	conditional	3	E0	Q4	UNSCREENED	SOURCE_BODY_AVAILABLE	Correct additional admitted source/destination capability; otherwise full startup and CPU/resource cost.	Trace actual input representation, requested tracks/features, current accepted plan and the decoder boundary. Check whether this adapter or destination is already used.	Prerequisite-only first: Exact destination/configuration and existing source/worker assets; feature availability is not a pass for the complete route. If absent, record HOLD_ENV; if present, decide whether the small probe is warranted. Use one tiny admitted source plus one unsupported/near-boundary control through the existing destination or adapter; compare required output identity with the cheapest correct route. No broad codec port.	Alter one admission-critical configuration, remove a required dependency, or preserve video while making selected audio unsupported. Candidate must reject or use a declared fallback.	A new applicable workload, resolved prerequisite, better independent oracle, or materially different bounded implementation changes the recorded decision.
234	2	R08	proposal	R008.keep-display-only-transformations-out-of-cpu-video-filters	Keep display-only transformations out of CPU video filters	gpu	conditional	3	E1	Q2	UNSCREENED	SOURCE_BODY_AVAILABLE	Complete decode/process/present cost, transfers, command work or peak live storage for identical requested output.	Identify the CPU/GPU representation boundary and actual useful work removed. Check existing renderer fusions, caches, kernel fast paths and hardware gates.	Small deterministic planes/blocks or an existing real frame with one adversarial edge. Use a bounded component test if GPU integration is not already available, labeling it as such.	Change stride, crop, phase, alpha, edge neighborhood or resource generation; exercise a case where the proposed shortcut is ineligible.	A new applicable workload, resolved prerequisite, better independent oracle, or materially different bounded implementation changes the recorded decision.
235	2	R50	proposal	R050.evict-on-actual-gop-boundaries-to-preserve-useful-rewind-media	Evict on actual GOP boundaries to preserve useful rewind media	tooling	conditional	3	E1	Q2	UNSCREENED	SOURCE_BODY_AVAILABLE	Decision power, reproducibility or diagnostic cost without changing the measured player outcome.	Specify one concrete wrong-output or provenance failure the proposed tool must detect beyond the existing harness.	Inject that failure in a tiny known-good fixture, demonstrate detection and run an unchanged control; do not build a general research platform.	A different failure, stale source/hash or malformed record must not count as the intended finding.	A new applicable workload, resolved prerequisite, better independent oracle, or materially different bounded implementation changes the recorded decision.
236	2	R53	proposal	R053.coalesce-gain-gestures-into-audio-clock-automation	Coalesce gain gestures into audio-clock automation	lifecycle	conditional	3	E1	Q2	UNSCREENED	SOURCE_BODY_AVAILABLE	User-visible operation latency, duplicated work or peak/steady live resource ownership; not object counts alone.	Trace the precise owner, generation, reset/flush/commit or allocation being changed. Reproduce the present behavior before removing any guard.	One short action trace through existing code with the candidate disabled/enabled; include the specific seek, cancellation or replacement transition it can affect.	Cancel or replace a source at the changed boundary and delay a stale callback/consumer; reject late publication and premature reuse.	A new applicable workload, resolved prerequisite, better independent oracle, or materially different bounded implementation changes the recorded decision.
237	2	R56	proposal	R056.map-repeated-clip-boundaries-in-integer-media-ticks	Map repeated clip boundaries in integer media ticks	mux	conditional	3	E1	Q2	UNSCREENED	SOURCE_BODY_AVAILABLE	Complete preparation/startup/refill work, bytes and ownership; output parser acceptance alone is not the metric.	Find where bytes/timestamps actually change, are copied, or are withheld. Compare against current persistent mux/parser behavior.	Construct one bounded positive output and one invalid-edge control using the same coded samples. Keep unrelated fragment/default policies fixed.	Wrong size/offset/configuration or a non-random-access cut must fail specifically; cancellation cannot publish another generation.	A new applicable workload, resolved prerequisite, better independent oracle, or materially different bounded implementation changes the recorded decision.
238	2	R70	report-defined	R070.remove-the-intermediate-host-remux	Remove the intermediate host remux	mux	conditional	3	E1	Q2	UNSCREENED	SOURCE_BODY_AVAILABLE	Complete preparation/startup/refill work, bytes and ownership; output parser acceptance alone is not the metric.	Find where bytes/timestamps actually change, are copied, or are withheld. Compare against current persistent mux/parser behavior.	Construct one bounded positive output and one invalid-edge control using the same coded samples. Keep unrelated fragment/default policies fixed.	Wrong size/offset/configuration or a non-random-access cut must fail specifically; cancellation cannot publish another generation.	A new applicable workload, resolved prerequisite, better independent oracle, or materially different bounded implementation changes the recorded decision.
239	2	R71	report-defined	R071.tune-flac-effort-without-changing-frame-duration	Tune FLAC effort without changing frame duration	audio	conditional	3	E1	Q2	UNSCREENED	SOURCE_BODY_AVAILABLE	Complete specified audio operation, output sample count/phase and practical CPU/memory or repeated-query cost.	Write the exact requested signal operation, codec tool constraints, state and rounding contract. Check whether an optimized existing library already performs it.	A tiny independent numerical/bitstream oracle plus one boundary or adversarial case. Only use a matching Wasm slice when available and inexpensive.	Extrema, invalid precision, changed predictor/phase/history or a nonlinear stage must invalidate assumptions. No covert resampling/downmix/quality change.	A new applicable workload, resolved prerequisite, better independent oracle, or materially different bounded implementation changes the recorded decision.
240	2	R75	report-defined	R075.compact-large-seek-maps-with-checkpoints	Compact large seek maps with checkpoints	source	conditional	3	E1	Q2	UNSCREENED	SOURCE_BODY_AVAILABLE	Total bytes and time to correct startup/target, including cold index/identity acquisition; bounded retained bytes.	Locate one real repeated read/index/validation boundary and its trusted source identity. Separate logical requests from transferred or physical-disk bytes.	Replay a short owned range/seek trace on a tiny indexed fixture, including its first cold operation, with the same source and authorization. Reuse the existing reader.	Change the source/version or corrupt an offset/proof and cancel one consumer. No stale or unverified bytes may be published.	A new applicable workload, resolved prerequisite, better independent oracle, or materially different bounded implementation changes the recorded decision.
241	2	R95	proposal	R095.fixed-opus-gain-through-codec-container-headers	Fixed Opus gain through codec/container headers	mux	conditional	3	E1	Q2	UNSCREENED	SOURCE_BODY_AVAILABLE	Complete preparation/startup/refill work, bytes and ownership; output parser acceptance alone is not the metric.	Find where bytes/timestamps actually change, are copied, or are withheld. Compare against current persistent mux/parser behavior.	Construct one bounded positive output and one invalid-edge control using the same coded samples. Keep unrelated fragment/default policies fixed.	Wrong size/offset/configuration or a non-random-access cut must fail specifically; cancellation cannot publish another generation.	A new applicable workload, resolved prerequisite, better independent oracle, or materially different bounded implementation changes the recorded decision.
242	2	R107	proposal	R107.separate-av1-base-decoding-from-film-grain-reconstruction	Separate AV1 base decoding from film-grain reconstruction	gpu	conditional	3	E1	Q2	UNSCREENED	SOURCE_BODY_AVAILABLE	Complete decode/process/present cost, transfers, command work or peak live storage for identical requested output.	Identify the CPU/GPU representation boundary and actual useful work removed. Check existing renderer fusions, caches, kernel fast paths and hardware gates.	Small deterministic planes/blocks or an existing real frame with one adversarial edge. Use a bounded component test if GPU integration is not already available, labeling it as such.	Change stride, crop, phase, alpha, edge neighborhood or resource generation; exercise a case where the proposed shortcut is ineligible.	A new applicable workload, resolved prerequisite, better independent oracle, or materially different bounded implementation changes the recorded decision.
243	2	R158	report-defined	R158.structure-aware-failure-preserving-reduction	Structure-aware failure-preserving reduction	tooling	conditional	3	E1	Q2	UNSCREENED	SOURCE_BODY_AVAILABLE	Decision power, reproducibility or diagnostic cost without changing the measured player outcome.	Specify one concrete wrong-output or provenance failure the proposed tool must detect beyond the existing harness.	Inject that failure in a tiny known-good fixture, demonstrate detection and run an unchanged control; do not build a general research platform.	A different failure, stale source/hash or malformed record must not count as the intended finding.	A new applicable workload, resolved prerequisite, better independent oracle, or materially different bounded implementation changes the recorded decision.
244	2	R171	proposal	R171.derive-a-small-set-of-tests-that-distinguish-route-behaviors	Derive a small set of tests that distinguish route behaviors	audio	conditional	3	E1	Q2	UNSCREENED	CONVERSATION_SCOPE_AVAILABLE	Complete specified audio operation, output sample count/phase and practical CPU/memory or repeated-query cost.	Write the exact requested signal operation, codec tool constraints, state and rounding contract. Check whether an optimized existing library already performs it.	A tiny independent numerical/bitstream oracle plus one boundary or adversarial case. Only use a matching Wasm slice when available and inexpensive.	Extrema, invalid precision, changed predictor/phase/history or a nonlinear stage must invalidate assumptions. No covert resampling/downmix/quality change.	A new applicable workload, resolved prerequisite, better independent oracle, or materially different bounded implementation changes the recorded decision.
245	2	R179	report-defined	R179.exact-subtitle-font-subsetting	exact subtitle font subsetting	subtitles	conditional	3	E1	Q2	UNSCREENED	SOURCE_BODY_AVAILABLE	Required caption capability or total render/extraction cost and retained cue/atlas memory.	Identify the exact subtitle representation, maintained renderer and existing cache behavior. Distinguish an oracle discrepancy from a player defect.	One authored cue/scene plus an overlapping or stateful boundary, using identical fonts, sizes and output semantics; reuse a maintained test.	Seek into an active cue, change fonts/layout/source, or omit a required style/control. No silent simplification or stale overlay.	A new applicable workload, resolved prerequisite, better independent oracle, or materially different bounded implementation changes the recorded decision.
246	2	R185	report-defined	R185.progressively-refine-one-preview	progressively refine one preview	preview	conditional	3	E1	Q2	UNSCREENED	SOURCE_BODY_AVAILABLE	Time to the requested exact or explicitly approximate preview, total prerequisite work and retained state.	Identify the preview operation and current service. Separate sparse previews, exact scrubbing and ordinary playback; inspect prior frame/history reuse.	One short owned source and a few target requests under equal memory budgets, with an independent full-decode/reference result.	Move backward, request a non-RAP dependency, change source or cancel a pending request; stale previews must never become current.	A new applicable workload, resolved prerequisite, better independent oracle, or materially different bounded implementation changes the recorded decision.
247	2	R28	proposal	R028.make-streaming-representation-choices-aware-of-complete-plan-feasibility	Make streaming representation choices aware of complete-plan feasibility	route	conditional	3	E1	Q3	UNSCREENED	SOURCE_BODY_AVAILABLE	Correct additional admitted source/destination capability; otherwise full startup and CPU/resource cost.	Trace actual input representation, requested tracks/features, current accepted plan and the decoder boundary. Check whether this adapter or destination is already used.	Use one tiny admitted source plus one unsupported/near-boundary control through the existing destination or adapter; compare required output identity with the cheapest correct route. No broad codec port.	Alter one admission-critical configuration, remove a required dependency, or preserve video while making selected audio unsupported. Candidate must reject or use a declared fallback.	A new applicable workload, resolved prerequisite, better independent oracle, or materially different bounded implementation changes the recorded decision.
248	2	R304	proposal	R304.factor-a-multichannel-effect-into-fewer-independent-filters	Factor a multichannel effect into fewer independent filters	audio	specialty-or-prepared	4	E1	Q2	UNSCREENED	SOURCE_BODY_AVAILABLE	Complete specified audio operation, output sample count/phase and practical CPU/memory or repeated-query cost.	Write the exact requested signal operation, codec tool constraints, state and rounding contract. Check whether an optimized existing library already performs it.	A tiny independent numerical/bitstream oracle plus one boundary or adversarial case. Only use a matching Wasm slice when available and inexpensive.	Extrema, invalid precision, changed predictor/phase/history or a nonlinear stage must invalidate assumptions. No covert resampling/downmix/quality change.	A new applicable workload, resolved prerequisite, better independent oracle, or materially different bounded implementation changes the recorded decision.
249	2	R309	proposal	R309.recalculate-mix-loudness-from-cached-cross-products	Recalculate mix loudness from cached cross-products	audio	specialty-or-prepared	4	E1	Q2	UNSCREENED	SOURCE_BODY_AVAILABLE	Complete specified audio operation, output sample count/phase and practical CPU/memory or repeated-query cost.	Write the exact requested signal operation, codec tool constraints, state and rounding contract. Check whether an optimized existing library already performs it.	A tiny independent numerical/bitstream oracle plus one boundary or adversarial case. Only use a matching Wasm slice when available and inexpensive.	Extrema, invalid precision, changed predictor/phase/history or a nonlinear stage must invalidate assumptions. No covert resampling/downmix/quality change.	A new applicable workload, resolved prerequisite, better independent oracle, or materially different bounded implementation changes the recorded decision.
250	2	R312	proposal	R312.find-oversampled-peaks-by-ruling-out-regions-before-reconstructing-them	Find oversampled peaks by ruling out regions before reconstructing them	audio	specialty-or-prepared	4	E1	Q2	UNSCREENED	SOURCE_BODY_AVAILABLE	Complete specified audio operation, output sample count/phase and practical CPU/memory or repeated-query cost.	Write the exact requested signal operation, codec tool constraints, state and rounding contract. Check whether an optimized existing library already performs it.	A tiny independent numerical/bitstream oracle plus one boundary or adversarial case. Only use a matching Wasm slice when available and inexpensive.	Extrema, invalid precision, changed predictor/phase/history or a nonlinear stage must invalidate assumptions. No covert resampling/downmix/quality change.	A new applicable workload, resolved prerequisite, better independent oracle, or materially different bounded implementation changes the recorded decision.
251	2	R316	proposal	R316.cache-the-peak-envelope-of-every-fixed-gain-mix	Cache the peak envelope of every fixed-gain mix	audio	specialty-or-prepared	4	E1	Q2	UNSCREENED	SOURCE_BODY_AVAILABLE	Complete specified audio operation, output sample count/phase and practical CPU/memory or repeated-query cost.	Write the exact requested signal operation, codec tool constraints, state and rounding contract. Check whether an optimized existing library already performs it.	A tiny independent numerical/bitstream oracle plus one boundary or adversarial case. Only use a matching Wasm slice when available and inexpensive.	Extrema, invalid precision, changed predictor/phase/history or a nonlinear stage must invalidate assumptions. No covert resampling/downmix/quality change.	A new applicable workload, resolved prerequisite, better independent oracle, or materially different bounded implementation changes the recorded decision.
252	2	R324	proposal	R324.reuse-av1-show-existing-frame-for-repeated-ui-states	Reuse AV1 show_existing_frame for repeated UI states	lifecycle	specialty-or-prepared	4	E1	Q2	UNSCREENED	CONVERSATION_SCOPE_AVAILABLE	User-visible operation latency, duplicated work or peak/steady live resource ownership; not object counts alone.	Trace the precise owner, generation, reset/flush/commit or allocation being changed. Reproduce the present behavior before removing any guard.	One short action trace through existing code with the candidate disabled/enabled; include the specific seek, cancellation or replacement transition it can affect.	Cancel or replace a source at the changed boundary and delay a stale callback/consumer; reject late publication and premature reuse.	A new applicable workload, resolved prerequisite, better independent oracle, or materially different bounded implementation changes the recorded decision.
253	2	R341	proposal	R341.derive-audio-effect-preroll-from-a-guaranteed-error-budget	Derive audio-effect preroll from a guaranteed error budget	audio	specialty-or-prepared	4	E1	Q2	UNSCREENED	SOURCE_BODY_AVAILABLE	Complete specified audio operation, output sample count/phase and practical CPU/memory or repeated-query cost.	Write the exact requested signal operation, codec tool constraints, state and rounding contract. Check whether an optimized existing library already performs it.	A tiny independent numerical/bitstream oracle plus one boundary or adversarial case. Only use a matching Wasm slice when available and inexpensive.	Extrema, invalid precision, changed predictor/phase/history or a nonlinear stage must invalidate assumptions. No covert resampling/downmix/quality change.	A new applicable workload, resolved prerequisite, better independent oracle, or materially different bounded implementation changes the recorded decision.
254	2	R347	proposal	R347.morph-convolution-effects-using-reusable-basis-outputs	Morph convolution effects using reusable basis outputs	audio	specialty-or-prepared	4	E1	Q2	UNSCREENED	SOURCE_BODY_AVAILABLE	Complete specified audio operation, output sample count/phase and practical CPU/memory or repeated-query cost.	Write the exact requested signal operation, codec tool constraints, state and rounding contract. Check whether an optimized existing library already performs it.	A tiny independent numerical/bitstream oracle plus one boundary or adversarial case. Only use a matching Wasm slice when available and inexpensive.	Extrema, invalid precision, changed predictor/phase/history or a nonlinear stage must invalidate assumptions. No covert resampling/downmix/quality change.	A new applicable workload, resolved prerequisite, better independent oracle, or materially different bounded implementation changes the recorded decision.
255	2	R359	proposal	R359.start-with-a-bounded-software-prefix-while-browser-decoding-warms-up	Start with a bounded software prefix while browser decoding warms up	lifecycle	specialty-or-prepared	4	E1	Q2	UNSCREENED	SOURCE_BODY_AVAILABLE	User-visible operation latency, duplicated work or peak/steady live resource ownership; not object counts alone.	Trace the precise owner, generation, reset/flush/commit or allocation being changed. Reproduce the present behavior before removing any guard.	One short action trace through existing code with the candidate disabled/enabled; include the specific seek, cancellation or replacement transition it can affect.	Cancel or replace a source at the changed boundary and delay a stale callback/consumer; reject late publication and premature reuse.	A new applicable workload, resolved prerequisite, better independent oracle, or materially different bounded implementation changes the recorded decision.
256	2	R230	proposal	R230.mux-media-to-reduce-the-extra-bytes-required-for-integrity-verification	Mux media to reduce the extra bytes required for integrity verification	source	specialty-or-prepared	4	E2	Q2	UNSCREENED	CONVERSATION_SCOPE_AVAILABLE	Total bytes and time to correct startup/target, including cold index/identity acquisition; bounded retained bytes.	Locate one real repeated read/index/validation boundary and its trusted source identity. Separate logical requests from transferred or physical-disk bytes.	Replay a short owned range/seek trace on a tiny indexed fixture, including its first cold operation, with the same source and authorization. Reuse the existing reader.	Change the source/version or corrupt an offset/proof and cancel one consumer. No stale or unverified bytes may be published.	A new applicable workload, resolved prerequisite, better independent oracle, or materially different bounded implementation changes the recorded decision.
257	2	R352	proposal	R352.integrate-video-exposure-over-real-frame-durations-instead-of-frame-counts	Integrate video exposure over real frame durations instead of frame counts	gpu	specialty-or-prepared	4	E2	Q2	UNSCREENED	SOURCE_BODY_AVAILABLE	Complete decode/process/present cost, transfers, command work or peak live storage for identical requested output.	Identify the CPU/GPU representation boundary and actual useful work removed. Check existing renderer fusions, caches, kernel fast paths and hardware gates.	Small deterministic planes/blocks or an existing real frame with one adversarial edge. Use a bounded component test if GPU integration is not already available, labeling it as such.	Change stride, crop, phase, alpha, edge neighborhood or resource generation; exercise a case where the proposed shortcut is ineligible.	A new applicable workload, resolved prerequisite, better independent oracle, or materially different bounded implementation changes the recorded decision.
258	2	R214	report-defined	R214.packed-v210-without-cpu-planarization	packed v210 without CPU planarization	route	specialty-or-prepared	4	E2	Q3	UNSCREENED	SOURCE_BODY_AVAILABLE	Correct additional admitted source/destination capability; otherwise full startup and CPU/resource cost.	Trace actual input representation, requested tracks/features, current accepted plan and the decoder boundary. Check whether this adapter or destination is already used.	Use one tiny admitted source plus one unsupported/near-boundary control through the existing destination or adapter; compare required output identity with the cheapest correct route. No broad codec port.	Alter one admission-critical configuration, remove a required dependency, or preserve video while making selected audio unsupported. Candidate must reject or use a declared fallback.	A new applicable workload, resolved prerequisite, better independent oracle, or materially different bounded implementation changes the recorded decision.
259	2	R228	proposal	R228.decode-interlaced-mjpeg-as-native-field-images	Decode interlaced MJPEG as native field images	route	specialty-or-prepared	4	E2	Q3	UNSCREENED	CONVERSATION_SCOPE_AVAILABLE	Correct additional admitted source/destination capability; otherwise full startup and CPU/resource cost.	Trace actual input representation, requested tracks/features, current accepted plan and the decoder boundary. Check whether this adapter or destination is already used.	Use one tiny admitted source plus one unsupported/near-boundary control through the existing destination or adapter; compare required output identity with the cheapest correct route. No broad codec port.	Alter one admission-critical configuration, remove a required dependency, or preserve video while making selected audio unsupported. Candidate must reject or use a declared fallback.	A new applicable workload, resolved prerequisite, better independent oracle, or materially different bounded implementation changes the recorded decision.
260	2	R229	proposal	R229.compile-matroska-ordered-editions-into-a-minimal-transformation-playback-timeline	Compile Matroska ordered editions into a minimal-transformation playback timeline	route	specialty-or-prepared	4	E2	Q3	UNSCREENED	CONVERSATION_SCOPE_AVAILABLE	Correct additional admitted source/destination capability; otherwise full startup and CPU/resource cost.	Trace actual input representation, requested tracks/features, current accepted plan and the decoder boundary. Check whether this adapter or destination is already used.	Use one tiny admitted source plus one unsupported/near-boundary control through the existing destination or adapter; compare required output identity with the cheapest correct route. No broad codec port.	Alter one admission-critical configuration, remove a required dependency, or preserve video while making selected audio unsupported. Candidate must reject or use a declared fallback.	A new applicable workload, resolved prerequisite, better independent oracle, or materially different bounded implementation changes the recorded decision.
261	2	R325	proposal	R325.decode-only-the-alpha-plane-of-a-transparent-image-when-color-is-already-cached	Decode only the alpha plane of a transparent image when color is already cached	route	specialty-or-prepared	4	E2	Q3	UNSCREENED	CONVERSATION_SCOPE_AVAILABLE	Correct additional admitted source/destination capability; otherwise full startup and CPU/resource cost.	Trace actual input representation, requested tracks/features, current accepted plan and the decoder boundary. Check whether this adapter or destination is already used.	Use one tiny admitted source plus one unsupported/near-boundary control through the existing destination or adapter; compare required output identity with the cheapest correct route. No broad codec port.	Alter one admission-critical configuration, remove a required dependency, or preserve video while making selected audio unsupported. Candidate must reject or use a declared fallback.	A new applicable workload, resolved prerequisite, better independent oracle, or materially different bounded implementation changes the recorded decision.
262	2	R83	report-defined	R083.decode-graphics-processing-encode	Decode → graphics processing → encode	route	specialty-or-prepared	3	E0	Q3	UNSCREENED	SOURCE_BODY_AVAILABLE	Correct additional admitted source/destination capability; otherwise full startup and CPU/resource cost.	Trace actual input representation, requested tracks/features, current accepted plan and the decoder boundary. Check whether this adapter or destination is already used.	Prerequisite-only first: Exact destination/configuration and existing source/worker assets; feature availability is not a pass for the complete route. If absent, record HOLD_ENV; if present, decide whether the small probe is warranted. Use one tiny admitted source plus one unsupported/near-boundary control through the existing destination or adapter; compare required output identity with the cheapest correct route. No broad codec port.	Alter one admission-critical configuration, remove a required dependency, or preserve video while making selected audio unsupported. Candidate must reject or use a declared fallback.	A new applicable workload, resolved prerequisite, better independent oracle, or materially different bounded implementation changes the recorded decision.
263	2	R89	proposal	R089.avif-image-payloads-as-timed-av1-video-and-eligible-av1-frames-as-avif	AVIF image payloads as timed AV1 video, and eligible AV1 frames as AVIF	route	specialty-or-prepared	3	E0	Q3	UNSCREENED	SOURCE_BODY_AVAILABLE	Correct additional admitted source/destination capability; otherwise full startup and CPU/resource cost.	Trace actual input representation, requested tracks/features, current accepted plan and the decoder boundary. Check whether this adapter or destination is already used.	Prerequisite-only first: Exact destination/configuration and existing source/worker assets; feature availability is not a pass for the complete route. If absent, record HOLD_ENV; if present, decide whether the small probe is warranted. Use one tiny admitted source plus one unsupported/near-boundary control through the existing destination or adapter; compare required output identity with the cheapest correct route. No broad codec port.	Alter one admission-critical configuration, remove a required dependency, or preserve video while making selected audio unsupported. Candidate must reject or use a declared fallback.	A new applicable workload, resolved prerequisite, better independent oracle, or materially different bounded implementation changes the recorded decision.
264	2	R269	report-defined	R269.av1-pre-super-resolution-preview	AV1 pre-super-resolution preview	audio	specialty-or-prepared	3	E0	Q3	UNSCREENED	SOURCE_BODY_AVAILABLE	Complete specified audio operation, output sample count/phase and practical CPU/memory or repeated-query cost.	Write the exact requested signal operation, codec tool constraints, state and rounding contract. Check whether an optimized existing library already performs it.	Prerequisite-only first: Pinned processing recipe and relevant assets. Distinguish aggregate statistics from waveform, loudness, true peak and physical speaker behavior. If absent, record HOLD_ENV; if present, decide whether the small probe is warranted. A tiny independent numerical/bitstream oracle plus one boundary or adversarial case. Only use a matching Wasm slice when available and inexpensive.	Extrema, invalid precision, changed predictor/phase/history or a nonlinear stage must invalidate assumptions. No covert resampling/downmix/quality change.	A new applicable workload, resolved prerequisite, better independent oracle, or materially different bounded implementation changes the recorded decision.
265	2	R273	report-defined	R273.jpeg-xl-dc-preview	JPEG XL DC preview	route	specialty-or-prepared	3	E0	Q3	UNSCREENED	SOURCE_BODY_AVAILABLE	Correct additional admitted source/destination capability; otherwise full startup and CPU/resource cost.	Trace actual input representation, requested tracks/features, current accepted plan and the decoder boundary. Check whether this adapter or destination is already used.	Prerequisite-only first: Exact destination/configuration and existing source/worker assets; feature availability is not a pass for the complete route. If absent, record HOLD_ENV; if present, decide whether the small probe is warranted. Use one tiny admitted source plus one unsupported/near-boundary control through the existing destination or adapter; compare required output identity with the cheapest correct route. No broad codec port.	Alter one admission-critical configuration, remove a required dependency, or preserve video while making selected audio unsupported. Candidate must reject or use a declared fallback.	A new applicable workload, resolved prerequisite, better independent oracle, or materially different bounded implementation changes the recorded decision.
266	2	R302	proposal	R302.develop-ultra-hdr-gain-maps-after-native-image-decoding	Develop Ultra HDR gain maps after native image decoding	route	specialty-or-prepared	3	E0	Q4	UNSCREENED	SOURCE_BODY_AVAILABLE	Correct additional admitted source/destination capability; otherwise full startup and CPU/resource cost.	Trace actual input representation, requested tracks/features, current accepted plan and the decoder boundary. Check whether this adapter or destination is already used.	Prerequisite-only first: Exact destination/configuration and existing source/worker assets; feature availability is not a pass for the complete route. If absent, record HOLD_ENV; if present, decide whether the small probe is warranted. Use one tiny admitted source plus one unsupported/near-boundary control through the existing destination or adapter; compare required output identity with the cheapest correct route. No broad codec port.	Alter one admission-critical configuration, remove a required dependency, or preserve video while making selected audio unsupported. Candidate must reject or use a declared fallback.	A new applicable workload, resolved prerequisite, better independent oracle, or materially different bounded implementation changes the recorded decision.
267	2	R348	proposal	R348.convert-packed-dsd-directly-to-the-requested-pcm-rate	Convert packed DSD directly to the requested PCM rate	route	specialty-or-prepared	3	E0	Q4	UNSCREENED	SOURCE_BODY_AVAILABLE	Correct additional admitted source/destination capability; otherwise full startup and CPU/resource cost.	Trace actual input representation, requested tracks/features, current accepted plan and the decoder boundary. Check whether this adapter or destination is already used.	Prerequisite-only first: Exact destination/configuration and existing source/worker assets; feature availability is not a pass for the complete route. If absent, record HOLD_ENV; if present, decide whether the small probe is warranted. Use one tiny admitted source plus one unsupported/near-boundary control through the existing destination or adapter; compare required output identity with the cheapest correct route. No broad codec port.	Alter one admission-critical configuration, remove a required dependency, or preserve video while making selected audio unsupported. Candidate must reject or use a declared fallback.	A new applicable workload, resolved prerequisite, better independent oracle, or materially different bounded implementation changes the recorded decision.
268	2	R226	proposal	R226.optimize-jpeg-huffman-tables-for-decoding-cost-not-only-file-size	Optimize JPEG Huffman tables for decoding cost, not only file size	tooling	specialty-or-prepared	3	E1	Q2	UNSCREENED	CONVERSATION_SCOPE_AVAILABLE	Decision power, reproducibility or diagnostic cost without changing the measured player outcome.	Specify one concrete wrong-output or provenance failure the proposed tool must detect beyond the existing harness.	Inject that failure in a tiny known-good fixture, demonstrate detection and run an unchanged control; do not build a general research platform.	A different failure, stale source/hash or malformed record must not count as the intended finding.	A new applicable workload, resolved prerequisite, better independent oracle, or materially different bounded implementation changes the recorded decision.
269	2	R294	proposal	R294.parallelize-a-nonlinear-peak-release-envelope-using-composable-summaries	Parallelize a nonlinear peak-release envelope using composable summaries	audio	specialty-or-prepared	3	E1	Q2	UNSCREENED	SOURCE_BODY_AVAILABLE	Complete specified audio operation, output sample count/phase and practical CPU/memory or repeated-query cost.	Write the exact requested signal operation, codec tool constraints, state and rounding contract. Check whether an optimized existing library already performs it.	A tiny independent numerical/bitstream oracle plus one boundary or adversarial case. Only use a matching Wasm slice when available and inexpensive.	Extrema, invalid precision, changed predictor/phase/history or a nonlinear stage must invalidate assumptions. No covert resampling/downmix/quality change.	A new applicable workload, resolved prerequisite, better independent oracle, or materially different bounded implementation changes the recorded decision.
270	2	R305	proposal	R305.compose-ogg-checksums-from-reusable-byte-range-summaries	Compose Ogg checksums from reusable byte-range summaries	mux	specialty-or-prepared	3	E1	Q2	UNSCREENED	SOURCE_BODY_AVAILABLE	Complete preparation/startup/refill work, bytes and ownership; output parser acceptance alone is not the metric.	Find where bytes/timestamps actually change, are copied, or are withheld. Compare against current persistent mux/parser behavior.	Construct one bounded positive output and one invalid-edge control using the same coded samples. Keep unrelated fragment/default policies fixed.	Wrong size/offset/configuration or a non-random-access cut must fail specifically; cancellation cannot publish another generation.	A new applicable workload, resolved prerequisite, better independent oracle, or materially different bounded implementation changes the recorded decision.
271	2	R342	proposal	R342.recompute-lookahead-gain-only-where-an-edit-can-affect-it	Recompute lookahead gain only where an edit can affect it	audio	specialty-or-prepared	3	E1	Q2	UNSCREENED	SOURCE_BODY_AVAILABLE	Complete specified audio operation, output sample count/phase and practical CPU/memory or repeated-query cost.	Write the exact requested signal operation, codec tool constraints, state and rounding contract. Check whether an optimized existing library already performs it.	A tiny independent numerical/bitstream oracle plus one boundary or adversarial case. Only use a matching Wasm slice when available and inexpensive.	Extrema, invalid precision, changed predictor/phase/history or a nonlinear stage must invalidate assumptions. No covert resampling/downmix/quality change.	A new applicable workload, resolved prerequisite, better independent oracle, or materially different bounded implementation changes the recorded decision.
272	2	R357	proposal	R357.evaluate-gain-only-loudness-changes-from-a-sorted-energy-index	Evaluate gain-only loudness changes from a sorted energy index	audio	specialty-or-prepared	3	E1	Q2	UNSCREENED	SOURCE_BODY_AVAILABLE	Complete specified audio operation, output sample count/phase and practical CPU/memory or repeated-query cost.	Write the exact requested signal operation, codec tool constraints, state and rounding contract. Check whether an optimized existing library already performs it.	A tiny independent numerical/bitstream oracle plus one boundary or adversarial case. Only use a matching Wasm slice when available and inexpensive.	Extrema, invalid precision, changed predictor/phase/history or a nonlinear stage must invalidate assumptions. No covert resampling/downmix/quality change.	A new applicable workload, resolved prerequisite, better independent oracle, or materially different bounded implementation changes the recorded decision.
273	3	R210	report-defined	R210.retain-reference-bookkeeping-after-pixels-are-no-longer-needed	Retain reference bookkeeping after pixels are no longer needed	lifecycle	core-playback	4	E3	Q3	UNSCREENED	SOURCE_BODY_AVAILABLE	User-visible operation latency, duplicated work or peak/steady live resource ownership; not object counts alone.	Trace the precise owner, generation, reset/flush/commit or allocation being changed. Reproduce the present behavior before removing any guard.	One short action trace through existing code with the candidate disabled/enabled; include the specific seek, cancellation or replacement transition it can affect.	Cancel or replace a source at the changed boundary and delay a stale callback/consumer; reject late publication and premature reuse.	A new applicable workload, resolved prerequisite, better independent oracle, or materially different bounded implementation changes the recorded decision.
274	3	R211	report-defined	R211.exact-local-offset-storage-for-high-bit-depth-reference-tiles	Exact local-offset storage for high-bit-depth reference tiles	lifecycle	core-playback	4	E3	Q3	UNSCREENED	SOURCE_BODY_AVAILABLE	User-visible operation latency, duplicated work or peak/steady live resource ownership; not object counts alone.	Trace the precise owner, generation, reset/flush/commit or allocation being changed. Reproduce the present behavior before removing any guard.	One short action trace through existing code with the candidate disabled/enabled; include the specific seek, cancellation or replacement transition it can affect.	Cancel or replace a source at the changed boundary and delay a stale callback/consumer; reject late publication and premature reuse.	A new applicable workload, resolved prerequisite, better independent oracle, or materially different bounded implementation changes the recorded decision.
275	3	R308	proposal	R308.move-already-filtered-pixels-instead-of-filtering-them-again	Move already-filtered pixels instead of filtering them again	gpu	core-playback	4	E3	Q3	UNSCREENED	SOURCE_BODY_AVAILABLE	Complete decode/process/present cost, transfers, command work or peak live storage for identical requested output.	Identify the CPU/GPU representation boundary and actual useful work removed. Check existing renderer fusions, caches, kernel fast paths and hardware gates.	Small deterministic planes/blocks or an existing real frame with one adversarial edge. Use a bounded component test if GPU integration is not already available, labeling it as such.	Change stride, crop, phase, alpha, edge neighborhood or resource generation; exercise a case where the proposed shortcut is ineligible.	A new applicable workload, resolved prerequisite, better independent oracle, or materially different bounded implementation changes the recorded decision.
276	3	R331	proposal	R331.decode-sparse-flac-channels-only-when-the-selected-output-matrix-actually-needs-them	Decode sparse FLAC channels only when the selected output matrix actually needs them	audio	core-playback	4	E3	Q3	UNSCREENED	CONVERSATION_SCOPE_AVAILABLE	Complete specified audio operation, output sample count/phase and practical CPU/memory or repeated-query cost.	Write the exact requested signal operation, codec tool constraints, state and rounding contract. Check whether an optimized existing library already performs it.	A tiny independent numerical/bitstream oracle plus one boundary or adversarial case. Only use a matching Wasm slice when available and inexpensive.	Extrema, invalid precision, changed predictor/phase/history or a nonlinear stage must invalidate assumptions. No covert resampling/downmix/quality change.	A new applicable workload, resolved prerequisite, better independent oracle, or materially different bounded implementation changes the recorded decision.
277	3	R338	proposal	R338.decode-into-the-layout-the-next-stage-already-needs	Decode into the layout the next stage already needs	lifecycle	core-playback	4	E3	Q3	UNSCREENED	SOURCE_BODY_AVAILABLE	User-visible operation latency, duplicated work or peak/steady live resource ownership; not object counts alone.	Trace the precise owner, generation, reset/flush/commit or allocation being changed. Reproduce the present behavior before removing any guard.	One short action trace through existing code with the candidate disabled/enabled; include the specific seek, cancellation or replacement transition it can affect.	Cancel or replace a source at the changed boundary and delay a stale callback/consumer; reject late publication and premature reuse.	A new applicable workload, resolved prerequisite, better independent oracle, or materially different bounded implementation changes the recorded decision.
278	3	R354	proposal	R354.replace-an-oversized-preparation-heap-while-native-playback-continues	Replace an oversized preparation heap while native playback continues	lifecycle	core-playback	4	E3	Q4	UNSCREENED	SOURCE_BODY_AVAILABLE	User-visible operation latency, duplicated work or peak/steady live resource ownership; not object counts alone.	Trace the precise owner, generation, reset/flush/commit or allocation being changed. Reproduce the present behavior before removing any guard.	One short action trace through existing code with the candidate disabled/enabled; include the specific seek, cancellation or replacement transition it can affect.	Cancel or replace a source at the changed boundary and delay a stale callback/consumer; reject late publication and premature reuse.	A new applicable workload, resolved prerequisite, better independent oracle, or materially different bounded implementation changes the recorded decision.
279	3	R41	proposal	R041.route-simple-subrip-captions-to-native-text-tracks	Route simple SubRip captions to Native text tracks	route	core-playback	3	E2	Q3	UNSCREENED	SOURCE_BODY_AVAILABLE	Correct additional admitted source/destination capability; otherwise full startup and CPU/resource cost.	Trace actual input representation, requested tracks/features, current accepted plan and the decoder boundary. Check whether this adapter or destination is already used.	Use one tiny admitted source plus one unsupported/near-boundary control through the existing destination or adapter; compare required output identity with the cheapest correct route. No broad codec port.	Alter one admission-critical configuration, remove a required dependency, or preserve video while making selected audio unsupported. Candidate must reject or use a declared fallback.	A new applicable workload, resolved prerequisite, better independent oracle, or materially different bounded implementation changes the recorded decision.
280	3	R225	report-continuity	R225.h-264-self-contained-idr-suffix.report-continuity	H.264 self-contained IDR suffix	mux	core-playback	2	E1	Q2	UNSCREENED	SOURCE_BODY_AVAILABLE	Complete preparation/startup/refill work, bytes and ownership; output parser acceptance alone is not the metric.	Find where bytes/timestamps actually change, are copied, or are withheld. Compare against current persistent mux/parser behavior.	Construct one bounded positive output and one invalid-edge control using the same coded samples. Keep unrelated fragment/default policies fixed.	Wrong size/offset/configuration or a non-random-access cut must fail specifically; cancellation cannot publish another generation.	A new applicable workload, resolved prerequisite, better independent oracle, or materially different bounded implementation changes the recorded decision.
281	3	R227	report-continuity	R227.coded-sample-identity-across-containers.report-continuity	coded-sample identity across containers	mux	core-playback	2	E1	Q3	UNSCREENED	SOURCE_BODY_AVAILABLE	Complete preparation/startup/refill work, bytes and ownership; output parser acceptance alone is not the metric.	Find where bytes/timestamps actually change, are copied, or are withheld. Compare against current persistent mux/parser behavior.	Construct one bounded positive output and one invalid-edge control using the same coded samples. Keep unrelated fragment/default policies fixed.	Wrong size/offset/configuration or a non-random-access cut must fail specifically; cancellation cannot publish another generation.	A new applicable workload, resolved prerequisite, better independent oracle, or materially different bounded implementation changes the recorded decision.
282	3	R121	proposal	R121.native-reference-state-capsules-for-fast-seeking	Native reference-state capsules for fast seeking	preview	conditional	4	E3	Q3	UNSCREENED	CONVERSATION_SCOPE_AVAILABLE	Time to the requested exact or explicitly approximate preview, total prerequisite work and retained state.	Identify the preview operation and current service. Separate sparse previews, exact scrubbing and ordinary playback; inspect prior frame/history reuse.	One short owned source and a few target requests under equal memory budgets, with an independent full-decode/reference result.	Move backward, request a non-RAP dependency, change source or cancel a pending request; stale previews must never become current.	A new applicable workload, resolved prerequisite, better independent oracle, or materially different bounded implementation changes the recorded decision.
283	3	R123	proposal	R123.checkpoint-the-software-decoder-inside-a-gop	Checkpoint the software decoder inside a GOP	preview	conditional	4	E3	Q3	UNSCREENED	CONVERSATION_SCOPE_AVAILABLE	Time to the requested exact or explicitly approximate preview, total prerequisite work and retained state.	Identify the preview operation and current service. Separate sparse previews, exact scrubbing and ordinary playback; inspect prior frame/history reuse.	One short owned source and a few target requests under equal memory budgets, with an independent full-decode/reference result.	Move backward, request a non-RAP dependency, change source or cancel a pending request; stale previews must never become current.	A new applicable workload, resolved prerequisite, better independent oracle, or materially different bounded implementation changes the recorded decision.
284	3	R132	proposal	R132.exact-frame-dependency-slicing	Exact-frame dependency slicing	preview	conditional	4	E3	Q3	UNSCREENED	CONVERSATION_SCOPE_AVAILABLE	Time to the requested exact or explicitly approximate preview, total prerequisite work and retained state.	Identify the preview operation and current service. Separate sparse previews, exact scrubbing and ordinary playback; inspect prior frame/history reuse.	One short owned source and a few target requests under equal memory budgets, with an independent full-decode/reference result.	Move backward, request a non-RAP dependency, change source or cancel a pending request; stale previews must never become current.	A new applicable workload, resolved prerequisite, better independent oracle, or materially different bounded implementation changes the recorded decision.
285	3	R133	proposal	R133.exact-cropped-playback-from-video-that-was-never-tiled	Exact cropped playback from video that was never tiled	gpu	conditional	4	E3	Q3	UNSCREENED	CONVERSATION_SCOPE_AVAILABLE	Complete decode/process/present cost, transfers, command work or peak live storage for identical requested output.	Identify the CPU/GPU representation boundary and actual useful work removed. Check existing renderer fusions, caches, kernel fast paths and hardware gates.	Small deterministic planes/blocks or an existing real frame with one adversarial edge. Use a bounded component test if GPU integration is not already available, labeling it as such.	Change stride, crop, phase, alpha, edge neighborhood or resource generation; exercise a case where the proposed shortcut is ineligible.	A new applicable workload, resolved prerequisite, better independent oracle, or materially different bounded implementation changes the recorded decision.
286	3	R139	proposal	R139.mix-channels-before-performing-all-their-output-transforms	Mix channels before performing all their output transforms	tooling	conditional	4	E3	Q3	UNSCREENED	CONVERSATION_SCOPE_AVAILABLE	Decision power, reproducibility or diagnostic cost without changing the measured player outcome.	Specify one concrete wrong-output or provenance failure the proposed tool must detect beyond the existing harness.	Inject that failure in a tiny known-good fixture, demonstrate detection and run an unchanged control; do not build a general research platform.	A different failure, stale source/hash or malformed record must not count as the intended finding.	A new applicable workload, resolved prerequisite, better independent oracle, or materially different bounded implementation changes the recorded decision.
287	3	R145	proposal	R145.guarded-format-specialized-wasm-decoder-variants	Guarded, format-specialized Wasm decoder variants	gpu	conditional	4	E3	Q3	UNSCREENED	CONVERSATION_SCOPE_AVAILABLE	Complete decode/process/present cost, transfers, command work or peak live storage for identical requested output.	Identify the CPU/GPU representation boundary and actual useful work removed. Check existing renderer fusions, caches, kernel fast paths and hardware gates.	Small deterministic planes/blocks or an existing real frame with one adversarial edge. Use a bounded component test if GPU integration is not already available, labeling it as such.	Change stride, crop, phase, alpha, edge neighborhood or resource generation; exercise a case where the proposed shortcut is ineligible.	A new applicable workload, resolved prerequisite, better independent oracle, or materially different bounded implementation changes the recorded decision.
288	3	R152	report-defined	R152.copy-on-write-tiled-retained-pictures	Copy-on-write tiled retained pictures	gpu	conditional	4	E3	Q3	UNSCREENED	SOURCE_BODY_AVAILABLE	Complete decode/process/present cost, transfers, command work or peak live storage for identical requested output.	Identify the CPU/GPU representation boundary and actual useful work removed. Check existing renderer fusions, caches, kernel fast paths and hardware gates.	Small deterministic planes/blocks or an existing real frame with one adversarial edge. Use a bounded component test if GPU integration is not already available, labeling it as such.	Change stride, crop, phase, alpha, edge neighborhood or resource generation; exercise a case where the proposed shortcut is ineligible.	A new applicable workload, resolved prerequisite, better independent oracle, or materially different bounded implementation changes the recorded decision.
289	3	R181	report-defined	R181.dependency-aware-corruption-tracking	dependency-aware corruption tracking	lifecycle	conditional	4	E3	Q3	UNSCREENED	SOURCE_BODY_AVAILABLE	User-visible operation latency, duplicated work or peak/steady live resource ownership; not object counts alone.	Trace the precise owner, generation, reset/flush/commit or allocation being changed. Reproduce the present behavior before removing any guard.	One short action trace through existing code with the candidate disabled/enabled; include the specific seek, cancellation or replacement transition it can affect.	Cancel or replace a source at the changed boundary and delay a stale callback/consumer; reject late publication and premature reuse.	A new applicable workload, resolved prerequisite, better independent oracle, or materially different bounded implementation changes the recorded decision.
290	3	R191	report-defined	R191.seekable-fixed-linear-effects-via-block-state-transforms	seekable fixed linear effects via block state transforms	audio	conditional	4	E3	Q3	UNSCREENED	SOURCE_BODY_AVAILABLE	Complete specified audio operation, output sample count/phase and practical CPU/memory or repeated-query cost.	Write the exact requested signal operation, codec tool constraints, state and rounding contract. Check whether an optimized existing library already performs it.	A tiny independent numerical/bitstream oracle plus one boundary or adversarial case. Only use a matching Wasm slice when available and inexpensive.	Extrema, invalid precision, changed predictor/phase/history or a nonlinear stage must invalidate assumptions. No covert resampling/downmix/quality change.	A new applicable workload, resolved prerequisite, better independent oracle, or materially different bounded implementation changes the recorded decision.
291	3	R223	proposal	R223.decode-one-vorbis-stream-in-parallel-using-small-overlapping-boundaries	Decode one Vorbis stream in parallel using small overlapping boundaries	preview	conditional	4	E3	Q3	UNSCREENED	CONVERSATION_SCOPE_AVAILABLE	Time to the requested exact or explicitly approximate preview, total prerequisite work and retained state.	Identify the preview operation and current service. Separate sparse previews, exact scrubbing and ordinary playback; inspect prior frame/history reuse.	One short owned source and a few target requests under equal memory budgets, with an independent full-decode/reference result.	Move backward, request a non-RAP dependency, change source or cancel a pending request; stale previews must never become current.	A new applicable workload, resolved prerequisite, better independent oracle, or materially different bounded implementation changes the recorded decision.
292	3	R235	proposal	R235.cache-fractional-pixel-reference-predictions	Cache fractional-pixel reference predictions	gpu	conditional	4	E3	Q3	UNSCREENED	CONVERSATION_SCOPE_AVAILABLE	Complete decode/process/present cost, transfers, command work or peak live storage for identical requested output.	Identify the CPU/GPU representation boundary and actual useful work removed. Check existing renderer fusions, caches, kernel fast paths and hardware gates.	Small deterministic planes/blocks or an existing real frame with one adversarial edge. Use a bounded component test if GPU integration is not already available, labeling it as such.	Change stride, crop, phase, alpha, edge neighborhood or resource generation; exercise a case where the proposed shortcut is ineligible.	A new applicable workload, resolved prerequisite, better independent oracle, or materially different bounded implementation changes the recorded decision.
293	3	R11	proposal	R011.test-an-explicit-quantized-flac-policy-using-the-normal-decoder	Test an explicit quantized-FLAC policy using the normal decoder	audio	conditional	3	E2	Q2	UNSCREENED	SOURCE_BODY_AVAILABLE	Complete specified audio operation, output sample count/phase and practical CPU/memory or repeated-query cost.	Write the exact requested signal operation, codec tool constraints, state and rounding contract. Check whether an optimized existing library already performs it.	A tiny independent numerical/bitstream oracle plus one boundary or adversarial case. Only use a matching Wasm slice when available and inexpensive.	Extrema, invalid precision, changed predictor/phase/history or a nonlinear stage must invalidate assumptions. No covert resampling/downmix/quality change.	A new applicable workload, resolved prerequisite, better independent oracle, or materially different bounded implementation changes the recorded decision.
294	3	R16	proposal	R016.keep-a-stable-audio-output-format-through-frequent-switches	Keep a stable audio output format through frequent switches	lifecycle	conditional	3	E2	Q2	UNSCREENED	SOURCE_BODY_AVAILABLE	User-visible operation latency, duplicated work or peak/steady live resource ownership; not object counts alone.	Trace the precise owner, generation, reset/flush/commit or allocation being changed. Reproduce the present behavior before removing any guard.	One short action trace through existing code with the candidate disabled/enabled; include the specific seek, cancellation or replacement transition it can affect.	Cancel or replace a source at the changed boundary and delay a stale callback/consumer; reject late publication and premature reuse.	A new applicable workload, resolved prerequisite, better independent oracle, or materially different bounded implementation changes the recorded decision.
295	3	R61	proposal	R061.keep-explicit-channel-processing-on-the-native-audio-graph	Keep explicit channel processing on the Native audio graph	audio	conditional	3	E2	Q2	UNSCREENED	SOURCE_BODY_AVAILABLE	Complete specified audio operation, output sample count/phase and practical CPU/memory or repeated-query cost.	Write the exact requested signal operation, codec tool constraints, state and rounding contract. Check whether an optimized existing library already performs it.	A tiny independent numerical/bitstream oracle plus one boundary or adversarial case. Only use a matching Wasm slice when available and inexpensive.	Extrema, invalid precision, changed predictor/phase/history or a nonlinear stage must invalidate assumptions. No covert resampling/downmix/quality change.	A new applicable workload, resolved prerequisite, better independent oracle, or materially different bounded implementation changes the recorded decision.
296	3	R68	proposal	R068.process-only-the-audio-region-that-an-explicitly-requested-crossfade-changes	Process only the audio region that an explicitly requested crossfade changes	audio	conditional	3	E2	Q2	UNSCREENED	SOURCE_BODY_AVAILABLE	Complete specified audio operation, output sample count/phase and practical CPU/memory or repeated-query cost.	Write the exact requested signal operation, codec tool constraints, state and rounding contract. Check whether an optimized existing library already performs it.	A tiny independent numerical/bitstream oracle plus one boundary or adversarial case. Only use a matching Wasm slice when available and inexpensive.	Extrema, invalid precision, changed predictor/phase/history or a nonlinear stage must invalidate assumptions. No covert resampling/downmix/quality change.	A new applicable workload, resolved prerequisite, better independent oracle, or materially different bounded implementation changes the recorded decision.
297	3	R108	proposal	R108.crop-or-transform-mjpeg-in-the-coefficient-domain	Crop or transform MJPEG in the coefficient domain	preview	conditional	3	E2	Q2	UNSCREENED	SOURCE_BODY_AVAILABLE	Time to the requested exact or explicitly approximate preview, total prerequisite work and retained state.	Identify the preview operation and current service. Separate sparse previews, exact scrubbing and ordinary playback; inspect prior frame/history reuse.	One short owned source and a few target requests under equal memory budgets, with an independent full-decode/reference result.	Move backward, request a non-RAP dependency, change source or cancel a pending request; stale previews must never become current.	A new applicable workload, resolved prerequisite, better independent oracle, or materially different bounded implementation changes the recorded decision.
298	3	R116	proposal	R116.compatibility-islands-use-software-only-for-the-troublesome-section	Compatibility islands: use software only for the troublesome section	lifecycle	conditional	3	E2	Q2	UNSCREENED	CONVERSATION_SCOPE_AVAILABLE	User-visible operation latency, duplicated work or peak/steady live resource ownership; not object counts alone.	Trace the precise owner, generation, reset/flush/commit or allocation being changed. Reproduce the present behavior before removing any guard.	One short action trace through existing code with the candidate disabled/enabled; include the specific seek, cancellation or replacement transition it can affect.	Cancel or replace a source at the changed boundary and delay a stale callback/consumer; reject late publication and premature reuse.	A new applicable workload, resolved prerequisite, better independent oracle, or materially different bounded implementation changes the recorded decision.
299	3	R127	proposal	R127.nonlinear-speed-curves-without-video-re-encoding	Nonlinear speed curves without video re-encoding	mux	conditional	3	E2	Q2	UNSCREENED	CONVERSATION_SCOPE_AVAILABLE	Complete preparation/startup/refill work, bytes and ownership; output parser acceptance alone is not the metric.	Find where bytes/timestamps actually change, are copied, or are withheld. Compare against current persistent mux/parser behavior.	Construct one bounded positive output and one invalid-edge control using the same coded samples. Keep unrelated fragment/default policies fixed.	Wrong size/offset/configuration or a non-random-access cut must fail specifically; cancellation cannot publish another generation.	A new applicable workload, resolved prerequisite, better independent oracle, or materially different bounded implementation changes the recorded decision.
300	3	R130	proposal	R130.protect-reference-critical-bytes-more-heavily-than-disposable-bytes	Protect reference-critical bytes more heavily than disposable bytes	source	conditional	3	E2	Q2	UNSCREENED	CONVERSATION_SCOPE_AVAILABLE	Total bytes and time to correct startup/target, including cold index/identity acquisition; bounded retained bytes.	Locate one real repeated read/index/validation boundary and its trusted source identity. Separate logical requests from transferred or physical-disk bytes.	Replay a short owned range/seek trace on a tiny indexed fixture, including its first cold operation, with the same source and authorization. Reuse the existing reader.	Change the source/version or corrupt an offset/proof and cancel one consumer. No stale or unverified bytes may be published.	A new applicable workload, resolved prerequisite, better independent oracle, or materially different bounded implementation changes the recorded decision.
301	3	R154	report-defined	R154.silence-certification-mathematical-boundary-only	Silence certification: mathematical boundary only	audio	conditional	3	E2	Q2	UNSCREENED	SOURCE_BODY_AVAILABLE	Complete specified audio operation, output sample count/phase and practical CPU/memory or repeated-query cost.	Write the exact requested signal operation, codec tool constraints, state and rounding contract. Check whether an optimized existing library already performs it.	A tiny independent numerical/bitstream oracle plus one boundary or adversarial case. Only use a matching Wasm slice when available and inexpensive.	Extrema, invalid precision, changed predictor/phase/history or a nonlinear stage must invalidate assumptions. No covert resampling/downmix/quality change.	A new applicable workload, resolved prerequisite, better independent oracle, or materially different bounded implementation changes the recorded decision.
302	3	R156	report-defined	R156.sparse-translucent-layers-with-correct-disposal	Sparse translucent layers with correct disposal	gpu	conditional	3	E2	Q2	UNSCREENED	SOURCE_BODY_AVAILABLE	Complete decode/process/present cost, transfers, command work or peak live storage for identical requested output.	Identify the CPU/GPU representation boundary and actual useful work removed. Check existing renderer fusions, caches, kernel fast paths and hardware gates.	Small deterministic planes/blocks or an existing real frame with one adversarial edge. Use a bounded component test if GPU integration is not already available, labeling it as such.	Change stride, crop, phase, alpha, edge neighborhood or resource generation; exercise a case where the proposed shortcut is ineligible.	A new applicable workload, resolved prerequisite, better independent oracle, or materially different bounded implementation changes the recorded decision.
303	3	R182	report-defined	R182.jpeg-mosaic-from-restart-intervals	JPEG mosaic from restart intervals	mux	conditional	3	E2	Q2	UNSCREENED	SOURCE_BODY_AVAILABLE	Complete preparation/startup/refill work, bytes and ownership; output parser acceptance alone is not the metric.	Find where bytes/timestamps actually change, are copied, or are withheld. Compare against current persistent mux/parser behavior.	Construct one bounded positive output and one invalid-edge control using the same coded samples. Keep unrelated fragment/default policies fixed.	Wrong size/offset/configuration or a non-random-access cut must fail specifically; cancellation cannot publish another generation.	A new applicable workload, resolved prerequisite, better independent oracle, or materially different bounded implementation changes the recorded decision.
304	3	R186	report-defined	R186.reversible-xor-frame-cache	reversible XOR frame cache	preview	conditional	3	E2	Q2	UNSCREENED	SOURCE_BODY_AVAILABLE	Time to the requested exact or explicitly approximate preview, total prerequisite work and retained state.	Identify the preview operation and current service. Separate sparse previews, exact scrubbing and ordinary playback; inspect prior frame/history reuse.	One short owned source and a few target requests under equal memory budgets, with an independent full-decode/reference result.	Move backward, request a non-RAP dependency, change source or cancel a pending request; stale previews must never become current.	A new applicable workload, resolved prerequisite, better independent oracle, or materially different bounded implementation changes the recorded decision.
305	3	R201	report-defined	R201.periodic-steady-state-filter-initialization	periodic steady-state filter initialization	audio	conditional	3	E2	Q2	UNSCREENED	SOURCE_BODY_AVAILABLE	Complete specified audio operation, output sample count/phase and practical CPU/memory or repeated-query cost.	Write the exact requested signal operation, codec tool constraints, state and rounding contract. Check whether an optimized existing library already performs it.	A tiny independent numerical/bitstream oracle plus one boundary or adversarial case. Only use a matching Wasm slice when available and inexpensive.	Extrema, invalid precision, changed predictor/phase/history or a nonlinear stage must invalidate assumptions. No covert resampling/downmix/quality change.	A new applicable workload, resolved prerequisite, better independent oracle, or materially different bounded implementation changes the recorded decision.
306	3	R224	report-continuity	R224.opus-exact-state-pre-roll.report-continuity	Opus exact-state pre-roll	audio	conditional	3	E2	Q2	UNSCREENED	SOURCE_BODY_AVAILABLE	Complete specified audio operation, output sample count/phase and practical CPU/memory or repeated-query cost.	Write the exact requested signal operation, codec tool constraints, state and rounding contract. Check whether an optimized existing library already performs it.	A tiny independent numerical/bitstream oracle plus one boundary or adversarial case. Only use a matching Wasm slice when available and inexpensive.	Extrema, invalid precision, changed predictor/phase/history or a nonlinear stage must invalidate assumptions. No covert resampling/downmix/quality change.	A new applicable workload, resolved prerequisite, better independent oracle, or materially different bounded implementation changes the recorded decision.
307	3	R63	proposal	R063.use-the-browser-image-decoder-for-qualified-mjpeg-video	Use the browser image decoder for qualified MJPEG video	route	conditional	3	E2	Q3	UNSCREENED	SOURCE_BODY_AVAILABLE	Correct additional admitted source/destination capability; otherwise full startup and CPU/resource cost.	Trace actual input representation, requested tracks/features, current accepted plan and the decoder boundary. Check whether this adapter or destination is already used.	Use one tiny admitted source plus one unsupported/near-boundary control through the existing destination or adapter; compare required output identity with the cheapest correct route. No broad codec port.	Alter one admission-critical configuration, remove a required dependency, or preserve video while making selected audio unsupported. Candidate must reject or use a declared fallback.	A new applicable workload, resolved prerequisite, better independent oracle, or materially different bounded implementation changes the recorded decision.
308	3	R240	report-A	R240.extract-a-native-2d-view-from-multiview-hevc.report-a	Extract a native 2D view from multiview HEVC	route	conditional	3	E2	Q3	UNSCREENED	SOURCE_BODY_AVAILABLE	Correct additional admitted source/destination capability; otherwise full startup and CPU/resource cost.	Trace actual input representation, requested tracks/features, current accepted plan and the decoder boundary. Check whether this adapter or destination is already used.	Use one tiny admitted source plus one unsupported/near-boundary control through the existing destination or adapter; compare required output identity with the cheapest correct route. No broad codec port.	Alter one admission-critical configuration, remove a required dependency, or preserve video while making selected audio unsupported. Candidate must reject or use a declared fallback.	A new applicable workload, resolved prerequisite, better independent oracle, or materially different bounded implementation changes the recorded decision.
309	3	R196	report-defined	R196.independent-aac-channel-assembly	independent AAC channel assembly	route	specialty-or-prepared	5	E3	Q3	UNSCREENED	SOURCE_BODY_AVAILABLE	Correct additional admitted source/destination capability; otherwise full startup and CPU/resource cost.	Trace actual input representation, requested tracks/features, current accepted plan and the decoder boundary. Check whether this adapter or destination is already used.	Use one tiny admitted source plus one unsupported/near-boundary control through the existing destination or adapter; compare required output identity with the cheapest correct route. No broad codec port.	Alter one admission-critical configuration, remove a required dependency, or preserve video while making selected audio unsupported. Candidate must reject or use a declared fallback.	A new applicable workload, resolved prerequisite, better independent oracle, or materially different bounded implementation changes the recorded decision.
310	3	R84	report-defined	R084.spatially-selective-video	Spatially selective video	gpu	specialty-or-prepared	4	E3	Q3	UNSCREENED	SOURCE_BODY_AVAILABLE	Complete decode/process/present cost, transfers, command work or peak live storage for identical requested output.	Identify the CPU/GPU representation boundary and actual useful work removed. Check existing renderer fusions, caches, kernel fast paths and hardware gates.	Small deterministic planes/blocks or an existing real frame with one adversarial edge. Use a bounded component test if GPU integration is not already available, labeling it as such.	Change stride, crop, phase, alpha, edge neighborhood or resource generation; exercise a case where the proposed shortcut is ineligible.	A new applicable workload, resolved prerequisite, better independent oracle, or materially different bounded implementation changes the recorded decision.
311	3	R134	proposal	R134.sidecars-that-let-decoding-start-halfway-through-an-entropy-coded-slice	Sidecars that let decoding start halfway through an entropy-coded slice	preview	specialty-or-prepared	4	E3	Q3	UNSCREENED	CONVERSATION_SCOPE_AVAILABLE	Time to the requested exact or explicitly approximate preview, total prerequisite work and retained state.	Identify the preview operation and current service. Separate sparse previews, exact scrubbing and ordinary playback; inspect prior frame/history reuse.	One short owned source and a few target requests under equal memory budgets, with an independent full-decode/reference result.	Move backward, request a non-RAP dependency, change source or cancel a pending request; stale previews must never become current.	A new applicable workload, resolved prerequisite, better independent oracle, or materially different bounded implementation changes the recorded decision.
312	3	R136	proposal	R136.give-two-independent-videos-separate-reference-banks-inside-one-decoder	Give two independent videos separate reference banks inside one decoder	lifecycle	specialty-or-prepared	4	E3	Q3	UNSCREENED	CONVERSATION_SCOPE_AVAILABLE	User-visible operation latency, duplicated work or peak/steady live resource ownership; not object counts alone.	Trace the precise owner, generation, reset/flush/commit or allocation being changed. Reproduce the present behavior before removing any guard.	One short action trace through existing code with the candidate disabled/enabled; include the specific seek, cancellation or replacement transition it can affect.	Cancel or replace a source at the changed boundary and delay a stale callback/consumer; reject late publication and premature reuse.	A new applicable workload, resolved prerequisite, better independent oracle, or materially different bounded implementation changes the recorded decision.
313	3	R137	proposal	R137.prepared-non-keyframe-representation-switches-using-av1-s-frames	Prepared non-keyframe representation switches using AV1 S-frames	lifecycle	specialty-or-prepared	4	E3	Q3	UNSCREENED	CONVERSATION_SCOPE_AVAILABLE	User-visible operation latency, duplicated work or peak/steady live resource ownership; not object counts alone.	Trace the precise owner, generation, reset/flush/commit or allocation being changed. Reproduce the present behavior before removing any guard.	One short action trace through existing code with the candidate disabled/enabled; include the specific seek, cancellation or replacement transition it can affect.	Cancel or replace a source at the changed boundary and delay a stale callback/consumer; reject late publication and premature reuse.	A new applicable workload, resolved prerequisite, better independent oracle, or materially different bounded implementation changes the recorded decision.
314	3	R178	report-defined	R178.selective-jpeg-2000-source-reads	selective JPEG 2000 source reads	source	specialty-or-prepared	4	E3	Q3	UNSCREENED	SOURCE_BODY_AVAILABLE	Total bytes and time to correct startup/target, including cold index/identity acquisition; bounded retained bytes.	Locate one real repeated read/index/validation boundary and its trusted source identity. Separate logical requests from transferred or physical-disk bytes.	Replay a short owned range/seek trace on a tiny indexed fixture, including its first cold operation, with the same source and authorization. Reuse the existing reader.	Change the source/version or corrupt an offset/proof and cancel one consumer. No stale or unverified bytes may be published.	A new applicable workload, resolved prerequisite, better independent oracle, or materially different bounded implementation changes the recorded decision.
315	3	R190	report-defined	R190.restricted-ima-adpcm-through-two-clipped-scans	restricted IMA ADPCM through two clipped scans	audio	specialty-or-prepared	4	E3	Q3	UNSCREENED	SOURCE_BODY_AVAILABLE	Complete specified audio operation, output sample count/phase and practical CPU/memory or repeated-query cost.	Write the exact requested signal operation, codec tool constraints, state and rounding contract. Check whether an optimized existing library already performs it.	A tiny independent numerical/bitstream oracle plus one boundary or adversarial case. Only use a matching Wasm slice when available and inexpensive.	Extrema, invalid precision, changed predictor/phase/history or a nonlinear stage must invalidate assumptions. No covert resampling/downmix/quality change.	A new applicable workload, resolved prerequisite, better independent oracle, or materially different bounded implementation changes the recorded decision.
316	3	R202	report-defined	R202.guarded-narrow-arithmetic	guarded narrow arithmetic	mux	specialty-or-prepared	4	E3	Q3	UNSCREENED	SOURCE_BODY_AVAILABLE	Complete preparation/startup/refill work, bytes and ownership; output parser acceptance alone is not the metric.	Find where bytes/timestamps actually change, are copied, or are withheld. Compare against current persistent mux/parser behavior.	Construct one bounded positive output and one invalid-edge control using the same coded samples. Keep unrelated fragment/default policies fixed.	Wrong size/offset/configuration or a non-random-access cut must fail specifically; cancellation cannot publish another generation.	A new applicable workload, resolved prerequisite, better independent oracle, or materially different bounded implementation changes the recorded decision.
317	3	R212	report-defined	R212.vectorize-across-independent-streams-rather-than-time	Vectorize across independent streams rather than time	lifecycle	specialty-or-prepared	4	E3	Q3	UNSCREENED	SOURCE_BODY_AVAILABLE	User-visible operation latency, duplicated work or peak/steady live resource ownership; not object counts alone.	Trace the precise owner, generation, reset/flush/commit or allocation being changed. Reproduce the present behavior before removing any guard.	One short action trace through existing code with the candidate disabled/enabled; include the specific seek, cancellation or replacement transition it can affect.	Cancel or replace a source at the changed boundary and delay a stale callback/consumer; reject late publication and premature reuse.	A new applicable workload, resolved prerequisite, better independent oracle, or materially different bounded implementation changes the recorded decision.
318	3	R232	proposal	R232.decode-raw-sensor-data-once-develop-the-picture-during-playback	Decode RAW sensor data once; develop the picture during playback	gpu	specialty-or-prepared	4	E3	Q3	UNSCREENED	CONVERSATION_SCOPE_AVAILABLE	Complete decode/process/present cost, transfers, command work or peak live storage for identical requested output.	Identify the CPU/GPU representation boundary and actual useful work removed. Check existing renderer fusions, caches, kernel fast paths and hardware gates.	Small deterministic planes/blocks or an existing real frame with one adversarial edge. Use a bounded component test if GPU integration is not already available, labeling it as such.	Change stride, crop, phase, alpha, edge neighborhood or resource generation; exercise a case where the proposed shortcut is ineligible.	A new applicable workload, resolved prerequisite, better independent oracle, or materially different bounded implementation changes the recorded decision.
319	3	R242	proposal	R242.decompress-haps-texture-data-directly-into-gpu-owned-storage	Decompress Hap’s texture data directly into GPU-owned storage	lifecycle	specialty-or-prepared	4	E3	Q3	UNSCREENED	CONVERSATION_SCOPE_AVAILABLE	User-visible operation latency, duplicated work or peak/steady live resource ownership; not object counts alone.	Trace the precise owner, generation, reset/flush/commit or allocation being changed. Reproduce the present behavior before removing any guard.	One short action trace through existing code with the candidate disabled/enabled; include the specific seek, cancellation or replacement transition it can affect.	Cancel or replace a source at the changed boundary and delay a stale callback/consumer; reject late publication and premature reuse.	A new applicable workload, resolved prerequisite, better independent oracle, or materially different bounded implementation changes the recorded decision.
320	3	R245	proposal	R245.parallelize-recursive-audio-effects-by-correcting-each-chunks-initial-state	Parallelize recursive audio effects by correcting each chunk’s initial state	audio	specialty-or-prepared	4	E3	Q3	UNSCREENED	CONVERSATION_SCOPE_AVAILABLE	Complete specified audio operation, output sample count/phase and practical CPU/memory or repeated-query cost.	Write the exact requested signal operation, codec tool constraints, state and rounding contract. Check whether an optimized existing library already performs it.	A tiny independent numerical/bitstream oracle plus one boundary or adversarial case. Only use a matching Wasm slice when available and inexpensive.	Extrema, invalid precision, changed predictor/phase/history or a nonlinear stage must invalidate assumptions. No covert resampling/downmix/quality change.	A new applicable workload, resolved prerequisite, better independent oracle, or materially different bounded implementation changes the recorded decision.
321	3	R263	report-defined	R263.retained-deep-samples-deferred-composition	retained deep samples / deferred composition	gpu	specialty-or-prepared	4	E3	Q3	UNSCREENED	SOURCE_BODY_AVAILABLE	Complete decode/process/present cost, transfers, command work or peak live storage for identical requested output.	Identify the CPU/GPU representation boundary and actual useful work removed. Check existing renderer fusions, caches, kernel fast paths and hardware gates.	Small deterministic planes/blocks or an existing real frame with one adversarial edge. Use a bounded component test if GPU integration is not already available, labeling it as such.	Change stride, crop, phase, alpha, edge neighborhood or resource generation; exercise a case where the proposed shortcut is ineligible.	A new applicable workload, resolved prerequisite, better independent oracle, or materially different bounded implementation changes the recorded decision.
322	3	R290	proposal	R290.compose-exact-motion-copy-chains-before-reconstructing-pixels	Compose exact motion-copy chains before reconstructing pixels	gpu	specialty-or-prepared	4	E3	Q3	UNSCREENED	SOURCE_BODY_AVAILABLE	Complete decode/process/present cost, transfers, command work or peak live storage for identical requested output.	Identify the CPU/GPU representation boundary and actual useful work removed. Check existing renderer fusions, caches, kernel fast paths and hardware gates.	Small deterministic planes/blocks or an existing real frame with one adversarial edge. Use a bounded component test if GPU integration is not already available, labeling it as such.	Change stride, crop, phase, alpha, edge neighborhood or resource generation; exercise a case where the proposed shortcut is ineligible.	A new applicable workload, resolved prerequisite, better independent oracle, or materially different bounded implementation changes the recorded decision.
323	3	R303	proposal	R303.schedule-h-264-deblocking-as-a-dependency-graph	Schedule H.264 deblocking as a dependency graph	gpu	specialty-or-prepared	4	E3	Q3	UNSCREENED	SOURCE_BODY_AVAILABLE	Complete decode/process/present cost, transfers, command work or peak live storage for identical requested output.	Identify the CPU/GPU representation boundary and actual useful work removed. Check existing renderer fusions, caches, kernel fast paths and hardware gates.	Small deterministic planes/blocks or an existing real frame with one adversarial edge. Use a bounded component test if GPU integration is not already available, labeling it as such.	Change stride, crop, phase, alpha, edge neighborhood or resource generation; exercise a case where the proposed shortcut is ineligible.	A new applicable workload, resolved prerequisite, better independent oracle, or materially different bounded implementation changes the recorded decision.
324	3	R315	proposal	R315.carry-hidden-caption-state-across-packet-copy-cuts	Carry hidden caption state across packet-copy cuts	subtitles	specialty-or-prepared	4	E3	Q3	UNSCREENED	SOURCE_BODY_AVAILABLE	Required caption capability or total render/extraction cost and retained cue/atlas memory.	Identify the exact subtitle representation, maintained renderer and existing cache behavior. Distinguish an oracle discrepancy from a player defect.	One authored cue/scene plus an overlapping or stateful boundary, using identical fonts, sizes and output semantics; reuse a maintained test.	Seek into an active cue, change fonts/layout/source, or omit a required style/control. No silent simplification or stale overlay.	A new applicable workload, resolved prerequisite, better independent oracle, or materially different bounded implementation changes the recorded decision.
325	3	R326	proposal	R326.smart-cut-predictive-video-by-synthesizing-only-the-missing-reference-boundary	Smart-cut predictive video by synthesizing only the missing reference boundary	mux	specialty-or-prepared	4	E3	Q3	UNSCREENED	CONVERSATION_SCOPE_AVAILABLE	Complete preparation/startup/refill work, bytes and ownership; output parser acceptance alone is not the metric.	Find where bytes/timestamps actually change, are copied, or are withheld. Compare against current persistent mux/parser behavior.	Construct one bounded positive output and one invalid-edge control using the same coded samples. Keep unrelated fragment/default policies fixed.	Wrong size/offset/configuration or a non-random-access cut must fail specifically; cancellation cannot publish another generation.	A new applicable workload, resolved prerequisite, better independent oracle, or materially different bounded implementation changes the recorded decision.
326	3	R328	proposal	R328.skip-decoding-video-frames-whose-entire-visible-contribution-is-provably-occluded	Skip decoding video frames whose entire visible contribution is provably occluded	lifecycle	specialty-or-prepared	4	E3	Q3	UNSCREENED	CONVERSATION_SCOPE_AVAILABLE	User-visible operation latency, duplicated work or peak/steady live resource ownership; not object counts alone.	Trace the precise owner, generation, reset/flush/commit or allocation being changed. Reproduce the present behavior before removing any guard.	One short action trace through existing code with the candidate disabled/enabled; include the specific seek, cancellation or replacement transition it can affect.	Cancel or replace a source at the changed boundary and delay a stale callback/consumer; reject late publication and premature reuse.	A new applicable workload, resolved prerequisite, better independent oracle, or materially different bounded implementation changes the recorded decision.
327	3	R329	proposal	R329.build-audio-seek-checkpoints-from-codec-state-plus-filter-state-together	Build audio seek checkpoints from codec state plus filter state together	lifecycle	specialty-or-prepared	4	E3	Q3	UNSCREENED	CONVERSATION_SCOPE_AVAILABLE	User-visible operation latency, duplicated work or peak/steady live resource ownership; not object counts alone.	Trace the precise owner, generation, reset/flush/commit or allocation being changed. Reproduce the present behavior before removing any guard.	One short action trace through existing code with the candidate disabled/enabled; include the specific seek, cancellation or replacement transition it can affect.	Cancel or replace a source at the changed boundary and delay a stale callback/consumer; reject late publication and premature reuse.	A new applicable workload, resolved prerequisite, better independent oracle, or materially different bounded implementation changes the recorded decision.
328	3	R344	proposal	R344.seek-through-apng-by-resolving-the-last-writer-of-each-region	Seek through APNG by resolving the last writer of each region	gpu	specialty-or-prepared	4	E3	Q3	UNSCREENED	SOURCE_BODY_AVAILABLE	Complete decode/process/present cost, transfers, command work or peak live storage for identical requested output.	Identify the CPU/GPU representation boundary and actual useful work removed. Check existing renderer fusions, caches, kernel fast paths and hardware gates.	Small deterministic planes/blocks or an existing real frame with one adversarial edge. Use a bounded component test if GPU integration is not already available, labeling it as such.	Change stride, crop, phase, alpha, edge neighborhood or resource generation; exercise a case where the proposed shortcut is ineligible.	A new applicable workload, resolved prerequisite, better independent oracle, or materially different bounded implementation changes the recorded decision.
329	3	R351	proposal	R351.parallelize-phase-vocoder-accumulation-without-resetting-phase-at-job-boundaries	Parallelize phase-vocoder accumulation without resetting phase at job boundaries	audio	specialty-or-prepared	4	E3	Q3	UNSCREENED	SOURCE_BODY_AVAILABLE	Complete specified audio operation, output sample count/phase and practical CPU/memory or repeated-query cost.	Write the exact requested signal operation, codec tool constraints, state and rounding contract. Check whether an optimized existing library already performs it.	A tiny independent numerical/bitstream oracle plus one boundary or adversarial case. Only use a matching Wasm slice when available and inexpensive.	Extrema, invalid precision, changed predictor/phase/history or a nonlinear stage must invalidate assumptions. No covert resampling/downmix/quality change.	A new applicable workload, resolved prerequisite, better independent oracle, or materially different bounded implementation changes the recorded decision.
330	3	R362	proposal	R362.stop-replaying-alpha-animation-history-when-its-remaining-contribution-is-bounded	Stop replaying alpha-animation history when its remaining contribution is bounded	gpu	specialty-or-prepared	4	E3	Q3	UNSCREENED	SOURCE_BODY_AVAILABLE	Complete decode/process/present cost, transfers, command work or peak live storage for identical requested output.	Identify the CPU/GPU representation boundary and actual useful work removed. Check existing renderer fusions, caches, kernel fast paths and hardware gates.	Small deterministic planes/blocks or an existing real frame with one adversarial edge. Use a bounded component test if GPU integration is not already available, labeling it as such.	Change stride, crop, phase, alpha, edge neighborhood or resource generation; exercise a case where the proposed shortcut is ineligible.	A new applicable workload, resolved prerequisite, better independent oracle, or materially different bounded implementation changes the recorded decision.
331	3	R313	proposal	R313.sample-b44-compressed-hdr-images-without-expanding-the-whole-frame	Sample B44-compressed HDR images without expanding the whole frame	gpu	specialty-or-prepared	4	E3	Q4	UNSCREENED	SOURCE_BODY_AVAILABLE	Complete decode/process/present cost, transfers, command work or peak live storage for identical requested output.	Identify the CPU/GPU representation boundary and actual useful work removed. Check existing renderer fusions, caches, kernel fast paths and hardware gates.	Small deterministic planes/blocks or an existing real frame with one adversarial edge. Use a bounded component test if GPU integration is not already available, labeling it as such.	Change stride, crop, phase, alpha, edge neighborhood or resource generation; exercise a case where the proposed shortcut is ineligible.	A new applicable workload, resolved prerequisite, better independent oracle, or materially different bounded implementation changes the recorded decision.
332	3	R113	proposal	R113.carry-full-resolution-color-planes-through-a-4-2-0-video-decoder	Carry full-resolution color planes through a 4:2:0 video decoder	preview	specialty-or-prepared	3	E2	Q2	UNSCREENED	SOURCE_BODY_AVAILABLE	Time to the requested exact or explicitly approximate preview, total prerequisite work and retained state.	Identify the preview operation and current service. Separate sparse previews, exact scrubbing and ordinary playback; inspect prior frame/history reuse.	One short owned source and a few target requests under equal memory budgets, with an independent full-decode/reference result.	Move backward, request a non-RAP dependency, change source or cancel a pending request; stale previews must never become current.	A new applicable workload, resolved prerequisite, better independent oracle, or materially different bounded implementation changes the recorded decision.
333	3	R143	proposal	R143.native-base-video-plus-an-exact-correction-stream	Native base video plus an exact correction stream	tooling	specialty-or-prepared	3	E2	Q2	UNSCREENED	CONVERSATION_SCOPE_AVAILABLE	Decision power, reproducibility or diagnostic cost without changing the measured player outcome.	Specify one concrete wrong-output or provenance failure the proposed tool must detect beyond the existing harness.	Inject that failure in a tiny known-good fixture, demonstrate detection and run an unchanged control; do not build a general research platform.	A different failure, stale source/hash or malformed record must not count as the intended finding.	A new applicable workload, resolved prerequisite, better independent oracle, or materially different bounded implementation changes the recorded decision.
334	3	R209	report-defined	R209.fetch-wavpack-correction-data-only-when-exact-output-is-required	Fetch WavPack correction data only when exact output is required	audio	specialty-or-prepared	3	E2	Q2	UNSCREENED	SOURCE_BODY_AVAILABLE	Complete specified audio operation, output sample count/phase and practical CPU/memory or repeated-query cost.	Write the exact requested signal operation, codec tool constraints, state and rounding contract. Check whether an optimized existing library already performs it.	A tiny independent numerical/bitstream oracle plus one boundary or adversarial case. Only use a matching Wasm slice when available and inexpensive.	Extrema, invalid precision, changed predictor/phase/history or a nonlinear stage must invalidate assumptions. No covert resampling/downmix/quality change.	A new applicable workload, resolved prerequisite, better independent oracle, or materially different bounded implementation changes the recorded decision.
335	3	R306	proposal	R306.defer-opus-redundancy-processing-until-it-can-repair-a-real-gap	Defer Opus redundancy processing until it can repair a real gap	audio	specialty-or-prepared	3	E2	Q2	UNSCREENED	SOURCE_BODY_AVAILABLE	Complete specified audio operation, output sample count/phase and practical CPU/memory or repeated-query cost.	Write the exact requested signal operation, codec tool constraints, state and rounding contract. Check whether an optimized existing library already performs it.	A tiny independent numerical/bitstream oracle plus one boundary or adversarial case. Only use a matching Wasm slice when available and inexpensive.	Extrema, invalid precision, changed predictor/phase/history or a nonlinear stage must invalidate assumptions. No covert resampling/downmix/quality change.	A new applicable workload, resolved prerequisite, better independent oracle, or materially different bounded implementation changes the recorded decision.
336	3	R146	report-defined	R146.jpeg-xl-reconstruction-followed-by-browser-jpeg-decode	JPEG XL reconstruction followed by browser JPEG decode	route	specialty-or-prepared	3	E2	Q3	UNSCREENED	SOURCE_BODY_AVAILABLE	Correct additional admitted source/destination capability; otherwise full startup and CPU/resource cost.	Trace actual input representation, requested tracks/features, current accepted plan and the decoder boundary. Check whether this adapter or destination is already used.	Use one tiny admitted source plus one unsupported/near-boundary control through the existing destination or adapter; compare required output identity with the cheapest correct route. No broad codec port.	Alter one admission-critical configuration, remove a required dependency, or preserve video while making selected audio unsupported. Candidate must reject or use a declared fallback.	A new applicable workload, resolved prerequisite, better independent oracle, or materially different bounded implementation changes the recorded decision.
337	3	R224	proposal	R224.extract-the-exact-rounded-mono-mix-already-stored-inside-mid-side-flac	Extract the exact rounded mono mix already stored inside mid-side FLAC	route	specialty-or-prepared	3	E2	Q3	UNSCREENED	CONVERSATION_SCOPE_AVAILABLE	Correct additional admitted source/destination capability; otherwise full startup and CPU/resource cost.	Trace actual input representation, requested tracks/features, current accepted plan and the decoder boundary. Check whether this adapter or destination is already used.	Use one tiny admitted source plus one unsupported/near-boundary control through the existing destination or adapter; compare required output identity with the cheapest correct route. No broad codec port.	Alter one admission-critical configuration, remove a required dependency, or preserve video while making selected audio unsupported. Candidate must reject or use a declared fallback.	A new applicable workload, resolved prerequisite, better independent oracle, or materially different bounded implementation changes the recorded decision.
338	3	R204	report-defined	R204.edit-mp3-coded-gain-without-changing-spectral-payload	Edit MP3 coded gain without changing spectral payload	audio	specialty-or-prepared	2	E1	Q2	UNSCREENED	SOURCE_BODY_AVAILABLE	Complete specified audio operation, output sample count/phase and practical CPU/memory or repeated-query cost.	Write the exact requested signal operation, codec tool constraints, state and rounding contract. Check whether an optimized existing library already performs it.	A tiny independent numerical/bitstream oracle plus one boundary or adversarial case. Only use a matching Wasm slice when available and inexpensive.	Extrema, invalid precision, changed predictor/phase/history or a nonlinear stage must invalidate assumptions. No covert resampling/downmix/quality change.	A new applicable workload, resolved prerequisite, better independent oracle, or materially different bounded implementation changes the recorded decision.
339	3	R244	proposal	R244.make-dithering-reproducible-at-any-sample-position	Make dithering reproducible at any sample position	gpu	specialty-or-prepared	2	E1	Q2	UNSCREENED	CONVERSATION_SCOPE_AVAILABLE	Complete decode/process/present cost, transfers, command work or peak live storage for identical requested output.	Identify the CPU/GPU representation boundary and actual useful work removed. Check existing renderer fusions, caches, kernel fast paths and hardware gates.	Small deterministic planes/blocks or an existing real frame with one adversarial edge. Use a bounded component test if GPU integration is not already available, labeling it as such.	Change stride, crop, phase, alpha, edge neighborhood or resource generation; exercise a case where the proposed shortcut is ineligible.	A new applicable workload, resolved prerequisite, better independent oracle, or materially different bounded implementation changes the recorded decision.
340	3	R246	report-defined	R246.make-parallel-audio-quantization-deterministic-without-shared-random-state	Make parallel audio quantization deterministic without shared random state	audio	specialty-or-prepared	2	E1	Q2	UNSCREENED	SOURCE_BODY_AVAILABLE	Complete specified audio operation, output sample count/phase and practical CPU/memory or repeated-query cost.	Write the exact requested signal operation, codec tool constraints, state and rounding contract. Check whether an optimized existing library already performs it.	A tiny independent numerical/bitstream oracle plus one boundary or adversarial case. Only use a matching Wasm slice when available and inexpensive.	Extrema, invalid precision, changed predictor/phase/history or a nonlinear stage must invalidate assumptions. No covert resampling/downmix/quality change.	A new applicable workload, resolved prerequisite, better independent oracle, or materially different bounded implementation changes the recorded decision.
341	3	R311	proposal	R311.use-frame-crcs-to-narrow-a-repair-then-require-trusted-hash-verification	Use frame CRCs to narrow a repair, then require trusted-hash verification	tooling	specialty-or-prepared	2	E1	Q2	UNSCREENED	SOURCE_BODY_AVAILABLE	Decision power, reproducibility or diagnostic cost without changing the measured player outcome.	Specify one concrete wrong-output or provenance failure the proposed tool must detect beyond the existing harness.	Inject that failure in a tiny known-good fixture, demonstrate detection and run an unchanged control; do not build a general research platform.	A different failure, stale source/hash or malformed record must not count as the intended finding.	A new applicable workload, resolved prerequisite, better independent oracle, or materially different bounded implementation changes the recorded decision.
342	3	R322	proposal	R322.invert-flac-polarity-directly-in-the-residual-domain	Invert FLAC polarity directly in the residual domain	audio	specialty-or-prepared	2	E1	Q2	UNSCREENED	CONVERSATION_SCOPE_AVAILABLE	Complete specified audio operation, output sample count/phase and practical CPU/memory or repeated-query cost.	Write the exact requested signal operation, codec tool constraints, state and rounding contract. Check whether an optimized existing library already performs it.	A tiny independent numerical/bitstream oracle plus one boundary or adversarial case. Only use a matching Wasm slice when available and inexpensive.	Extrema, invalid precision, changed predictor/phase/history or a nonlinear stage must invalidate assumptions. No covert resampling/downmix/quality change.	A new applicable workload, resolved prerequisite, better independent oracle, or materially different bounded implementation changes the recorded decision.
343	4	R141	proposal	R141.split-flac-frames-in-time-while-reusing-their-prediction-work	Split FLAC frames in time while reusing their prediction work	mux	conditional	3	E3	Q3	UNSCREENED	CONVERSATION_SCOPE_AVAILABLE	Complete preparation/startup/refill work, bytes and ownership; output parser acceptance alone is not the metric.	Find where bytes/timestamps actually change, are copied, or are withheld. Compare against current persistent mux/parser behavior.	Construct one bounded positive output and one invalid-edge control using the same coded samples. Keep unrelated fragment/default policies fixed.	Wrong size/offset/configuration or a non-random-access cut must fail specifically; cancellation cannot publish another generation.	A new applicable workload, resolved prerequisite, better independent oracle, or materially different bounded implementation changes the recorded decision.
344	4	R155	report-defined	R155.fused-synthesis-and-resampling-mathematical-boundary-only	Fused synthesis and resampling: mathematical boundary only	audio	conditional	3	E3	Q3	UNSCREENED	SOURCE_BODY_AVAILABLE	Complete specified audio operation, output sample count/phase and practical CPU/memory or repeated-query cost.	Write the exact requested signal operation, codec tool constraints, state and rounding contract. Check whether an optimized existing library already performs it.	A tiny independent numerical/bitstream oracle plus one boundary or adversarial case. Only use a matching Wasm slice when available and inexpensive.	Extrema, invalid precision, changed predictor/phase/history or a nonlinear stage must invalidate assumptions. No covert resampling/downmix/quality change.	A new applicable workload, resolved prerequisite, better independent oracle, or materially different bounded implementation changes the recorded decision.
345	4	R166	proposal	R166.prove-where-an-audio-edit-stops-affecting-subsequent-output	Prove where an audio edit stops affecting subsequent output	audio	conditional	3	E3	Q3	UNSCREENED	CONVERSATION_SCOPE_AVAILABLE	Complete specified audio operation, output sample count/phase and practical CPU/memory or repeated-query cost.	Write the exact requested signal operation, codec tool constraints, state and rounding contract. Check whether an optimized existing library already performs it.	A tiny independent numerical/bitstream oracle plus one boundary or adversarial case. Only use a matching Wasm slice when available and inexpensive.	Extrema, invalid precision, changed predictor/phase/history or a nonlinear stage must invalidate assumptions. No covert resampling/downmix/quality change.	A new applicable workload, resolved prerequisite, better independent oracle, or materially different bounded implementation changes the recorded decision.
346	4	R157	report-defined	R157.interpolation-guided-by-real-codec-motion-vectors	Interpolation guided by real codec motion vectors	preview	conditional	2	E2	Q2	UNSCREENED	SOURCE_BODY_AVAILABLE	Time to the requested exact or explicitly approximate preview, total prerequisite work and retained state.	Identify the preview operation and current service. Separate sparse previews, exact scrubbing and ordinary playback; inspect prior frame/history reuse.	One short owned source and a few target requests under equal memory budgets, with an independent full-decode/reference result.	Move backward, request a non-RAP dependency, change source or cancel a pending request; stale previews must never become current.	A new applicable workload, resolved prerequisite, better independent oracle, or materially different bounded implementation changes the recorded decision.
347	4	R167	proposal	R167.produce-a-requested-dissolve-directly-in-transform-space	Produce a requested dissolve directly in transform space	gpu	conditional	2	E2	Q2	UNSCREENED	CONVERSATION_SCOPE_AVAILABLE	Complete decode/process/present cost, transfers, command work or peak live storage for identical requested output.	Identify the CPU/GPU representation boundary and actual useful work removed. Check existing renderer fusions, caches, kernel fast paths and hardware gates.	Small deterministic planes/blocks or an existing real frame with one adversarial edge. Use a bounded component test if GPU integration is not already available, labeling it as such.	Change stride, crop, phase, alpha, edge neighborhood or resource generation; exercise a case where the proposed shortcut is ineligible.	A new applicable workload, resolved prerequisite, better independent oracle, or materially different bounded implementation changes the recorded decision.
348	4	R244	report-A	R244.recompute-video-effects-only-where-the-input-actually-changed.report-a	Recompute video effects only where the input actually changed	gpu	conditional	2	E2	Q2	UNSCREENED	SOURCE_BODY_AVAILABLE	Complete decode/process/present cost, transfers, command work or peak live storage for identical requested output.	Identify the CPU/GPU representation boundary and actual useful work removed. Check existing renderer fusions, caches, kernel fast paths and hardware gates.	Small deterministic planes/blocks or an existing real frame with one adversarial edge. Use a bounded component test if GPU integration is not already available, labeling it as such.	Change stride, crop, phase, alpha, edge neighborhood or resource generation; exercise a case where the proposed shortcut is ineligible.	A new applicable workload, resolved prerequisite, better independent oracle, or materially different bounded implementation changes the recorded decision.
349	4	R244	report-C	R244.reservoir-independent-prepared-mp3.report-c	reservoir-independent prepared MP3	audio	conditional	2	E2	Q2	UNSCREENED	SOURCE_BODY_AVAILABLE	Complete specified audio operation, output sample count/phase and practical CPU/memory or repeated-query cost.	Write the exact requested signal operation, codec tool constraints, state and rounding contract. Check whether an optimized existing library already performs it.	A tiny independent numerical/bitstream oracle plus one boundary or adversarial case. Only use a matching Wasm slice when available and inexpensive.	Extrema, invalid precision, changed predictor/phase/history or a nonlinear stage must invalidate assumptions. No covert resampling/downmix/quality change.	A new applicable workload, resolved prerequisite, better independent oracle, or materially different bounded implementation changes the recorded decision.
350	4	R322	report-continuity	R322.animated-image-disposal-checkpoints.report-continuity	Animated-image disposal checkpoints	gpu	conditional	2	E2	Q2	UNSCREENED	SOURCE_BODY_AVAILABLE	Complete decode/process/present cost, transfers, command work or peak live storage for identical requested output.	Identify the CPU/GPU representation boundary and actual useful work removed. Check existing renderer fusions, caches, kernel fast paths and hardware gates.	Small deterministic planes/blocks or an existing real frame with one adversarial edge. Use a bounded component test if GPU integration is not already available, labeling it as such.	Change stride, crop, phase, alpha, edge neighborhood or resource generation; exercise a case where the proposed shortcut is ineligible.	A new applicable workload, resolved prerequisite, better independent oracle, or materially different bounded implementation changes the recorded decision.
351	4	R105	proposal	R105.build-a-single-hevc-mosaic-from-compatible-compressed-streams	Build a single HEVC mosaic from compatible compressed streams	mux	specialty-or-prepared	3	E3	Q3	UNSCREENED	SOURCE_BODY_AVAILABLE	Complete preparation/startup/refill work, bytes and ownership; output parser acceptance alone is not the metric.	Find where bytes/timestamps actually change, are copied, or are withheld. Compare against current persistent mux/parser behavior.	Construct one bounded positive output and one invalid-edge control using the same coded samples. Keep unrelated fragment/default policies fixed.	Wrong size/offset/configuration or a non-random-access cut must fail specifically; cancellation cannot publish another generation.	A new applicable workload, resolved prerequisite, better independent oracle, or materially different bounded implementation changes the recorded decision.
352	4	R120	proposal	R120.entropy-only-transcoding	Entropy-only transcoding	audio	specialty-or-prepared	3	E3	Q3	UNSCREENED	CONVERSATION_SCOPE_AVAILABLE	Complete specified audio operation, output sample count/phase and practical CPU/memory or repeated-query cost.	Write the exact requested signal operation, codec tool constraints, state and rounding contract. Check whether an optimized existing library already performs it.	A tiny independent numerical/bitstream oracle plus one boundary or adversarial case. Only use a matching Wasm slice when available and inexpensive.	Extrema, invalid precision, changed predictor/phase/history or a nonlinear stage must invalidate assumptions. No covert resampling/downmix/quality change.	A new applicable workload, resolved prerequisite, better independent oracle, or materially different bounded implementation changes the recorded decision.
353	4	R128	proposal	R128.compile-screen-operations-directly-into-video-prediction-commands	Compile screen operations directly into video prediction commands	preview	specialty-or-prepared	3	E3	Q3	UNSCREENED	CONVERSATION_SCOPE_AVAILABLE	Time to the requested exact or explicitly approximate preview, total prerequisite work and retained state.	Identify the preview operation and current service. Separate sparse previews, exact scrubbing and ordinary playback; inspect prior frame/history reuse.	One short owned source and a few target requests under equal memory budgets, with an independent full-decode/reference result.	Move backward, request a non-RAP dependency, change source or cancel a pending request; stale previews must never become current.	A new applicable workload, resolved prerequisite, better independent oracle, or materially different bounded implementation changes the recorded decision.
354	4	R129	proposal	R129.extend-gpu-reconstruction-from-still-pictures-to-predictive-video	Extend GPU reconstruction from still pictures to predictive video	gpu	specialty-or-prepared	3	E3	Q3	UNSCREENED	CONVERSATION_SCOPE_AVAILABLE	Complete decode/process/present cost, transfers, command work or peak live storage for identical requested output.	Identify the CPU/GPU representation boundary and actual useful work removed. Check existing renderer fusions, caches, kernel fast paths and hardware gates.	Small deterministic planes/blocks or an existing real frame with one adversarial edge. Use a bounded component test if GPU integration is not already available, labeling it as such.	Change stride, crop, phase, alpha, edge neighborhood or resource generation; exercise a case where the proposed shortcut is ineligible.	A new applicable workload, resolved prerequisite, better independent oracle, or materially different bounded implementation changes the recorded decision.
355	4	R142	proposal	R142.burn-in-an-overlay-by-re-encoding-only-the-spatial-blocks-it-changes	Burn in an overlay by re-encoding only the spatial blocks it changes	gpu	specialty-or-prepared	3	E3	Q3	UNSCREENED	CONVERSATION_SCOPE_AVAILABLE	Complete decode/process/present cost, transfers, command work or peak live storage for identical requested output.	Identify the CPU/GPU representation boundary and actual useful work removed. Check existing renderer fusions, caches, kernel fast paths and hardware gates.	Small deterministic planes/blocks or an existing real frame with one adversarial edge. Use a bounded component test if GPU integration is not already available, labeling it as such.	Change stride, crop, phase, alpha, edge neighborhood or resource generation; exercise a case where the proposed shortcut is ineligible.	A new applicable workload, resolved prerequisite, better independent oracle, or materially different bounded implementation changes the recorded decision.
356	4	R148	report-defined	R148.actual-mpeg-2-coefficient-data-reused-by-jpeg	Actual MPEG-2 coefficient data reused by JPEG	gpu	specialty-or-prepared	3	E3	Q3	UNSCREENED	SOURCE_BODY_AVAILABLE	Complete decode/process/present cost, transfers, command work or peak live storage for identical requested output.	Identify the CPU/GPU representation boundary and actual useful work removed. Check existing renderer fusions, caches, kernel fast paths and hardware gates.	Small deterministic planes/blocks or an existing real frame with one adversarial edge. Use a bounded component test if GPU integration is not already available, labeling it as such.	Change stride, crop, phase, alpha, edge neighborhood or resource generation; exercise a case where the proposed shortcut is ineligible.	A new applicable workload, resolved prerequisite, better independent oracle, or materially different bounded implementation changes the recorded decision.
357	4	R153	report-defined	R153.shared-continuation-and-the-wrong-history-negative	Shared continuation and the wrong-history negative	lifecycle	specialty-or-prepared	3	E3	Q3	UNSCREENED	SOURCE_BODY_AVAILABLE	User-visible operation latency, duplicated work or peak/steady live resource ownership; not object counts alone.	Trace the precise owner, generation, reset/flush/commit or allocation being changed. Reproduce the present behavior before removing any guard.	One short action trace through existing code with the candidate disabled/enabled; include the specific seek, cancellation or replacement transition it can affect.	Cancel or replace a source at the changed boundary and delay a stale callback/consumer; reject late publication and premature reuse.	A new applicable workload, resolved prerequisite, better independent oracle, or materially different bounded implementation changes the recorded decision.
358	4	R164	proposal	R164.reconstruct-fixed-predictor-lossless-audio-with-parallel-scans	Reconstruct fixed-predictor lossless audio with parallel scans	audio	specialty-or-prepared	3	E3	Q3	UNSCREENED	CONVERSATION_SCOPE_AVAILABLE	Complete specified audio operation, output sample count/phase and practical CPU/memory or repeated-query cost.	Write the exact requested signal operation, codec tool constraints, state and rounding contract. Check whether an optimized existing library already performs it.	A tiny independent numerical/bitstream oracle plus one boundary or adversarial case. Only use a matching Wasm slice when available and inexpensive.	Extrema, invalid precision, changed predictor/phase/history or a nonlinear stage must invalidate assumptions. No covert resampling/downmix/quality change.	A new applicable workload, resolved prerequisite, better independent oracle, or materially different bounded implementation changes the recorded decision.
359	4	R165	proposal	R165.reverse-predictive-audio-by-transforming-its-residuals	Reverse predictive audio by transforming its residuals	audio	specialty-or-prepared	3	E3	Q3	UNSCREENED	CONVERSATION_SCOPE_AVAILABLE	Complete specified audio operation, output sample count/phase and practical CPU/memory or repeated-query cost.	Write the exact requested signal operation, codec tool constraints, state and rounding contract. Check whether an optimized existing library already performs it.	A tiny independent numerical/bitstream oracle plus one boundary or adversarial case. Only use a matching Wasm slice when available and inexpensive.	Extrema, invalid precision, changed predictor/phase/history or a nonlinear stage must invalidate assumptions. No covert resampling/downmix/quality change.	A new applicable workload, resolved prerequisite, better independent oracle, or materially different bounded implementation changes the recorded decision.
360	4	R168	proposal	R168.compress-cold-reference-tiles-not-just-whole-cached-frames	Compress cold reference tiles, not just whole cached frames	gpu	specialty-or-prepared	3	E3	Q3	UNSCREENED	CONVERSATION_SCOPE_AVAILABLE	Complete decode/process/present cost, transfers, command work or peak live storage for identical requested output.	Identify the CPU/GPU representation boundary and actual useful work removed. Check existing renderer fusions, caches, kernel fast paths and hardware gates.	Small deterministic planes/blocks or an existing real frame with one adversarial edge. Use a bounded component test if GPU integration is not already available, labeling it as such.	Change stride, crop, phase, alpha, edge neighborhood or resource generation; exercise a case where the proposed shortcut is ineligible.	A new applicable workload, resolved prerequisite, better independent oracle, or materially different bounded implementation changes the recorded decision.
361	4	R175	report-defined	R175.tighten-verified-h-264-decoder-requirements	tighten verified H.264 decoder requirements	mux	specialty-or-prepared	3	E3	Q3	UNSCREENED	SOURCE_BODY_AVAILABLE	Complete preparation/startup/refill work, bytes and ownership; output parser acceptance alone is not the metric.	Find where bytes/timestamps actually change, are copied, or are withheld. Compare against current persistent mux/parser behavior.	Construct one bounded positive output and one invalid-edge control using the same coded samples. Keep unrelated fragment/default policies fixed.	Wrong size/offset/configuration or a non-random-access cut must fail specifically; cancellation cannot publish another generation.	A new applicable workload, resolved prerequisite, better independent oracle, or materially different bounded implementation changes the recorded decision.
362	4	R177	report-defined	R177.gpu-jpeg-entropy-decoding	GPU JPEG entropy decoding	mux	specialty-or-prepared	3	E3	Q3	UNSCREENED	SOURCE_BODY_AVAILABLE	Complete preparation/startup/refill work, bytes and ownership; output parser acceptance alone is not the metric.	Find where bytes/timestamps actually change, are copied, or are withheld. Compare against current persistent mux/parser behavior.	Construct one bounded positive output and one invalid-edge control using the same coded samples. Keep unrelated fragment/default policies fixed.	Wrong size/offset/configuration or a non-random-access cut must fail specifically; cancellation cannot publish another generation.	A new applicable workload, resolved prerequisite, better independent oracle, or materially different bounded implementation changes the recorded decision.
363	4	R187	report-defined	R187.recover-encoder-decisions-from-the-source	recover encoder decisions from the source	gpu	specialty-or-prepared	3	E3	Q3	UNSCREENED	SOURCE_BODY_AVAILABLE	Complete decode/process/present cost, transfers, command work or peak live storage for identical requested output.	Identify the CPU/GPU representation boundary and actual useful work removed. Check existing renderer fusions, caches, kernel fast paths and hardware gates.	Small deterministic planes/blocks or an existing real frame with one adversarial edge. Use a bounded component test if GPU integration is not already available, labeling it as such.	Change stride, crop, phase, alpha, edge neighborhood or resource generation; exercise a case where the proposed shortcut is ineligible.	A new applicable workload, resolved prerequisite, better independent oracle, or materially different bounded implementation changes the recorded decision.
364	4	R197	report-defined	R197.common-jpeg-quantization-basis-without-requantization-loss	common JPEG quantization basis without requantization loss	mux	specialty-or-prepared	3	E3	Q3	UNSCREENED	SOURCE_BODY_AVAILABLE	Complete preparation/startup/refill work, bytes and ownership; output parser acceptance alone is not the metric.	Find where bytes/timestamps actually change, are copied, or are withheld. Compare against current persistent mux/parser behavior.	Construct one bounded positive output and one invalid-edge control using the same coded samples. Keep unrelated fragment/default policies fixed.	Wrong size/offset/configuration or a non-random-access cut must fail specifically; cancellation cannot publish another generation.	A new applicable workload, resolved prerequisite, better independent oracle, or materially different bounded implementation changes the recorded decision.
365	4	R199	report-defined	R199.certified-error-preview-reconstruction	certified-error preview reconstruction	gpu	specialty-or-prepared	3	E3	Q3	UNSCREENED	SOURCE_BODY_AVAILABLE	Complete decode/process/present cost, transfers, command work or peak live storage for identical requested output.	Identify the CPU/GPU representation boundary and actual useful work removed. Check existing renderer fusions, caches, kernel fast paths and hardware gates.	Small deterministic planes/blocks or an existing real frame with one adversarial edge. Use a bounded component test if GPU integration is not already available, labeling it as such.	Change stride, crop, phase, alpha, edge neighborhood or resource generation; exercise a case where the proposed shortcut is ineligible.	A new applicable workload, resolved prerequisite, better independent oracle, or materially different bounded implementation changes the recorded decision.
366	4	R217	report-defined	R217.exact-waveform-summaries-from-first-order-flac	exact waveform summaries from first-order FLAC	audio	specialty-or-prepared	3	E3	Q3	UNSCREENED	SOURCE_BODY_AVAILABLE	Complete specified audio operation, output sample count/phase and practical CPU/memory or repeated-query cost.	Write the exact requested signal operation, codec tool constraints, state and rounding contract. Check whether an optimized existing library already performs it.	A tiny independent numerical/bitstream oracle plus one boundary or adversarial case. Only use a matching Wasm slice when available and inexpensive.	Extrema, invalid precision, changed predictor/phase/history or a nonlinear stage must invalidate assumptions. No covert resampling/downmix/quality change.	A new applicable workload, resolved prerequisite, better independent oracle, or materially different bounded implementation changes the recorded decision.
367	4	R218	report-defined	R218.exact-restricted-png-scans	exact restricted PNG scans	gpu	specialty-or-prepared	3	E3	Q3	UNSCREENED	SOURCE_BODY_AVAILABLE	Complete decode/process/present cost, transfers, command work or peak live storage for identical requested output.	Identify the CPU/GPU representation boundary and actual useful work removed. Check existing renderer fusions, caches, kernel fast paths and hardware gates.	Small deterministic planes/blocks or an existing real frame with one adversarial edge. Use a bounded component test if GPU integration is not already available, labeling it as such.	Change stride, crop, phase, alpha, edge neighborhood or resource generation; exercise a case where the proposed shortcut is ineligible.	A new applicable workload, resolved prerequisite, better independent oracle, or materially different bounded implementation changes the recorded decision.
368	4	R231	proposal	R231.parallelize-rice-parsing-through-composable-finite-state-transitions	Parallelize Rice parsing through composable finite-state transitions	audio	specialty-or-prepared	3	E3	Q3	UNSCREENED	CONVERSATION_SCOPE_AVAILABLE	Complete specified audio operation, output sample count/phase and practical CPU/memory or repeated-query cost.	Write the exact requested signal operation, codec tool constraints, state and rounding contract. Check whether an optimized existing library already performs it.	A tiny independent numerical/bitstream oracle plus one boundary or adversarial case. Only use a matching Wasm slice when available and inexpensive.	Extrema, invalid precision, changed predictor/phase/history or a nonlinear stage must invalidate assumptions. No covert resampling/downmix/quality change.	A new applicable workload, resolved prerequisite, better independent oracle, or materially different bounded implementation changes the recorded decision.
369	4	R234	proposal	R234.replace-general-flac-predictors-with-equivalent-fixed-predictors	Replace general FLAC predictors with equivalent fixed predictors	audio	specialty-or-prepared	3	E3	Q3	UNSCREENED	CONVERSATION_SCOPE_AVAILABLE	Complete specified audio operation, output sample count/phase and practical CPU/memory or repeated-query cost.	Write the exact requested signal operation, codec tool constraints, state and rounding contract. Check whether an optimized existing library already performs it.	A tiny independent numerical/bitstream oracle plus one boundary or adversarial case. Only use a matching Wasm slice when available and inexpensive.	Extrema, invalid precision, changed predictor/phase/history or a nonlinear stage must invalidate assumptions. No covert resampling/downmix/quality change.	A new applicable workload, resolved prerequisite, better independent oracle, or materially different bounded implementation changes the recorded decision.
370	4	R240	proposal	R240.add-useful-jpeg-restart-boundaries-without-another-image-generation-loss	Add useful JPEG restart boundaries without another image-generation loss	mux	specialty-or-prepared	3	E3	Q3	UNSCREENED	CONVERSATION_SCOPE_AVAILABLE	Complete preparation/startup/refill work, bytes and ownership; output parser acceptance alone is not the metric.	Find where bytes/timestamps actually change, are copied, or are withheld. Compare against current persistent mux/parser behavior.	Construct one bounded positive output and one invalid-edge control using the same coded samples. Keep unrelated fragment/default policies fixed.	Wrong size/offset/configuration or a non-random-access cut must fail specifically; cancellation cannot publish another generation.	A new applicable workload, resolved prerequisite, better independent oracle, or materially different bounded implementation changes the recorded decision.
371	4	R266	report-defined	R266.snappy-dependency-graph	Snappy dependency graph	gpu	specialty-or-prepared	3	E3	Q3	UNSCREENED	SOURCE_BODY_AVAILABLE	Complete decode/process/present cost, transfers, command work or peak live storage for identical requested output.	Identify the CPU/GPU representation boundary and actual useful work removed. Check existing renderer fusions, caches, kernel fast paths and hardware gates.	Small deterministic planes/blocks or an existing real frame with one adversarial edge. Use a bounded component test if GPU integration is not already available, labeling it as such.	Change stride, crop, phase, alpha, edge neighborhood or resource generation; exercise a case where the proposed shortcut is ineligible.	A new applicable workload, resolved prerequisite, better independent oracle, or materially different bounded implementation changes the recorded decision.
372	4	R291	proposal	R291.disable-in-loop-filtering-only-after-proving-it-is-a-no-op	Disable in-loop filtering only after proving it is a no-op	gpu	specialty-or-prepared	3	E3	Q3	UNSCREENED	SOURCE_BODY_AVAILABLE	Complete decode/process/present cost, transfers, command work or peak live storage for identical requested output.	Identify the CPU/GPU representation boundary and actual useful work removed. Check existing renderer fusions, caches, kernel fast paths and hardware gates.	Small deterministic planes/blocks or an existing real frame with one adversarial edge. Use a bounded component test if GPU integration is not already available, labeling it as such.	Change stride, crop, phase, alpha, edge neighborhood or resource generation; exercise a case where the proposed shortcut is ineligible.	A new applicable workload, resolved prerequisite, better independent oracle, or materially different bounded implementation changes the recorded decision.
373	4	R292	proposal	R292.compile-a-decoder-kernel-for-a-repeatedly-used-huffman-codebook	Compile a decoder kernel for a repeatedly used Huffman codebook	gpu	specialty-or-prepared	3	E3	Q3	UNSCREENED	SOURCE_BODY_AVAILABLE	Complete decode/process/present cost, transfers, command work or peak live storage for identical requested output.	Identify the CPU/GPU representation boundary and actual useful work removed. Check existing renderer fusions, caches, kernel fast paths and hardware gates.	Small deterministic planes/blocks or an existing real frame with one adversarial edge. Use a bounded component test if GPU integration is not already available, labeling it as such.	Change stride, crop, phase, alpha, edge neighborhood or resource generation; exercise a case where the proposed shortcut is ineligible.	A new applicable workload, resolved prerequisite, better independent oracle, or materially different bounded implementation changes the recorded decision.
374	4	R299	proposal	R299.change-flac-predictor-order-directly-in-the-residual-domain	Change FLAC predictor order directly in the residual domain	tooling	specialty-or-prepared	3	E3	Q3	UNSCREENED	SOURCE_BODY_AVAILABLE	Decision power, reproducibility or diagnostic cost without changing the measured player outcome.	Specify one concrete wrong-output or provenance failure the proposed tool must detect beyond the existing harness.	Inject that failure in a tiny known-good fixture, demonstrate detection and run an unchanged control; do not build a general research platform.	A different failure, stale source/hash or malformed record must not count as the intended finding.	A new applicable workload, resolved prerequisite, better independent oracle, or materially different bounded implementation changes the recorded decision.
375	4	R300	proposal	R300.reuse-repeated-inverse-transform-results-across-different-video-blocks	Reuse repeated inverse-transform results across different video blocks	gpu	specialty-or-prepared	3	E3	Q3	UNSCREENED	SOURCE_BODY_AVAILABLE	Complete decode/process/present cost, transfers, command work or peak live storage for identical requested output.	Identify the CPU/GPU representation boundary and actual useful work removed. Check existing renderer fusions, caches, kernel fast paths and hardware gates.	Small deterministic planes/blocks or an existing real frame with one adversarial edge. Use a bounded component test if GPU integration is not already available, labeling it as such.	Change stride, crop, phase, alpha, edge neighborhood or resource generation; exercise a case where the proposed shortcut is ineligible.	A new applicable workload, resolved prerequisite, better independent oracle, or materially different bounded implementation changes the recorded decision.
376	4	R301	proposal	R301.edit-displayed-frames-without-changing-the-prediction-history	Edit displayed frames without changing the prediction history	mux	specialty-or-prepared	3	E3	Q3	UNSCREENED	SOURCE_BODY_AVAILABLE	Complete preparation/startup/refill work, bytes and ownership; output parser acceptance alone is not the metric.	Find where bytes/timestamps actually change, are copied, or are withheld. Compare against current persistent mux/parser behavior.	Construct one bounded positive output and one invalid-edge control using the same coded samples. Keep unrelated fragment/default policies fixed.	Wrong size/offset/configuration or a non-random-access cut must fail specifically; cancellation cannot publish another generation.	A new applicable workload, resolved prerequisite, better independent oracle, or materially different bounded implementation changes the recorded decision.
377	4	R314	proposal	R314.send-gif-dictionaries-to-the-gpu-instead-of-expanded-index-images	Send GIF dictionaries to the GPU instead of expanded index images	gpu	specialty-or-prepared	3	E3	Q3	UNSCREENED	SOURCE_BODY_AVAILABLE	Complete decode/process/present cost, transfers, command work or peak live storage for identical requested output.	Identify the CPU/GPU representation boundary and actual useful work removed. Check existing renderer fusions, caches, kernel fast paths and hardware gates.	Small deterministic planes/blocks or an existing real frame with one adversarial edge. Use a bounded component test if GPU integration is not already available, labeling it as such.	Change stride, crop, phase, alpha, edge neighborhood or resource generation; exercise a case where the proposed shortcut is ineligible.	A new applicable workload, resolved prerequisite, better independent oracle, or materially different bounded implementation changes the recorded decision.
378	4	R317	proposal	R317.parallelize-a-true-attack-release-envelope-with-piecewise-affine-maps	Parallelize a true attack/release envelope with piecewise-affine maps	audio	specialty-or-prepared	3	E3	Q3	UNSCREENED	SOURCE_BODY_AVAILABLE	Complete specified audio operation, output sample count/phase and practical CPU/memory or repeated-query cost.	Write the exact requested signal operation, codec tool constraints, state and rounding contract. Check whether an optimized existing library already performs it.	A tiny independent numerical/bitstream oracle plus one boundary or adversarial case. Only use a matching Wasm slice when available and inexpensive.	Extrema, invalid precision, changed predictor/phase/history or a nonlinear stage must invalidate assumptions. No covert resampling/downmix/quality change.	A new applicable workload, resolved prerequisite, better independent oracle, or materially different bounded implementation changes the recorded decision.
379	4	R336	proposal	R336.reconstruct-predictor-4-lossless-jpeg-with-two-dimensional-prefix-sums	Reconstruct predictor-4 lossless JPEG with two-dimensional prefix sums	gpu	specialty-or-prepared	3	E3	Q3	UNSCREENED	SOURCE_BODY_AVAILABLE	Complete decode/process/present cost, transfers, command work or peak live storage for identical requested output.	Identify the CPU/GPU representation boundary and actual useful work removed. Check existing renderer fusions, caches, kernel fast paths and hardware gates.	Small deterministic planes/blocks or an existing real frame with one adversarial edge. Use a bounded component test if GPU integration is not already available, labeling it as such.	Change stride, crop, phase, alpha, edge neighborhood or resource generation; exercise a case where the proposed shortcut is ineligible.	A new applicable workload, resolved prerequisite, better independent oracle, or materially different bounded implementation changes the recorded decision.
380	4	R293	proposal	R293.seek-inside-authenticated-encrypted-media-without-decrypting-the-whole-file	Seek inside authenticated encrypted media without decrypting the whole file	source	specialty-or-prepared	3	E3	Q4	UNSCREENED	SOURCE_BODY_AVAILABLE	Total bytes and time to correct startup/target, including cold index/identity acquisition; bounded retained bytes.	Locate one real repeated read/index/validation boundary and its trusted source identity. Separate logical requests from transferred or physical-disk bytes.	Replay a short owned range/seek trace on a tiny indexed fixture, including its first cold operation, with the same source and authorization. Reuse the existing reader.	Change the source/version or corrupt an offset/proof and cancel one consumer. No stale or unverified bytes may be published.	A new applicable workload, resolved prerequisite, better independent oracle, or materially different bounded implementation changes the recorded decision.
381	4	R225	proposal	R225.produce-dual-mono-and-silent-channel-slots-through-opus-mapping-metadata	Produce dual-mono and silent channel slots through Opus mapping metadata	route	specialty-or-prepared	2	E2	Q3	UNSCREENED	CONVERSATION_SCOPE_AVAILABLE	Correct additional admitted source/destination capability; otherwise full startup and CPU/resource cost.	Trace actual input representation, requested tracks/features, current accepted plan and the decoder boundary. Check whether this adapter or destination is already used.	Use one tiny admitted source plus one unsupported/near-boundary control through the existing destination or adapter; compare required output identity with the cheapest correct route. No broad codec port.	Alter one admission-critical configuration, remove a required dependency, or preserve video while making selected audio unsupported. Candidate must reject or use a declared fallback.	A new applicable workload, resolved prerequisite, better independent oracle, or materially different bounded implementation changes the recorded decision.
382	5	R149	report-defined	R149.image-data-through-a-lossless-audio-decoder	Image data through a lossless audio decoder	preview	specialty-or-prepared	2	E3	Q3	UNSCREENED	SOURCE_BODY_AVAILABLE	Time to the requested exact or explicitly approximate preview, total prerequisite work and retained state.	Identify the preview operation and current service. Separate sparse previews, exact scrubbing and ordinary playback; inspect prior frame/history reuse.	One short owned source and a few target requests under equal memory budgets, with an independent full-decode/reference result.	Move backward, request a non-RAP dependency, change source or cancel a pending request; stale previews must never become current.	A new applicable workload, resolved prerequisite, better independent oracle, or materially different bounded implementation changes the recorded decision.
383	5	R180	report-defined	R180.residual-domain-flac-mixing	residual-domain FLAC mixing	gpu	specialty-or-prepared	2	E3	Q3	UNSCREENED	SOURCE_BODY_AVAILABLE	Complete decode/process/present cost, transfers, command work or peak live storage for identical requested output.	Identify the CPU/GPU representation boundary and actual useful work removed. Check existing renderer fusions, caches, kernel fast paths and hardware gates.	Small deterministic planes/blocks or an existing real frame with one adversarial edge. Use a bounded component test if GPU integration is not already available, labeling it as such.	Change stride, crop, phase, alpha, edge neighborhood or resource generation; exercise a case where the proposed shortcut is ineligible.	A new applicable workload, resolved prerequisite, better independent oracle, or materially different bounded implementation changes the recorded decision.
384	5	R227	proposal	R227.rotate-and-rearrange-texture-video-while-keeping-its-blocks-compressed	Rotate and rearrange texture video while keeping its blocks compressed	gpu	specialty-or-prepared	2	E3	Q3	UNSCREENED	CONVERSATION_SCOPE_AVAILABLE	Complete decode/process/present cost, transfers, command work or peak live storage for identical requested output.	Identify the CPU/GPU representation boundary and actual useful work removed. Check existing renderer fusions, caches, kernel fast paths and hardware gates.	Small deterministic planes/blocks or an existing real frame with one adversarial edge. Use a bounded component test if GPU integration is not already available, labeling it as such.	Change stride, crop, phase, alpha, edge neighborhood or resource generation; exercise a case where the proposed shortcut is ineligible.	A new applicable workload, resolved prerequisite, better independent oracle, or materially different bounded implementation changes the recorded decision.
385	5	R236	proposal	R236.build-a-visualizer-from-vorbiss-encoded-spectral-envelope	Build a visualizer from Vorbis’s encoded spectral envelope	audio	specialty-or-prepared	2	E3	Q3	UNSCREENED	CONVERSATION_SCOPE_AVAILABLE	Complete specified audio operation, output sample count/phase and practical CPU/memory or repeated-query cost.	Write the exact requested signal operation, codec tool constraints, state and rounding contract. Check whether an optimized existing library already performs it.	A tiny independent numerical/bitstream oracle plus one boundary or adversarial case. Only use a matching Wasm slice when available and inexpensive.	Extrema, invalid precision, changed predictor/phase/history or a nonlinear stage must invalidate assumptions. No covert resampling/downmix/quality change.	A new applicable workload, resolved prerequisite, better independent oracle, or materially different bounded implementation changes the recorded decision.
386	5	R310	proposal	R310.compile-g-711-processing-chains-into-exact-lookup-tables	Compile G.711 processing chains into exact lookup tables	audio	specialty-or-prepared	2	E3	Q3	UNSCREENED	SOURCE_BODY_AVAILABLE	Complete specified audio operation, output sample count/phase and practical CPU/memory or repeated-query cost.	Write the exact requested signal operation, codec tool constraints, state and rounding contract. Check whether an optimized existing library already performs it.	A tiny independent numerical/bitstream oracle plus one boundary or adversarial case. Only use a matching Wasm slice when available and inexpensive.	Extrema, invalid precision, changed predictor/phase/history or a nonlinear stage must invalidate assumptions. No covert resampling/downmix/quality change.	A new applicable workload, resolved prerequisite, better independent oracle, or materially different bounded implementation changes the recorded decision.
387	5	R340	proposal	R340.edit-an-entire-flac-block-by-changing-only-its-warm-up-samples	Edit an entire FLAC block by changing only its warm-up samples	audio	specialty-or-prepared	2	E3	Q3	UNSCREENED	SOURCE_BODY_AVAILABLE	Complete specified audio operation, output sample count/phase and practical CPU/memory or repeated-query cost.	Write the exact requested signal operation, codec tool constraints, state and rounding contract. Check whether an optimized existing library already performs it.	A tiny independent numerical/bitstream oracle plus one boundary or adversarial case. Only use a matching Wasm slice when available and inexpensive.	Extrema, invalid precision, changed predictor/phase/history or a nonlinear stage must invalidate assumptions. No covert resampling/downmix/quality change.	A new applicable workload, resolved prerequisite, better independent oracle, or materially different bounded implementation changes the recorded decision.
388	5	R345	proposal	R345.stack-png-images-by-joining-their-compressed-scanline-streams	Stack PNG images by joining their compressed scanline streams	gpu	specialty-or-prepared	2	E3	Q3	UNSCREENED	SOURCE_BODY_AVAILABLE	Complete decode/process/present cost, transfers, command work or peak live storage for identical requested output.	Identify the CPU/GPU representation boundary and actual useful work removed. Check existing renderer fusions, caches, kernel fast paths and hardware gates.	Small deterministic planes/blocks or an existing real frame with one adversarial edge. Use a bounded component test if GPU integration is not already available, labeling it as such.	Change stride, crop, phase, alpha, edge neighborhood or resource generation; exercise a case where the proposed shortcut is ineligible.	A new applicable workload, resolved prerequisite, better independent oracle, or materially different bounded implementation changes the recorded decision.
389	5	R346	proposal	R346.turn-paeth-prediction-into-composable-byte-state-maps	Turn Paeth prediction into composable byte-state maps	gpu	specialty-or-prepared	2	E3	Q3	UNSCREENED	SOURCE_BODY_AVAILABLE	Complete decode/process/present cost, transfers, command work or peak live storage for identical requested output.	Identify the CPU/GPU representation boundary and actual useful work removed. Check existing renderer fusions, caches, kernel fast paths and hardware gates.	Small deterministic planes/blocks or an existing real frame with one adversarial edge. Use a bounded component test if GPU integration is not already available, labeling it as such.	Change stride, crop, phase, alpha, edge neighborhood or resource generation; exercise a case where the proposed shortcut is ineligible.	A new applicable workload, resolved prerequisite, better independent oracle, or materially different bounded implementation changes the recorded decision.
390	5	R356	proposal	R356.repack-independent-stereo-flac-as-mid-side-using-parity-state-residuals	Repack independent stereo FLAC as mid-side using parity-state residuals	audio	specialty-or-prepared	2	E3	Q3	UNSCREENED	SOURCE_BODY_AVAILABLE	Complete specified audio operation, output sample count/phase and practical CPU/memory or repeated-query cost.	Write the exact requested signal operation, codec tool constraints, state and rounding contract. Check whether an optimized existing library already performs it.	A tiny independent numerical/bitstream oracle plus one boundary or adversarial case. Only use a matching Wasm slice when available and inexpensive.	Extrema, invalid precision, changed predictor/phase/history or a nonlinear stage must invalidate assumptions. No covert resampling/downmix/quality change.	A new applicable workload, resolved prerequisite, better independent oracle, or materially different bounded implementation changes the recorded decision.
391	5	R365	proposal	R365.compute-gif-color-statistics-without-expanding-lzw-strings	Compute GIF color statistics without expanding LZW strings	gpu	specialty-or-prepared	2	E3	Q3	UNSCREENED	SOURCE_BODY_AVAILABLE	Complete decode/process/present cost, transfers, command work or peak live storage for identical requested output.	Identify the CPU/GPU representation boundary and actual useful work removed. Check existing renderer fusions, caches, kernel fast paths and hardware gates.	Small deterministic planes/blocks or an existing real frame with one adversarial edge. Use a bounded component test if GPU integration is not already available, labeling it as such.	Change stride, crop, phase, alpha, edge neighborhood or resource generation; exercise a case where the proposed shortcut is ineligible.	A new applicable workload, resolved prerequisite, better independent oracle, or materially different bounded implementation changes the recorded decision.
392	5	R366	proposal	R366.evaluate-time-varying-audio-fades-from-cached-polynomial-moments	Evaluate time-varying audio fades from cached polynomial moments	audio	specialty-or-prepared	2	E3	Q3	UNSCREENED	SOURCE_BODY_AVAILABLE	Complete specified audio operation, output sample count/phase and practical CPU/memory or repeated-query cost.	Write the exact requested signal operation, codec tool constraints, state and rounding contract. Check whether an optimized existing library already performs it.	A tiny independent numerical/bitstream oracle plus one boundary or adversarial case. Only use a matching Wasm slice when available and inexpensive.	Extrema, invalid precision, changed predictor/phase/history or a nonlinear stage must invalidate assumptions. No covert resampling/downmix/quality change.	A new applicable workload, resolved prerequisite, better independent oracle, or materially different bounded implementation changes the recorded decision.
		R76	unresolved	R076.definition-not-recovered		source-recovery	unknown		E0		UNSCREENED_SOURCE_GATE	DEFINITION_NOT_RECOVERED	Definition and source identity recovery, not runtime performance.	One bounded, authorized recovery attempt for the missing definition; then HOLD_SOURCE and continue. Do not recreate a plausible card from its number.	Search the supplied source register and explicitly authorized local export paths; do not scan unrelated personal data or retry protected folders.	Reject a same-number report with a different mechanism.	The actual definition and source content become available.
		R77	unresolved	R077.definition-not-recovered		source-recovery	unknown		E0		UNSCREENED_SOURCE_GATE	DEFINITION_NOT_RECOVERED	Definition and source identity recovery, not runtime performance.	One bounded, authorized recovery attempt for the missing definition; then HOLD_SOURCE and continue. Do not recreate a plausible card from its number.	Search the supplied source register and explicitly authorized local export paths; do not scan unrelated personal data or retry protected folders.	Reject a same-number report with a different mechanism.	The actual definition and source content become available.
		R78	unresolved	R078.definition-not-recovered		source-recovery	unknown		E0		UNSCREENED_SOURCE_GATE	DEFINITION_NOT_RECOVERED	Definition and source identity recovery, not runtime performance.	One bounded, authorized recovery attempt for the missing definition; then HOLD_SOURCE and continue. Do not recreate a plausible card from its number.	Search the supplied source register and explicitly authorized local export paths; do not scan unrelated personal data or retry protected folders.	Reject a same-number report with a different mechanism.	The actual definition and source content become available.
		R79	unresolved	R079.definition-not-recovered		source-recovery	unknown		E0		UNSCREENED_SOURCE_GATE	DEFINITION_NOT_RECOVERED	Definition and source identity recovery, not runtime performance.	One bounded, authorized recovery attempt for the missing definition; then HOLD_SOURCE and continue. Do not recreate a plausible card from its number.	Search the supplied source register and explicitly authorized local export paths; do not scan unrelated personal data or retry protected folders.	Reject a same-number report with a different mechanism.	The actual definition and source content become available.
		R80	unresolved	R080.definition-not-recovered		source-recovery	unknown		E0		UNSCREENED_SOURCE_GATE	DEFINITION_NOT_RECOVERED	Definition and source identity recovery, not runtime performance.	One bounded, authorized recovery attempt for the missing definition; then HOLD_SOURCE and continue. Do not recreate a plausible card from its number.	Search the supplied source register and explicitly authorized local export paths; do not scan unrelated personal data or retry protected folders.	Reject a same-number report with a different mechanism.	The actual definition and source content become available.
		R81	unresolved	R081.definition-not-recovered		source-recovery	unknown		E0		UNSCREENED_SOURCE_GATE	DEFINITION_NOT_RECOVERED	Definition and source identity recovery, not runtime performance.	One bounded, authorized recovery attempt for the missing definition; then HOLD_SOURCE and continue. Do not recreate a plausible card from its number.	Search the supplied source register and explicitly authorized local export paths; do not scan unrelated personal data or retry protected folders.	Reject a same-number report with a different mechanism.	The actual definition and source content become available.
		R247	unresolved	R247.definition-not-recovered		source-recovery	unknown		E0		UNSCREENED_SOURCE_GATE	DEFINITION_NOT_RECOVERED	Definition and source identity recovery, not runtime performance.	One bounded, authorized recovery attempt for the missing definition; then HOLD_SOURCE and continue. Do not recreate a plausible card from its number.	Search the supplied source register and explicitly authorized local export paths; do not scan unrelated personal data or retry protected folders.	Reject a same-number report with a different mechanism.	The actual definition and source content become available.
		R248	unresolved	R248.definition-not-recovered		source-recovery	unknown		E0		UNSCREENED_SOURCE_GATE	DEFINITION_NOT_RECOVERED	Definition and source identity recovery, not runtime performance.	One bounded, authorized recovery attempt for the missing definition; then HOLD_SOURCE and continue. Do not recreate a plausible card from its number.	Search the supplied source register and explicitly authorized local export paths; do not scan unrelated personal data or retry protected folders.	Reject a same-number report with a different mechanism.	The actual definition and source content become available.
		R249	unresolved	R249.definition-not-recovered		source-recovery	unknown		E0		UNSCREENED_SOURCE_GATE	DEFINITION_NOT_RECOVERED	Definition and source identity recovery, not runtime performance.	One bounded, authorized recovery attempt for the missing definition; then HOLD_SOURCE and continue. Do not recreate a plausible card from its number.	Search the supplied source register and explicitly authorized local export paths; do not scan unrelated personal data or retry protected folders.	Reject a same-number report with a different mechanism.	The actual definition and source content become available.
		R250	unresolved	R250.definition-not-recovered		source-recovery	unknown		E0		UNSCREENED_SOURCE_GATE	DEFINITION_NOT_RECOVERED	Definition and source identity recovery, not runtime performance.	One bounded, authorized recovery attempt for the missing definition; then HOLD_SOURCE and continue. Do not recreate a plausible card from its number.	Search the supplied source register and explicitly authorized local export paths; do not scan unrelated personal data or retry protected folders.	Reject a same-number report with a different mechanism.	The actual definition and source content become available.
		R251	unresolved	R251.definition-not-recovered		source-recovery	unknown		E0		UNSCREENED_SOURCE_GATE	DEFINITION_NOT_RECOVERED	Definition and source identity recovery, not runtime performance.	One bounded, authorized recovery attempt for the missing definition; then HOLD_SOURCE and continue. Do not recreate a plausible card from its number.	Search the supplied source register and explicitly authorized local export paths; do not scan unrelated personal data or retry protected folders.	Reject a same-number report with a different mechanism.	The actual definition and source content become available.
		R252	unresolved	R252.definition-not-recovered		source-recovery	unknown		E0		UNSCREENED_SOURCE_GATE	DEFINITION_NOT_RECOVERED	Definition and source identity recovery, not runtime performance.	One bounded, authorized recovery attempt for the missing definition; then HOLD_SOURCE and continue. Do not recreate a plausible card from its number.	Search the supplied source register and explicitly authorized local export paths; do not scan unrelated personal data or retry protected folders.	Reject a same-number report with a different mechanism.	The actual definition and source content become available.
		R253	unresolved	R253.definition-not-recovered		source-recovery	unknown		E0		UNSCREENED_SOURCE_GATE	DEFINITION_NOT_RECOVERED	Definition and source identity recovery, not runtime performance.	One bounded, authorized recovery attempt for the missing definition; then HOLD_SOURCE and continue. Do not recreate a plausible card from its number.	Search the supplied source register and explicitly authorized local export paths; do not scan unrelated personal data or retry protected folders.	Reject a same-number report with a different mechanism.	The actual definition and source content become available.
		R254	unresolved	R254.definition-not-recovered		source-recovery	unknown		E0		UNSCREENED_SOURCE_GATE	DEFINITION_NOT_RECOVERED	Definition and source identity recovery, not runtime performance.	One bounded, authorized recovery attempt for the missing definition; then HOLD_SOURCE and continue. Do not recreate a plausible card from its number.	Search the supplied source register and explicitly authorized local export paths; do not scan unrelated personal data or retry protected folders.	Reject a same-number report with a different mechanism.	The actual definition and source content become available.
		R255	unresolved	R255.definition-not-recovered		source-recovery	unknown		E0		UNSCREENED_SOURCE_GATE	DEFINITION_NOT_RECOVERED	Definition and source identity recovery, not runtime performance.	One bounded, authorized recovery attempt for the missing definition; then HOLD_SOURCE and continue. Do not recreate a plausible card from its number.	Search the supplied source register and explicitly authorized local export paths; do not scan unrelated personal data or retry protected folders.	Reject a same-number report with a different mechanism.	The actual definition and source content become available.
		R256	unresolved	R256.definition-not-recovered		source-recovery	unknown		E0		UNSCREENED_SOURCE_GATE	DEFINITION_NOT_RECOVERED	Definition and source identity recovery, not runtime performance.	One bounded, authorized recovery attempt for the missing definition; then HOLD_SOURCE and continue. Do not recreate a plausible card from its number.	Search the supplied source register and explicitly authorized local export paths; do not scan unrelated personal data or retry protected folders.	Reject a same-number report with a different mechanism.	The actual definition and source content become available.
		R257	unresolved	R257.definition-not-recovered		source-recovery	unknown		E0		UNSCREENED_SOURCE_GATE	DEFINITION_NOT_RECOVERED	Definition and source identity recovery, not runtime performance.	One bounded, authorized recovery attempt for the missing definition; then HOLD_SOURCE and continue. Do not recreate a plausible card from its number.	Search the supplied source register and explicitly authorized local export paths; do not scan unrelated personal data or retry protected folders.	Reject a same-number report with a different mechanism.	The actual definition and source content become available.
		R258	unresolved	R258.definition-not-recovered		source-recovery	unknown		E0		UNSCREENED_SOURCE_GATE	DEFINITION_NOT_RECOVERED	Definition and source identity recovery, not runtime performance.	One bounded, authorized recovery attempt for the missing definition; then HOLD_SOURCE and continue. Do not recreate a plausible card from its number.	Search the supplied source register and explicitly authorized local export paths; do not scan unrelated personal data or retry protected folders.	Reject a same-number report with a different mechanism.	The actual definition and source content become available.
		R259	unresolved	R259.definition-not-recovered		source-recovery	unknown		E0		UNSCREENED_SOURCE_GATE	DEFINITION_NOT_RECOVERED	Definition and source identity recovery, not runtime performance.	One bounded, authorized recovery attempt for the missing definition; then HOLD_SOURCE and continue. Do not recreate a plausible card from its number.	Search the supplied source register and explicitly authorized local export paths; do not scan unrelated personal data or retry protected folders.	Reject a same-number report with a different mechanism.	The actual definition and source content become available.
		R260	unresolved	R260.definition-not-recovered		source-recovery	unknown		E0		UNSCREENED_SOURCE_GATE	DEFINITION_NOT_RECOVERED	Definition and source identity recovery, not runtime performance.	One bounded, authorized recovery attempt for the missing definition; then HOLD_SOURCE and continue. Do not recreate a plausible card from its number.	Search the supplied source register and explicitly authorized local export paths; do not scan unrelated personal data or retry protected folders.	Reject a same-number report with a different mechanism.	The actual definition and source content become available.
		R276	unresolved	R276.definition-not-recovered		source-recovery	unknown		E0		UNSCREENED_SOURCE_GATE	DEFINITION_NOT_RECOVERED	Definition and source identity recovery, not runtime performance.	One bounded, authorized recovery attempt for the missing definition; then HOLD_SOURCE and continue. Do not recreate a plausible card from its number.	Search the supplied source register and explicitly authorized local export paths; do not scan unrelated personal data or retry protected folders.	Reject a same-number report with a different mechanism.	The actual definition and source content become available.
		R277	unresolved	R277.definition-not-recovered		source-recovery	unknown		E0		UNSCREENED_SOURCE_GATE	DEFINITION_NOT_RECOVERED	Definition and source identity recovery, not runtime performance.	One bounded, authorized recovery attempt for the missing definition; then HOLD_SOURCE and continue. Do not recreate a plausible card from its number.	Search the supplied source register and explicitly authorized local export paths; do not scan unrelated personal data or retry protected folders.	Reject a same-number report with a different mechanism.	The actual definition and source content become available.
		R278	unresolved	R278.definition-not-recovered		source-recovery	unknown		E0		UNSCREENED_SOURCE_GATE	DEFINITION_NOT_RECOVERED	Definition and source identity recovery, not runtime performance.	One bounded, authorized recovery attempt for the missing definition; then HOLD_SOURCE and continue. Do not recreate a plausible card from its number.	Search the supplied source register and explicitly authorized local export paths; do not scan unrelated personal data or retry protected folders.	Reject a same-number report with a different mechanism.	The actual definition and source content become available.
		R279	unresolved	R279.definition-not-recovered		source-recovery	unknown		E0		UNSCREENED_SOURCE_GATE	DEFINITION_NOT_RECOVERED	Definition and source identity recovery, not runtime performance.	One bounded, authorized recovery attempt for the missing definition; then HOLD_SOURCE and continue. Do not recreate a plausible card from its number.	Search the supplied source register and explicitly authorized local export paths; do not scan unrelated personal data or retry protected folders.	Reject a same-number report with a different mechanism.	The actual definition and source content become available.
		R280	unresolved	R280.definition-not-recovered		source-recovery	unknown		E0		UNSCREENED_SOURCE_GATE	DEFINITION_NOT_RECOVERED	Definition and source identity recovery, not runtime performance.	One bounded, authorized recovery attempt for the missing definition; then HOLD_SOURCE and continue. Do not recreate a plausible card from its number.	Search the supplied source register and explicitly authorized local export paths; do not scan unrelated personal data or retry protected folders.	Reject a same-number report with a different mechanism.	The actual definition and source content become available.
		R281	unresolved	R281.definition-not-recovered		source-recovery	unknown		E0		UNSCREENED_SOURCE_GATE	DEFINITION_NOT_RECOVERED	Definition and source identity recovery, not runtime performance.	One bounded, authorized recovery attempt for the missing definition; then HOLD_SOURCE and continue. Do not recreate a plausible card from its number.	Search the supplied source register and explicitly authorized local export paths; do not scan unrelated personal data or retry protected folders.	Reject a same-number report with a different mechanism.	The actual definition and source content become available.
		R282	unresolved	R282.definition-not-recovered		source-recovery	unknown		E0		UNSCREENED_SOURCE_GATE	DEFINITION_NOT_RECOVERED	Definition and source identity recovery, not runtime performance.	One bounded, authorized recovery attempt for the missing definition; then HOLD_SOURCE and continue. Do not recreate a plausible card from its number.	Search the supplied source register and explicitly authorized local export paths; do not scan unrelated personal data or retry protected folders.	Reject a same-number report with a different mechanism.	The actual definition and source content become available.
		R283	unresolved	R283.definition-not-recovered		source-recovery	unknown		E0		UNSCREENED_SOURCE_GATE	DEFINITION_NOT_RECOVERED	Definition and source identity recovery, not runtime performance.	One bounded, authorized recovery attempt for the missing definition; then HOLD_SOURCE and continue. Do not recreate a plausible card from its number.	Search the supplied source register and explicitly authorized local export paths; do not scan unrelated personal data or retry protected folders.	Reject a same-number report with a different mechanism.	The actual definition and source content become available.
		R284	unresolved	R284.definition-not-recovered		source-recovery	unknown		E0		UNSCREENED_SOURCE_GATE	DEFINITION_NOT_RECOVERED	Definition and source identity recovery, not runtime performance.	One bounded, authorized recovery attempt for the missing definition; then HOLD_SOURCE and continue. Do not recreate a plausible card from its number.	Search the supplied source register and explicitly authorized local export paths; do not scan unrelated personal data or retry protected folders.	Reject a same-number report with a different mechanism.	The actual definition and source content become available.
		R285	unresolved	R285.definition-not-recovered		source-recovery	unknown		E0		UNSCREENED_SOURCE_GATE	DEFINITION_NOT_RECOVERED	Definition and source identity recovery, not runtime performance.	One bounded, authorized recovery attempt for the missing definition; then HOLD_SOURCE and continue. Do not recreate a plausible card from its number.	Search the supplied source register and explicitly authorized local export paths; do not scan unrelated personal data or retry protected folders.	Reject a same-number report with a different mechanism.	The actual definition and source content become available.
		R286	unresolved	R286.definition-not-recovered		source-recovery	unknown		E0		UNSCREENED_SOURCE_GATE	DEFINITION_NOT_RECOVERED	Definition and source identity recovery, not runtime performance.	One bounded, authorized recovery attempt for the missing definition; then HOLD_SOURCE and continue. Do not recreate a plausible card from its number.	Search the supplied source register and explicitly authorized local export paths; do not scan unrelated personal data or retry protected folders.	Reject a same-number report with a different mechanism.	The actual definition and source content become available.
		R287	unresolved	R287.definition-not-recovered		source-recovery	unknown		E0		UNSCREENED_SOURCE_GATE	DEFINITION_NOT_RECOVERED	Definition and source identity recovery, not runtime performance.	One bounded, authorized recovery attempt for the missing definition; then HOLD_SOURCE and continue. Do not recreate a plausible card from its number.	Search the supplied source register and explicitly authorized local export paths; do not scan unrelated personal data or retry protected folders.	Reject a same-number report with a different mechanism.	The actual definition and source content become available.
		R288	unresolved	R288.definition-not-recovered		source-recovery	unknown		E0		UNSCREENED_SOURCE_GATE	DEFINITION_NOT_RECOVERED	Definition and source identity recovery, not runtime performance.	One bounded, authorized recovery attempt for the missing definition; then HOLD_SOURCE and continue. Do not recreate a plausible card from its number.	Search the supplied source register and explicitly authorized local export paths; do not scan unrelated personal data or retry protected folders.	Reject a same-number report with a different mechanism.	The actual definition and source content become available.
