ffmpeg version 8.1.2 Copyright (c) 2000-2026 the FFmpeg developers
  built with Apple clang version 21.0.0 (clang-2100.0.123.102)
  configuration: --prefix=/opt/homebrew/Cellar/ffmpeg/8.1.2 --enable-shared --enable-pthreads --enable-version3 --cc=clang --host-cflags= --host-ldflags= --enable-ffplay --enable-gpl --enable-libsvtav1 --enable-libopus --enable-libx264 --enable-libmp3lame --enable-libdav1d --enable-libvmaf --enable-libvpx --enable-libx265 --enable-openssl --enable-videotoolbox --enable-audiotoolbox --enable-neon
  libavutil      60. 26.102 / 60. 26.102
  libavcodec     62. 28.102 / 62. 28.102
  libavformat    62. 12.102 / 62. 12.102
  libavdevice    62.  3.102 / 62.  3.102
  libavfilter    11. 14.102 / 11. 14.102
  libswscale      9.  5.102 /  9.  5.102
  libswresample   6.  3.102 /  6.  3.102
[libdav1d @ 0xa0cc3c380] libdav1d 1.5.3
Input #0, ivf, from 'research/shared/runs/20260919T232812Z-av1-sframe/mode0.ivf':
  Duration: 00:00:00.50, start: 0.000000, bitrate: 65 kb/s
  Stream #0:0: Video: av1 (libdav1d) (Main), 1 reference frame (AV01 / 0x31305641), yuv420p(tv), 160x96 [SAR 1:1 DAR 5:3], 24 tbr, 24 tbn
[out#0/null @ 0xa0d048300] No explicit maps, mapping streams automatically...
[vost#0:0/copy @ 0xa0d0d4000] Created video stream from input stream 0:0
[trace_headers @ 0xa0d018190] Extradata
[trace_headers @ 0xa0d018190] OBU header
[trace_headers @ 0xa0d018190] 0           obu_forbidden_bit                                           0 = 0
[trace_headers @ 0xa0d018190] 1           obu_type                                                 0001 = 1
[trace_headers @ 0xa0d018190] 5           obu_extension_flag                                          0 = 0
[trace_headers @ 0xa0d018190] 6           obu_has_size_field                                          1 = 1
[trace_headers @ 0xa0d018190] 7           obu_reserved_1bit                                           0 = 0
[trace_headers @ 0xa0d018190] 8           obu_size                                             00001010 = 10
[trace_headers @ 0xa0d018190] Sequence Header
[trace_headers @ 0xa0d018190] 16          seq_profile                                               000 = 0
[trace_headers @ 0xa0d018190] 19          still_picture                                               0 = 0
[trace_headers @ 0xa0d018190] 20          reduced_still_picture_header                                0 = 0
[trace_headers @ 0xa0d018190] 21          timing_info_present_flag                                    0 = 0
[trace_headers @ 0xa0d018190] 22          initial_display_delay_present_flag                          0 = 0
[trace_headers @ 0xa0d018190] 23          operating_points_cnt_minus_1                            00000 = 0
[trace_headers @ 0xa0d018190] 28          operating_point_idc[0]                           000000000000 = 0
[trace_headers @ 0xa0d018190] 40          seq_level_idx[0]                                        00000 = 0
[trace_headers @ 0xa0d018190] 45          frame_width_bits_minus_1                                 0111 = 7
[trace_headers @ 0xa0d018190] 49          frame_height_bits_minus_1                                0110 = 6
[trace_headers @ 0xa0d018190] 53          max_frame_width_minus_1                              10011111 = 159
[trace_headers @ 0xa0d018190] 61          max_frame_height_minus_1                              1011111 = 95
[trace_headers @ 0xa0d018190] 68          frame_id_numbers_present_flag                               0 = 0
[trace_headers @ 0xa0d018190] 69          use_128x128_superblock                                      0 = 0
[trace_headers @ 0xa0d018190] 70          enable_filter_intra                                         1 = 1
[trace_headers @ 0xa0d018190] 71          enable_intra_edge_filter                                    1 = 1
[trace_headers @ 0xa0d018190] 72          enable_interintra_compound                                  0 = 0
[trace_headers @ 0xa0d018190] 73          enable_masked_compound                                      1 = 1
[trace_headers @ 0xa0d018190] 74          enable_warped_motion                                        1 = 1
[trace_headers @ 0xa0d018190] 75          enable_dual_filter                                          0 = 0
[trace_headers @ 0xa0d018190] 76          enable_order_hint                                           0 = 0
[trace_headers @ 0xa0d018190] 77          seq_choose_screen_content_tools                             1 = 1
[trace_headers @ 0xa0d018190] 78          seq_choose_integer_mv                                       1 = 1
[trace_headers @ 0xa0d018190] 79          enable_superres                                             0 = 0
[trace_headers @ 0xa0d018190] 80          enable_cdef                                                 1 = 1
[trace_headers @ 0xa0d018190] 81          enable_restoration                                          1 = 1
[trace_headers @ 0xa0d018190] 82          high_bitdepth                                               0 = 0
[trace_headers @ 0xa0d018190] 83          mono_chrome                                                 0 = 0
[trace_headers @ 0xa0d018190] 84          color_description_present_flag                              0 = 0
[trace_headers @ 0xa0d018190] 85          color_range                                                 0 = 0
[trace_headers @ 0xa0d018190] 86          chroma_sample_position                                     00 = 0
[trace_headers @ 0xa0d018190] 88          separate_uv_delta_q                                         0 = 0
[trace_headers @ 0xa0d018190] 89          film_grain_params_present                                   0 = 0
[trace_headers @ 0xa0d018190] 90          trailing_one_bit                                            1 = 1
[trace_headers @ 0xa0d018190] 91          trailing_zero_bit                                           0 = 0
[trace_headers @ 0xa0d018190] 92          trailing_zero_bit                                           0 = 0
[trace_headers @ 0xa0d018190] 93          trailing_zero_bit                                           0 = 0
[trace_headers @ 0xa0d018190] 94          trailing_zero_bit                                           0 = 0
[trace_headers @ 0xa0d018190] 95          trailing_zero_bit                                           0 = 0
Stream mapping:
  Stream #0:0 -> #0:0 (copy)
Output #0, null, to 'pipe:':
  Metadata:
    encoder         : Lavf62.12.102
  Stream #0:0: Video: av1 (Main), 1 reference frame (AV01 / 0x31305641), yuv420p(tv), 160x96 [SAR 1:1 DAR 5:3], q=2-31, 24 tbr, 24 tbn
[out#0/null @ 0xa0d048300] Starting thread...
[in#0/ivf @ 0xa0cc10000] Starting thread...
Press [q] to stop, [?] for help
[trace_headers @ 0xa0d018190] Packet: 1955 bytes, key frame, pts 0, dts 0, duration 1.
[trace_headers @ 0xa0d018190] OBU header
[trace_headers @ 0xa0d018190] 0           obu_forbidden_bit                                           0 = 0
[trace_headers @ 0xa0d018190] 1           obu_type                                                 0010 = 2
[trace_headers @ 0xa0d018190] 5           obu_extension_flag                                          0 = 0
[trace_headers @ 0xa0d018190] 6           obu_has_size_field                                          1 = 1
[trace_headers @ 0xa0d018190] 7           obu_reserved_1bit                                           0 = 0
[trace_headers @ 0xa0d018190] 8           obu_size                                             00000000 = 0
[trace_headers @ 0xa0d018190] Temporal Delimiter
[trace_headers @ 0xa0d018190] OBU header
[trace_headers @ 0xa0d018190] 0           obu_forbidden_bit                                           0 = 0
[trace_headers @ 0xa0d018190] 1           obu_type                                                 0001 = 1
[trace_headers @ 0xa0d018190] 5           obu_extension_flag                                          0 = 0
[trace_headers @ 0xa0d018190] 6           obu_has_size_field                                          1 = 1
[trace_headers @ 0xa0d018190] 7           obu_reserved_1bit                                           0 = 0
[trace_headers @ 0xa0d018190] 8           obu_size                                             00001010 = 10
[trace_headers @ 0xa0d018190] Sequence Header
[trace_headers @ 0xa0d018190] 16          seq_profile                                               000 = 0
[trace_headers @ 0xa0d018190] 19          still_picture                                               0 = 0
[trace_headers @ 0xa0d018190] 20          reduced_still_picture_header                                0 = 0
[trace_headers @ 0xa0d018190] 21          timing_info_present_flag                                    0 = 0
[trace_headers @ 0xa0d018190] 22          initial_display_delay_present_flag                          0 = 0
[trace_headers @ 0xa0d018190] 23          operating_points_cnt_minus_1                            00000 = 0
[trace_headers @ 0xa0d018190] 28          operating_point_idc[0]                           000000000000 = 0
[trace_headers @ 0xa0d018190] 40          seq_level_idx[0]                                        00000 = 0
[trace_headers @ 0xa0d018190] 45          frame_width_bits_minus_1                                 0111 = 7
[trace_headers @ 0xa0d018190] 49          frame_height_bits_minus_1                                0110 = 6
[trace_headers @ 0xa0d018190] 53          max_frame_width_minus_1                              10011111 = 159
[trace_headers @ 0xa0d018190] 61          max_frame_height_minus_1                              1011111 = 95
[trace_headers @ 0xa0d018190] 68          frame_id_numbers_present_flag                               0 = 0
[trace_headers @ 0xa0d018190] 69          use_128x128_superblock                                      0 = 0
[trace_headers @ 0xa0d018190] 70          enable_filter_intra                                         1 = 1
[trace_headers @ 0xa0d018190] 71          enable_intra_edge_filter                                    1 = 1
[trace_headers @ 0xa0d018190] 72          enable_interintra_compound                                  0 = 0
[trace_headers @ 0xa0d018190] 73          enable_masked_compound                                      1 = 1
[trace_headers @ 0xa0d018190] 74          enable_warped_motion                                        1 = 1
[trace_headers @ 0xa0d018190] 75          enable_dual_filter                                          0 = 0
[trace_headers @ 0xa0d018190] 76          enable_order_hint                                           0 = 0
[trace_headers @ 0xa0d018190] 77          seq_choose_screen_content_tools                             1 = 1
[trace_headers @ 0xa0d018190] 78          seq_choose_integer_mv                                       1 = 1
[trace_headers @ 0xa0d018190] 79          enable_superres                                             0 = 0
[trace_headers @ 0xa0d018190] 80          enable_cdef                                                 1 = 1
[trace_headers @ 0xa0d018190] 81          enable_restoration                                          1 = 1
[trace_headers @ 0xa0d018190] 82          high_bitdepth                                               0 = 0
[trace_headers @ 0xa0d018190] 83          mono_chrome                                                 0 = 0
[trace_headers @ 0xa0d018190] 84          color_description_present_flag                              0 = 0
[trace_headers @ 0xa0d018190] 85          color_range                                                 0 = 0
[trace_headers @ 0xa0d018190] 86          chroma_sample_position                                     00 = 0
[trace_headers @ 0xa0d018190] 88          separate_uv_delta_q                                         0 = 0
[trace_headers @ 0xa0d018190] 89          film_grain_params_present                                   0 = 0
[trace_headers @ 0xa0d018190] 90          trailing_one_bit                                            1 = 1
[trace_headers @ 0xa0d018190] 91          trailing_zero_bit                                           0 = 0
[trace_headers @ 0xa0d018190] 92          trailing_zero_bit                                           0 = 0
[trace_headers @ 0xa0d018190] 93          trailing_zero_bit                                           0 = 0
[trace_headers @ 0xa0d018190] 94          trailing_zero_bit                                           0 = 0
[trace_headers @ 0xa0d018190] 95          trailing_zero_bit                                           0 = 0
[trace_headers @ 0xa0d018190] OBU header
[trace_headers @ 0xa0d018190] 0           obu_forbidden_bit                                           0 = 0
[trace_headers @ 0xa0d018190] 1           obu_type                                                 0110 = 6
[trace_headers @ 0xa0d018190] 5           obu_extension_flag                                          0 = 0
[trace_headers @ 0xa0d018190] 6           obu_has_size_field                                          1 = 1
[trace_headers @ 0xa0d018190] 7           obu_reserved_1bit                                           0 = 0
[trace_headers @ 0xa0d018190] 8           obu_size                                     1001001000001111 = 1938
[trace_headers @ 0xa0d018190] Frame Header
[trace_headers @ 0xa0d018190] 24          show_existing_frame                                         0 = 0
[trace_headers @ 0xa0d018190] 25          frame_type                                                 00 = 0
[trace_headers @ 0xa0d018190] 27          show_frame                                                  1 = 1
[trace_headers @ 0xa0d018190] 28          disable_cdf_update                                          0 = 0
[trace_headers @ 0xa0d018190] 29          allow_screen_content_tools                                  1 = 1
[trace_headers @ 0xa0d018190] 30          force_integer_mv                                            0 = 0
[trace_headers @ 0xa0d018190] 31          frame_size_override_flag                                    0 = 0
[trace_headers @ 0xa0d018190] 32          render_and_frame_size_different                             0 = 0
[trace_headers @ 0xa0d018190] 33          allow_intrabc                                               0 = 0
[trace_headers @ 0xa0d018190] 34          disable_frame_end_update_cdf                                0 = 0
[trace_headers @ 0xa0d018190] 35          uniform_tile_spacing_flag                                   1 = 1
[trace_headers @ 0xa0d018190] 36          tile_cols_log2                                              0 = 0
[trace_headers @ 0xa0d018190] 37          tile_rows_log2                                              0 = 0
[trace_headers @ 0xa0d018190] 38          base_q_idx                                           00001000 = 8
[trace_headers @ 0xa0d018190] 46          delta_q_y_dc.delta_coded                                    0 = 0
[trace_headers @ 0xa0d018190] 47          delta_q_u_dc.delta_coded                                    0 = 0
[trace_headers @ 0xa0d018190] 48          delta_q_u_ac.delta_coded                                    0 = 0
[trace_headers @ 0xa0d018190] 49          using_qmatrix                                               0 = 0
[trace_headers @ 0xa0d018190] 50          segmentation_enabled                                        0 = 0
[trace_headers @ 0xa0d018190] 51          delta_q_present                                             0 = 0
[trace_headers @ 0xa0d018190] 52          loop_filter_level[0]                                   000000 = 0
[trace_headers @ 0xa0d018190] 58          loop_filter_level[1]                                   000000 = 0
[trace_headers @ 0xa0d018190] 64          loop_filter_sharpness                                     000 = 0
[trace_headers @ 0xa0d018190] 67          loop_filter_delta_enabled                                   1 = 1
[trace_headers @ 0xa0d018190] 68          loop_filter_delta_update                                    0 = 0
[trace_headers @ 0xa0d018190] 69          cdef_damping_minus_3                                       00 = 0
[trace_headers @ 0xa0d018190] 71          cdef_bits                                                  01 = 1
[trace_headers @ 0xa0d018190] 73          cdef_y_pri_strength[0]                                   0000 = 0
[trace_headers @ 0xa0d018190] 77          cdef_y_sec_strength[0]                                     00 = 0
[trace_headers @ 0xa0d018190] 79          cdef_uv_pri_strength[0]                                  0000 = 0
[trace_headers @ 0xa0d018190] 83          cdef_uv_sec_strength[0]                                    10 = 2
[trace_headers @ 0xa0d018190] 85          cdef_y_pri_strength[1]                                   0000 = 0
[trace_headers @ 0xa0d018190] 89          cdef_y_sec_strength[1]                                     10 = 2
[trace_headers @ 0xa0d018190] 91          cdef_uv_pri_strength[1]                                  0000 = 0
[trace_headers @ 0xa0d018190] 95          cdef_uv_sec_strength[1]                                    10 = 2
[trace_headers @ 0xa0d018190] 97          lr_type[0]                                                 00 = 0
[trace_headers @ 0xa0d018190] 99          lr_type[1]                                                 00 = 0
[trace_headers @ 0xa0d018190] 101         lr_type[2]                                                 00 = 0
[trace_headers @ 0xa0d018190] 103         tx_mode                                                     1 = 2
[trace_headers @ 0xa0d018190] 104         reduced_tx_set                                              0 = 0
[trace_headers @ 0xa0d018190] 105         zero_bit                                                    0 = 0
[trace_headers @ 0xa0d018190] 106         zero_bit                                                    0 = 0
[trace_headers @ 0xa0d018190] 107         zero_bit                                                    0 = 0
[trace_headers @ 0xa0d018190] 108         zero_bit                                                    0 = 0
[trace_headers @ 0xa0d018190] 109         zero_bit                                                    0 = 0
[trace_headers @ 0xa0d018190] 110         zero_bit                                                    0 = 0
[trace_headers @ 0xa0d018190] 111         zero_bit                                                    0 = 0
[trace_headers @ 0xa0d018190] Tile Group
[trace_headers @ 0xa0d018190] Packet: 454 bytes, pts 1, dts 1, duration 1.
[trace_headers @ 0xa0d018190] OBU header
[trace_headers @ 0xa0d018190] 0           obu_forbidden_bit                                           0 = 0
[trace_headers @ 0xa0d018190] 1           obu_type                                                 0010 = 2
[trace_headers @ 0xa0d018190] 5           obu_extension_flag                                          0 = 0
[trace_headers @ 0xa0d018190] 6           obu_has_size_field                                          1 = 1
[trace_headers @ 0xa0d018190] 7           obu_reserved_1bit                                           0 = 0
[trace_headers @ 0xa0d018190] 8           obu_size                                             00000000 = 0
[trace_headers @ 0xa0d018190] Temporal Delimiter
[trace_headers @ 0xa0d018190] OBU header
[trace_headers @ 0xa0d018190] 0           obu_forbidden_bit                                           0 = 0
[trace_headers @ 0xa0d018190] 1           obu_type                                                 0110 = 6
[trace_headers @ 0xa0d018190] 5           obu_extension_flag                                          0 = 0
[trace_headers @ 0xa0d018190] 6           obu_has_size_field                                          1 = 1
[trace_headers @ 0xa0d018190] 7           obu_reserved_1bit                                           0 = 0
[trace_headers @ 0xa0d018190] 8           obu_size                                     1100000100000011 = 449
[trace_headers @ 0xa0d018190] Frame Header
[trace_headers @ 0xa0d018190] 24          show_existing_frame                                         0 = 0
[trace_headers @ 0xa0d018190] 25          frame_type                                                 01 = 1
[trace_headers @ 0xa0d018190] 27          show_frame                                                  1 = 1
[trace_headers @ 0xa0d018190] 28          error_resilient_mode                                        0 = 0
[trace_headers @ 0xa0d018190] 29          disable_cdf_update                                          0 = 0
[trace_headers @ 0xa0d018190] 30          allow_screen_content_tools                                  1 = 1
[trace_headers @ 0xa0d018190] 31          force_integer_mv                                            0 = 0
[trace_headers @ 0xa0d018190] 32          frame_size_override_flag                                    0 = 0
[trace_headers @ 0xa0d018190] 33          primary_ref_frame                                         111 = 7
[trace_headers @ 0xa0d018190] 36          refresh_frame_flags                                  00000010 = 2
[trace_headers @ 0xa0d018190] 44          ref_frame_idx[0]                                          000 = 0
[trace_headers @ 0xa0d018190] 47          ref_frame_idx[1]                                          000 = 0
[trace_headers @ 0xa0d018190] 50          ref_frame_idx[2]                                          000 = 0
[trace_headers @ 0xa0d018190] 53          ref_frame_idx[3]                                          000 = 0
[trace_headers @ 0xa0d018190] 56          ref_frame_idx[4]                                          000 = 0
[trace_headers @ 0xa0d018190] 59          ref_frame_idx[5]                                          000 = 0
[trace_headers @ 0xa0d018190] 62          ref_frame_idx[6]                                          000 = 0
[trace_headers @ 0xa0d018190] 65          render_and_frame_size_different                             0 = 0
[trace_headers @ 0xa0d018190] 66          allow_high_precision_mv                                     1 = 1
[trace_headers @ 0xa0d018190] 67          is_filter_switchable                                        0 = 0
[trace_headers @ 0xa0d018190] 68          interpolation_filter                                       00 = 0
[trace_headers @ 0xa0d018190] 70          is_motion_mode_switchable                                   1 = 1
[trace_headers @ 0xa0d018190] 71          disable_frame_end_update_cdf                                0 = 0
[trace_headers @ 0xa0d018190] 72          uniform_tile_spacing_flag                                   1 = 1
[trace_headers @ 0xa0d018190] 73          tile_cols_log2                                              0 = 0
[trace_headers @ 0xa0d018190] 74          tile_rows_log2                                              0 = 0
[trace_headers @ 0xa0d018190] 75          base_q_idx                                           01100000 = 96
[trace_headers @ 0xa0d018190] 83          delta_q_y_dc.delta_coded                                    0 = 0
[trace_headers @ 0xa0d018190] 84          delta_q_u_dc.delta_coded                                    0 = 0
[trace_headers @ 0xa0d018190] 85          delta_q_u_ac.delta_coded                                    0 = 0
[trace_headers @ 0xa0d018190] 86          using_qmatrix                                               0 = 0
[trace_headers @ 0xa0d018190] 87          segmentation_enabled                                        0 = 0
[trace_headers @ 0xa0d018190] 88          delta_q_present                                             0 = 0
[trace_headers @ 0xa0d018190] 89          loop_filter_level[0]                                   000000 = 0
[trace_headers @ 0xa0d018190] 95          loop_filter_level[1]                                   000000 = 0
[trace_headers @ 0xa0d018190] 101         loop_filter_sharpness                                     000 = 0
[trace_headers @ 0xa0d018190] 104         loop_filter_delta_enabled                                   1 = 1
[trace_headers @ 0xa0d018190] 105         loop_filter_delta_update                                    0 = 0
[trace_headers @ 0xa0d018190] 106         cdef_damping_minus_3                                       01 = 1
[trace_headers @ 0xa0d018190] 108         cdef_bits                                                  00 = 0
[trace_headers @ 0xa0d018190] 110         cdef_y_pri_strength[0]                                   0000 = 0
[trace_headers @ 0xa0d018190] 114         cdef_y_sec_strength[0]                                     10 = 2
[trace_headers @ 0xa0d018190] 116         cdef_uv_pri_strength[0]                                  1011 = 11
[trace_headers @ 0xa0d018190] 120         cdef_uv_sec_strength[0]                                    10 = 2
[trace_headers @ 0xa0d018190] 122         lr_type[0]                                                 00 = 0
[trace_headers @ 0xa0d018190] 124         lr_type[1]                                                 00 = 0
[trace_headers @ 0xa0d018190] 126         lr_type[2]                                                 00 = 0
[trace_headers @ 0xa0d018190] 128         tx_mode                                                     1 = 2
[trace_headers @ 0xa0d018190] 129         reference_select                                            0 = 0
[trace_headers @ 0xa0d018190] 130         allow_warped_motion                                         1 = 1
[trace_headers @ 0xa0d018190] 131         reduced_tx_set                                              0 = 0
[trace_headers @ 0xa0d018190] 132         is_global[1]                                                0 = 0
[trace_headers @ 0xa0d018190] 133         is_global[2]                                                0 = 0
[trace_headers @ 0xa0d018190] 134         is_global[3]                                                0 = 0
[trace_headers @ 0xa0d018190] 135         is_global[4]                                                0 = 0
[trace_headers @ 0xa0d018190] 136         is_global[5]                                                0 = 0
[trace_headers @ 0xa0d018190] 137         is_global[6]                                                0 = 0
[trace_headers @ 0xa0d018190] 138         is_global[7]                                                0 = 0
[trace_headers @ 0xa0d018190] 139         zero_bit                                                    0 = 0
[trace_headers @ 0xa0d018190] 140         zero_bit                                                    0 = 0
[trace_headers @ 0xa0d018190] 141         zero_bit                                                    0 = 0
[trace_headers @ 0xa0d018190] 142         zero_bit                                                    0 = 0
[trace_headers @ 0xa0d018190] 143         zero_bit                                                    0 = 0
[trace_headers @ 0xa0d018190] Tile Group
[trace_headers @ 0xa0d018190] Packet: 495 bytes, pts 2, dts 2, duration 1.
[trace_headers @ 0xa0d018190] OBU header
[trace_headers @ 0xa0d018190] 0           obu_forbidden_bit                                           0 = 0
[trace_headers @ 0xa0d018190] 1           obu_type                                                 0010 = 2
[trace_headers @ 0xa0d018190] 5           obu_extension_flag                                          0 = 0
[trace_headers @ 0xa0d018190] 6           obu_has_size_field                                          1 = 1
[trace_headers @ 0xa0d018190] 7           obu_reserved_1bit                                           0 = 0
[trace_headers @ 0xa0d018190] 8           obu_size                                             00000000 = 0
[trace_headers @ 0xa0d018190] Temporal Delimiter
[trace_headers @ 0xa0d018190] OBU header
[trace_headers @ 0xa0d018190] 0           obu_forbidden_bit                                           0 = 0
[trace_headers @ 0xa0d018190] 1           obu_type                                                 0110 = 6
[trace_headers @ 0xa0d018190] 5           obu_extension_flag                                          0 = 0
[trace_headers @ 0xa0d018190] 6           obu_has_size_field                                          1 = 1
[trace_headers @ 0xa0d018190] 7           obu_reserved_1bit                                           0 = 0
[trace_headers @ 0xa0d018190] 8           obu_size                                     1110101000000011 = 490
[trace_headers @ 0xa0d018190] Frame Header
[trace_headers @ 0xa0d018190] 24          show_existing_frame                                         0 = 0
[trace_headers @ 0xa0d018190] 25          frame_type                                                 01 = 1
[trace_headers @ 0xa0d018190] 27          show_frame                                                  1 = 1
[trace_headers @ 0xa0d018190] 28          error_resilient_mode                                        0 = 0
[trace_headers @ 0xa0d018190] 29          disable_cdf_update                                          0 = 0
[trace_headers @ 0xa0d018190] 30          allow_screen_content_tools                                  1 = 1
[trace_headers @ 0xa0d018190] 31          force_integer_mv                                            0 = 0
[trace_headers @ 0xa0d018190] 32          frame_size_override_flag                                    0 = 0
[trace_headers @ 0xa0d018190] 33          primary_ref_frame                                         000 = 0
[trace_headers @ 0xa0d018190] 36          refresh_frame_flags                                  00000100 = 4
[trace_headers @ 0xa0d018190] 44          ref_frame_idx[0]                                          001 = 1
[trace_headers @ 0xa0d018190] 47          ref_frame_idx[1]                                          000 = 0
[trace_headers @ 0xa0d018190] 50          ref_frame_idx[2]                                          000 = 0
[trace_headers @ 0xa0d018190] 53          ref_frame_idx[3]                                          000 = 0
[trace_headers @ 0xa0d018190] 56          ref_frame_idx[4]                                          000 = 0
[trace_headers @ 0xa0d018190] 59          ref_frame_idx[5]                                          000 = 0
[trace_headers @ 0xa0d018190] 62          ref_frame_idx[6]                                          000 = 0
[trace_headers @ 0xa0d018190] 65          render_and_frame_size_different                             0 = 0
[trace_headers @ 0xa0d018190] 66          allow_high_precision_mv                                     1 = 1
[trace_headers @ 0xa0d018190] 67          is_filter_switchable                                        0 = 0
[trace_headers @ 0xa0d018190] 68          interpolation_filter                                       00 = 0
[trace_headers @ 0xa0d018190] 70          is_motion_mode_switchable                                   1 = 1
[trace_headers @ 0xa0d018190] 71          disable_frame_end_update_cdf                                0 = 0
[trace_headers @ 0xa0d018190] 72          uniform_tile_spacing_flag                                   1 = 1
[trace_headers @ 0xa0d018190] 73          tile_cols_log2                                              0 = 0
[trace_headers @ 0xa0d018190] 74          tile_rows_log2                                              0 = 0
[trace_headers @ 0xa0d018190] 75          base_q_idx                                           01100000 = 96
[trace_headers @ 0xa0d018190] 83          delta_q_y_dc.delta_coded                                    0 = 0
[trace_headers @ 0xa0d018190] 84          delta_q_u_dc.delta_coded                                    0 = 0
[trace_headers @ 0xa0d018190] 85          delta_q_u_ac.delta_coded                                    0 = 0
[trace_headers @ 0xa0d018190] 86          using_qmatrix                                               0 = 0
[trace_headers @ 0xa0d018190] 87          segmentation_enabled                                        0 = 0
[trace_headers @ 0xa0d018190] 88          delta_q_present                                             0 = 0
[trace_headers @ 0xa0d018190] 89          loop_filter_level[0]                                   000100 = 4
[trace_headers @ 0xa0d018190] 95          loop_filter_level[1]                                   000100 = 4
[trace_headers @ 0xa0d018190] 101         loop_filter_level[2]                                   001000 = 8
[trace_headers @ 0xa0d018190] 107         loop_filter_level[3]                                   001001 = 9
[trace_headers @ 0xa0d018190] 113         loop_filter_sharpness                                     000 = 0
[trace_headers @ 0xa0d018190] 116         loop_filter_delta_enabled                                   1 = 1
[trace_headers @ 0xa0d018190] 117         loop_filter_delta_update                                    0 = 0
[trace_headers @ 0xa0d018190] 118         cdef_damping_minus_3                                       01 = 1
[trace_headers @ 0xa0d018190] 120         cdef_bits                                                  01 = 1
[trace_headers @ 0xa0d018190] 122         cdef_y_pri_strength[0]                                   0000 = 0
[trace_headers @ 0xa0d018190] 126         cdef_y_sec_strength[0]                                     10 = 2
[trace_headers @ 0xa0d018190] 128         cdef_uv_pri_strength[0]                                  1011 = 11
[trace_headers @ 0xa0d018190] 132         cdef_uv_sec_strength[0]                                    10 = 2
[trace_headers @ 0xa0d018190] 134         cdef_y_pri_strength[1]                                   1011 = 11
[trace_headers @ 0xa0d018190] 138         cdef_y_sec_strength[1]                                     10 = 2
[trace_headers @ 0xa0d018190] 140         cdef_uv_pri_strength[1]                                  1011 = 11
[trace_headers @ 0xa0d018190] 144         cdef_uv_sec_strength[1]                                    10 = 2
[trace_headers @ 0xa0d018190] 146         lr_type[0]                                                 00 = 0
[trace_headers @ 0xa0d018190] 148         lr_type[1]                                                 00 = 0
[trace_headers @ 0xa0d018190] 150         lr_type[2]                                                 00 = 0
[trace_headers @ 0xa0d018190] 152         tx_mode                                                     1 = 2
[trace_headers @ 0xa0d018190] 153         reference_select                                            0 = 0
[trace_headers @ 0xa0d018190] 154         allow_warped_motion                                         1 = 1
[trace_headers @ 0xa0d018190] 155         reduced_tx_set                                              0 = 0
[trace_headers @ 0xa0d018190] 156         is_global[1]                                                0 = 0
[trace_headers @ 0xa0d018190] 157         is_global[2]                                                0 = 0
[trace_headers @ 0xa0d018190] 158         is_global[3]                                                0 = 0
[trace_headers @ 0xa0d018190] 159         is_global[4]                                                0 = 0
[trace_headers @ 0xa0d018190] 160         is_global[5]                                                0 = 0
[trace_headers @ 0xa0d018190] 161         is_global[6]                                                0 = 0
[trace_headers @ 0xa0d018190] 162         is_global[7]                                                0 = 0
[trace_headers @ 0xa0d018190] 163         zero_bit                                                    0 = 0
[trace_headers @ 0xa0d018190] 164         zero_bit                                                    0 = 0
[trace_headers @ 0xa0d018190] 165         zero_bit                                                    0 = 0
[trace_headers @ 0xa0d018190] 166         zero_bit                                                    0 = 0
[trace_headers @ 0xa0d018190] 167         zero_bit                                                    0 = 0
[trace_headers @ 0xa0d018190] Tile Group
[trace_headers @ 0xa0d018190] Packet: 29 bytes, pts 3, dts 3, duration 1.
[trace_headers @ 0xa0d018190] OBU header
[trace_headers @ 0xa0d018190] 0           obu_forbidden_bit                                           0 = 0
[trace_headers @ 0xa0d018190] 1           obu_type                                                 0010 = 2
[trace_headers @ 0xa0d018190] 5           obu_extension_flag                                          0 = 0
[trace_headers @ 0xa0d018190] 6           obu_has_size_field                                          1 = 1
[trace_headers @ 0xa0d018190] 7           obu_reserved_1bit                                           0 = 0
[trace_headers @ 0xa0d018190] 8           obu_size                                             00000000 = 0
[trace_headers @ 0xa0d018190] Temporal Delimiter
[trace_headers @ 0xa0d018190] OBU header
[trace_headers @ 0xa0d018190] 0           obu_forbidden_bit                                           0 = 0
[trace_headers @ 0xa0d018190] 1           obu_type                                                 0110 = 6
[trace_headers @ 0xa0d018190] 5           obu_extension_flag                                          0 = 0
[trace_headers @ 0xa0d018190] 6           obu_has_size_field                                          1 = 1
[trace_headers @ 0xa0d018190] 7           obu_reserved_1bit                                           0 = 0
[trace_headers @ 0xa0d018190] 8           obu_size                                             00011001 = 25
[trace_headers @ 0xa0d018190] Frame Header
[trace_headers @ 0xa0d018190] 16          show_existing_frame                                         0 = 0
[trace_headers @ 0xa0d018190] 17          frame_type                                                 01 = 1
[trace_headers @ 0xa0d018190] 19          show_frame                                                  1 = 1
[trace_headers @ 0xa0d018190] 20          error_resilient_mode                                        0 = 0
[trace_headers @ 0xa0d018190] 21          disable_cdf_update                                          0 = 0
[trace_headers @ 0xa0d018190] 22          allow_screen_content_tools                                  1 = 1
[trace_headers @ 0xa0d018190] 23          force_integer_mv                                            0 = 0
[trace_headers @ 0xa0d018190] 24          frame_size_override_flag                                    0 = 0
[trace_headers @ 0xa0d018190] 25          primary_ref_frame                                         000 = 0
[trace_headers @ 0xa0d018190] 28          refresh_frame_flags                                  00001000 = 8
[trace_headers @ 0xa0d018190] 36          ref_frame_idx[0]                                          010 = 2
[trace_headers @ 0xa0d018190] 39          ref_frame_idx[1]                                          001 = 1
[trace_headers @ 0xa0d018190] 42          ref_frame_idx[2]                                          000 = 0
[trace_headers @ 0xa0d018190] 45          ref_frame_idx[3]                                          000 = 0
[trace_headers @ 0xa0d018190] 48          ref_frame_idx[4]                                          000 = 0
[trace_headers @ 0xa0d018190] 51          ref_frame_idx[5]                                          000 = 0
[trace_headers @ 0xa0d018190] 54          ref_frame_idx[6]                                          000 = 0
[trace_headers @ 0xa0d018190] 57          render_and_frame_size_different                             0 = 0
[trace_headers @ 0xa0d018190] 58          allow_high_precision_mv                                     1 = 1
[trace_headers @ 0xa0d018190] 59          is_filter_switchable                                        0 = 0
[trace_headers @ 0xa0d018190] 60          interpolation_filter                                       00 = 0
[trace_headers @ 0xa0d018190] 62          is_motion_mode_switchable                                   1 = 1
[trace_headers @ 0xa0d018190] 63          disable_frame_end_update_cdf                                0 = 0
[trace_headers @ 0xa0d018190] 64          uniform_tile_spacing_flag                                   1 = 1
[trace_headers @ 0xa0d018190] 65          tile_cols_log2                                              0 = 0
[trace_headers @ 0xa0d018190] 66          tile_rows_log2                                              0 = 0
[trace_headers @ 0xa0d018190] 67          base_q_idx                                           01100000 = 96
[trace_headers @ 0xa0d018190] 75          delta_q_y_dc.delta_coded                                    0 = 0
[trace_headers @ 0xa0d018190] 76          delta_q_u_dc.delta_coded                                    0 = 0
[trace_headers @ 0xa0d018190] 77          delta_q_u_ac.delta_coded                                    0 = 0
[trace_headers @ 0xa0d018190] 78          using_qmatrix                                               0 = 0
[trace_headers @ 0xa0d018190] 79          segmentation_enabled                                        0 = 0
[trace_headers @ 0xa0d018190] 80          delta_q_present                                             0 = 0
[trace_headers @ 0xa0d018190] 81          loop_filter_level[0]                                   000000 = 0
[trace_headers @ 0xa0d018190] 87          loop_filter_level[1]                                   000000 = 0
[trace_headers @ 0xa0d018190] 93          loop_filter_sharpness                                     000 = 0
[trace_headers @ 0xa0d018190] 96          loop_filter_delta_enabled                                   1 = 1
[trace_headers @ 0xa0d018190] 97          loop_filter_delta_update                                    0 = 0
[trace_headers @ 0xa0d018190] 98          cdef_damping_minus_3                                       01 = 1
[trace_headers @ 0xa0d018190] 100         cdef_bits                                                  00 = 0
[trace_headers @ 0xa0d018190] 102         cdef_y_pri_strength[0]                                   0000 = 0
[trace_headers @ 0xa0d018190] 106         cdef_y_sec_strength[0]                                     00 = 0
[trace_headers @ 0xa0d018190] 108         cdef_uv_pri_strength[0]                                  0000 = 0
[trace_headers @ 0xa0d018190] 112         cdef_uv_sec_strength[0]                                    00 = 0
[trace_headers @ 0xa0d018190] 114         lr_type[0]                                                 00 = 0
[trace_headers @ 0xa0d018190] 116         lr_type[1]                                                 00 = 0
[trace_headers @ 0xa0d018190] 118         lr_type[2]                                                 00 = 0
[trace_headers @ 0xa0d018190] 120         tx_mode                                                     0 = 1
[trace_headers @ 0xa0d018190] 121         reference_select                                            0 = 0
[trace_headers @ 0xa0d018190] 122         allow_warped_motion                                         1 = 1
[trace_headers @ 0xa0d018190] 123         reduced_tx_set                                              0 = 0
[trace_headers @ 0xa0d018190] 124         is_global[1]                                                0 = 0
[trace_headers @ 0xa0d018190] 125         is_global[2]                                                0 = 0
[trace_headers @ 0xa0d018190] 126         is_global[3]                                                0 = 0
[trace_headers @ 0xa0d018190] 127         is_global[4]                                                0 = 0
[trace_headers @ 0xa0d018190] 128         is_global[5]                                                0 = 0
[trace_headers @ 0xa0d018190] 129         is_global[6]                                                0 = 0
[trace_headers @ 0xa0d018190] 130         is_global[7]                                                0 = 0
[trace_headers @ 0xa0d018190] 131         zero_bit                                                    0 = 0
[trace_headers @ 0xa0d018190] 132         zero_bit                                                    0 = 0
[trace_headers @ 0xa0d018190] 133         zero_bit                                                    0 = 0
[trace_headers @ 0xa0d018190] 134         zero_bit                                                    0 = 0
[trace_headers @ 0xa0d018190] 135         zero_bit                                                    0 = 0
[trace_headers @ 0xa0d018190] Tile Group
[trace_headers @ 0xa0d018190] Packet: 28 bytes, pts 4, dts 4, duration 1.
[trace_headers @ 0xa0d018190] OBU header
[trace_headers @ 0xa0d018190] 0           obu_forbidden_bit                                           0 = 0
[trace_headers @ 0xa0d018190] 1           obu_type                                                 0010 = 2
[trace_headers @ 0xa0d018190] 5           obu_extension_flag                                          0 = 0
[trace_headers @ 0xa0d018190] 6           obu_has_size_field                                          1 = 1
[trace_headers @ 0xa0d018190] 7           obu_reserved_1bit                                           0 = 0
[trace_headers @ 0xa0d018190] 8           obu_size                                             00000000 = 0
[trace_headers @ 0xa0d018190] Temporal Delimiter
[trace_headers @ 0xa0d018190] OBU header
[trace_headers @ 0xa0d018190] 0           obu_forbidden_bit                                           0 = 0
[trace_headers @ 0xa0d018190] 1           obu_type                                                 0110 = 6
[trace_headers @ 0xa0d018190] 5           obu_extension_flag                                          0 = 0
[trace_headers @ 0xa0d018190] 6           obu_has_size_field                                          1 = 1
[trace_headers @ 0xa0d018190] 7           obu_reserved_1bit                                           0 = 0
[trace_headers @ 0xa0d018190] 8           obu_size                                             00011000 = 24
[trace_headers @ 0xa0d018190] Frame Header
[trace_headers @ 0xa0d018190] 16          show_existing_frame                                         0 = 0
[trace_headers @ 0xa0d018190] 17          frame_type                                                 01 = 1
[trace_headers @ 0xa0d018190] 19          show_frame                                                  1 = 1
[trace_headers @ 0xa0d018190] 20          error_resilient_mode                                        0 = 0
[trace_headers @ 0xa0d018190] 21          disable_cdf_update                                          0 = 0
[trace_headers @ 0xa0d018190] 22          allow_screen_content_tools                                  1 = 1
[trace_headers @ 0xa0d018190] 23          force_integer_mv                                            0 = 0
[trace_headers @ 0xa0d018190] 24          frame_size_override_flag                                    0 = 0
[trace_headers @ 0xa0d018190] 25          primary_ref_frame                                         000 = 0
[trace_headers @ 0xa0d018190] 28          refresh_frame_flags                                  00010000 = 16
[trace_headers @ 0xa0d018190] 36          ref_frame_idx[0]                                          011 = 3
[trace_headers @ 0xa0d018190] 39          ref_frame_idx[1]                                          010 = 2
[trace_headers @ 0xa0d018190] 42          ref_frame_idx[2]                                          001 = 1
[trace_headers @ 0xa0d018190] 45          ref_frame_idx[3]                                          000 = 0
[trace_headers @ 0xa0d018190] 48          ref_frame_idx[4]                                          000 = 0
[trace_headers @ 0xa0d018190] 51          ref_frame_idx[5]                                          000 = 0
[trace_headers @ 0xa0d018190] 54          ref_frame_idx[6]                                          000 = 0
[trace_headers @ 0xa0d018190] 57          render_and_frame_size_different                             0 = 0
[trace_headers @ 0xa0d018190] 58          allow_high_precision_mv                                     1 = 1
[trace_headers @ 0xa0d018190] 59          is_filter_switchable                                        0 = 0
[trace_headers @ 0xa0d018190] 60          interpolation_filter                                       00 = 0
[trace_headers @ 0xa0d018190] 62          is_motion_mode_switchable                                   1 = 1
[trace_headers @ 0xa0d018190] 63          disable_frame_end_update_cdf                                0 = 0
[trace_headers @ 0xa0d018190] 64          uniform_tile_spacing_flag                                   1 = 1
[trace_headers @ 0xa0d018190] 65          tile_cols_log2                                              0 = 0
[trace_headers @ 0xa0d018190] 66          tile_rows_log2                                              0 = 0
[trace_headers @ 0xa0d018190] 67          base_q_idx                                           01100000 = 96
[trace_headers @ 0xa0d018190] 75          delta_q_y_dc.delta_coded                                    0 = 0
[trace_headers @ 0xa0d018190] 76          delta_q_u_dc.delta_coded                                    0 = 0
[trace_headers @ 0xa0d018190] 77          delta_q_u_ac.delta_coded                                    0 = 0
[trace_headers @ 0xa0d018190] 78          using_qmatrix                                               0 = 0
[trace_headers @ 0xa0d018190] 79          segmentation_enabled                                        0 = 0
[trace_headers @ 0xa0d018190] 80          delta_q_present                                             0 = 0
[trace_headers @ 0xa0d018190] 81          loop_filter_level[0]                                   000000 = 0
[trace_headers @ 0xa0d018190] 87          loop_filter_level[1]                                   000000 = 0
[trace_headers @ 0xa0d018190] 93          loop_filter_sharpness                                     000 = 0
[trace_headers @ 0xa0d018190] 96          loop_filter_delta_enabled                                   1 = 1
[trace_headers @ 0xa0d018190] 97          loop_filter_delta_update                                    0 = 0
[trace_headers @ 0xa0d018190] 98          cdef_damping_minus_3                                       01 = 1
[trace_headers @ 0xa0d018190] 100         cdef_bits                                                  00 = 0
[trace_headers @ 0xa0d018190] 102         cdef_y_pri_strength[0]                                   0000 = 0
[trace_headers @ 0xa0d018190] 106         cdef_y_sec_strength[0]                                     00 = 0
[trace_headers @ 0xa0d018190] 108         cdef_uv_pri_strength[0]                                  0000 = 0
[trace_headers @ 0xa0d018190] 112         cdef_uv_sec_strength[0]                                    00 = 0
[trace_headers @ 0xa0d018190] 114         lr_type[0]                                                 00 = 0
[trace_headers @ 0xa0d018190] 116         lr_type[1]                                                 00 = 0
[trace_headers @ 0xa0d018190] 118         lr_type[2]                                                 00 = 0
[trace_headers @ 0xa0d018190] 120         tx_mode                                                     0 = 1
[trace_headers @ 0xa0d018190] 121         reference_select                                            0 = 0
[trace_headers @ 0xa0d018190] 122         allow_warped_motion                                         1 = 1
[trace_headers @ 0xa0d018190] 123         reduced_tx_set                                              0 = 0
[trace_headers @ 0xa0d018190] 124         is_global[1]                                                0 = 0
[trace_headers @ 0xa0d018190] 125         is_global[2]                                                0 = 0
[trace_headers @ 0xa0d018190] 126         is_global[3]                                                0 = 0
[trace_headers @ 0xa0d018190] 127         is_global[4]                                                0 = 0
[trace_headers @ 0xa0d018190] 128         is_global[5]                                                0 = 0
[trace_headers @ 0xa0d018190] 129         is_global[6]                                                0 = 0
[trace_headers @ 0xa0d018190] 130         is_global[7]                                                0 = 0
[trace_headers @ 0xa0d018190] 131         zero_bit                                                    0 = 0
[trace_headers @ 0xa0d018190] 132         zero_bit                                                    0 = 0
[trace_headers @ 0xa0d018190] 133         zero_bit                                                    0 = 0
[trace_headers @ 0xa0d018190] 134         zero_bit                                                    0 = 0
[trace_headers @ 0xa0d018190] 135         zero_bit                                                    0 = 0
[trace_headers @ 0xa0d018190] Tile Group
[trace_headers @ 0xa0d018190] Packet: 464 bytes, pts 5, dts 5, duration 1.
[trace_headers @ 0xa0d018190] OBU header
[trace_headers @ 0xa0d018190] 0           obu_forbidden_bit                                           0 = 0
[trace_headers @ 0xa0d018190] 1           obu_type                                                 0010 = 2
[trace_headers @ 0xa0d018190] 5           obu_extension_flag                                          0 = 0
[trace_headers @ 0xa0d018190] 6           obu_has_size_field                                          1 = 1
[trace_headers @ 0xa0d018190] 7           obu_reserved_1bit                                           0 = 0
[trace_headers @ 0xa0d018190] 8           obu_size                                             00000000 = 0
[trace_headers @ 0xa0d018190] Temporal Delimiter
[trace_headers @ 0xa0d018190] OBU header
[trace_headers @ 0xa0d018190] 0           obu_forbidden_bit                                           0 = 0
[trace_headers @ 0xa0d018190] 1           obu_type                                                 0110 = 6
[trace_headers @ 0xa0d018190] 5           obu_extension_flag                                          0 = 0
[trace_headers @ 0xa0d018190] 6           obu_has_size_field                                          1 = 1
[trace_headers @ 0xa0d018190] 7           obu_reserved_1bit                                           0 = 0
[trace_headers @ 0xa0d018190] 8           obu_size                                     1100101100000011 = 459
[trace_headers @ 0xa0d018190] Frame Header
[trace_headers @ 0xa0d018190] 24          show_existing_frame                                         0 = 0
[trace_headers @ 0xa0d018190] 25          frame_type                                                 01 = 1
[trace_headers @ 0xa0d018190] 27          show_frame                                                  1 = 1
[trace_headers @ 0xa0d018190] 28          error_resilient_mode                                        0 = 0
[trace_headers @ 0xa0d018190] 29          disable_cdf_update                                          0 = 0
[trace_headers @ 0xa0d018190] 30          allow_screen_content_tools                                  1 = 1
[trace_headers @ 0xa0d018190] 31          force_integer_mv                                            0 = 0
[trace_headers @ 0xa0d018190] 32          frame_size_override_flag                                    0 = 0
[trace_headers @ 0xa0d018190] 33          primary_ref_frame                                         000 = 0
[trace_headers @ 0xa0d018190] 36          refresh_frame_flags                                  00100000 = 32
[trace_headers @ 0xa0d018190] 44          ref_frame_idx[0]                                          100 = 4
[trace_headers @ 0xa0d018190] 47          ref_frame_idx[1]                                          011 = 3
[trace_headers @ 0xa0d018190] 50          ref_frame_idx[2]                                          010 = 2
[trace_headers @ 0xa0d018190] 53          ref_frame_idx[3]                                          000 = 0
[trace_headers @ 0xa0d018190] 56          ref_frame_idx[4]                                          001 = 1
[trace_headers @ 0xa0d018190] 59          ref_frame_idx[5]                                          000 = 0
[trace_headers @ 0xa0d018190] 62          ref_frame_idx[6]                                          000 = 0
[trace_headers @ 0xa0d018190] 65          render_and_frame_size_different                             0 = 0
[trace_headers @ 0xa0d018190] 66          allow_high_precision_mv                                     1 = 1
[trace_headers @ 0xa0d018190] 67          is_filter_switchable                                        0 = 0
[trace_headers @ 0xa0d018190] 68          interpolation_filter                                       00 = 0
[trace_headers @ 0xa0d018190] 70          is_motion_mode_switchable                                   1 = 1
[trace_headers @ 0xa0d018190] 71          disable_frame_end_update_cdf                                0 = 0
[trace_headers @ 0xa0d018190] 72          uniform_tile_spacing_flag                                   1 = 1
[trace_headers @ 0xa0d018190] 73          tile_cols_log2                                              0 = 0
[trace_headers @ 0xa0d018190] 74          tile_rows_log2                                              0 = 0
[trace_headers @ 0xa0d018190] 75          base_q_idx                                           01100000 = 96
[trace_headers @ 0xa0d018190] 83          delta_q_y_dc.delta_coded                                    0 = 0
[trace_headers @ 0xa0d018190] 84          delta_q_u_dc.delta_coded                                    0 = 0
[trace_headers @ 0xa0d018190] 85          delta_q_u_ac.delta_coded                                    0 = 0
[trace_headers @ 0xa0d018190] 86          using_qmatrix                                               0 = 0
[trace_headers @ 0xa0d018190] 87          segmentation_enabled                                        0 = 0
[trace_headers @ 0xa0d018190] 88          delta_q_present                                             0 = 0
[trace_headers @ 0xa0d018190] 89          loop_filter_level[0]                                   001000 = 8
[trace_headers @ 0xa0d018190] 95          loop_filter_level[1]                                   001000 = 8
[trace_headers @ 0xa0d018190] 101         loop_filter_level[2]                                   001000 = 8
[trace_headers @ 0xa0d018190] 107         loop_filter_level[3]                                   000101 = 5
[trace_headers @ 0xa0d018190] 113         loop_filter_sharpness                                     000 = 0
[trace_headers @ 0xa0d018190] 116         loop_filter_delta_enabled                                   1 = 1
[trace_headers @ 0xa0d018190] 117         loop_filter_delta_update                                    0 = 0
[trace_headers @ 0xa0d018190] 118         cdef_damping_minus_3                                       01 = 1
[trace_headers @ 0xa0d018190] 120         cdef_bits                                                  01 = 1
[trace_headers @ 0xa0d018190] 122         cdef_y_pri_strength[0]                                   0000 = 0
[trace_headers @ 0xa0d018190] 126         cdef_y_sec_strength[0]                                     10 = 2
[trace_headers @ 0xa0d018190] 128         cdef_uv_pri_strength[0]                                  1011 = 11
[trace_headers @ 0xa0d018190] 132         cdef_uv_sec_strength[0]                                    10 = 2
[trace_headers @ 0xa0d018190] 134         cdef_y_pri_strength[1]                                   1011 = 11
[trace_headers @ 0xa0d018190] 138         cdef_y_sec_strength[1]                                     10 = 2
[trace_headers @ 0xa0d018190] 140         cdef_uv_pri_strength[1]                                  1011 = 11
[trace_headers @ 0xa0d018190] 144         cdef_uv_sec_strength[1]                                    10 = 2
[trace_headers @ 0xa0d018190] 146         lr_type[0]                                                 00 = 0
[trace_headers @ 0xa0d018190] 148         lr_type[1]                                                 00 = 0
[trace_headers @ 0xa0d018190] 150         lr_type[2]                                                 00 = 0
[trace_headers @ 0xa0d018190] 152         tx_mode                                                     1 = 2
[trace_headers @ 0xa0d018190] 153         reference_select                                            0 = 0
[trace_headers @ 0xa0d018190] 154         allow_warped_motion                                         1 = 1
[trace_headers @ 0xa0d018190] 155         reduced_tx_set                                              0 = 0
[trace_headers @ 0xa0d018190] 156         is_global[1]                                                0 = 0
[trace_headers @ 0xa0d018190] 157         is_global[2]                                                0 = 0
[trace_headers @ 0xa0d018190] 158         is_global[3]                                                0 = 0
[trace_headers @ 0xa0d018190] 159         is_global[4]                                                0 = 0
[trace_headers @ 0xa0d018190] 160         is_global[5]                                                0 = 0
[trace_headers @ 0xa0d018190] 161         is_global[6]                                                0 = 0
[trace_headers @ 0xa0d018190] 162         is_global[7]                                                0 = 0
[trace_headers @ 0xa0d018190] 163         zero_bit                                                    0 = 0
[trace_headers @ 0xa0d018190] 164         zero_bit                                                    0 = 0
[trace_headers @ 0xa0d018190] 165         zero_bit                                                    0 = 0
[trace_headers @ 0xa0d018190] 166         zero_bit                                                    0 = 0
[trace_headers @ 0xa0d018190] 167         zero_bit                                                    0 = 0
[trace_headers @ 0xa0d018190] Tile Group
[trace_headers @ 0xa0d018190] Packet: 27 bytes, pts 6, dts 6, duration 1.
[trace_headers @ 0xa0d018190] OBU header
[trace_headers @ 0xa0d018190] 0           obu_forbidden_bit                                           0 = 0
[trace_headers @ 0xa0d018190] 1           obu_type                                                 0010 = 2
[trace_headers @ 0xa0d018190] 5           obu_extension_flag                                          0 = 0
[trace_headers @ 0xa0d018190] 6           obu_has_size_field                                          1 = 1
[trace_headers @ 0xa0d018190] 7           obu_reserved_1bit                                           0 = 0
[trace_headers @ 0xa0d018190] 8           obu_size                                             00000000 = 0
[trace_headers @ 0xa0d018190] Temporal Delimiter
[trace_headers @ 0xa0d018190] OBU header
[in#0/ivf @ 0xa0cc10000] EOF while reading input
[in#0/ivf @ 0xa0cc10000] Terminating thread with return code 0 (success)
[trace_headers @ 0xa0d018190] 0           obu_forbidden_bit                                           0 = 0
[trace_headers @ 0xa0d018190] 1           obu_type                                                 0110 = 6
[trace_headers @ 0xa0d018190] 5           obu_extension_flag                                          0 = 0
[trace_headers @ 0xa0d018190] 6           obu_has_size_field                                          1 = 1
[trace_headers @ 0xa0d018190] 7           obu_reserved_1bit                                           0 = 0
[trace_headers @ 0xa0d018190] 8           obu_size                                             00010111 = 23
[trace_headers @ 0xa0d018190] Frame Header
[trace_headers @ 0xa0d018190] 16          show_existing_frame                                         0 = 0
[trace_headers @ 0xa0d018190] 17          frame_type                                                 01 = 1
[trace_headers @ 0xa0d018190] 19          show_frame                                                  1 = 1
[trace_headers @ 0xa0d018190] 20          error_resilient_mode                                        0 = 0
[trace_headers @ 0xa0d018190] 21          disable_cdf_update                                          0 = 0
[trace_headers @ 0xa0d018190] 22          allow_screen_content_tools                                  1 = 1
[trace_headers @ 0xa0d018190] 23          force_integer_mv                                            0 = 0
[trace_headers @ 0xa0d018190] 24          frame_size_override_flag                                    0 = 0
[trace_headers @ 0xa0d018190] 25          primary_ref_frame                                         000 = 0
[trace_headers @ 0xa0d018190] 28          refresh_frame_flags                                  01000000 = 64
[trace_headers @ 0xa0d018190] 36          ref_frame_idx[0]                                          101 = 5
[trace_headers @ 0xa0d018190] 39          ref_frame_idx[1]                                          100 = 4
[trace_headers @ 0xa0d018190] 42          ref_frame_idx[2]                                          011 = 3
[trace_headers @ 0xa0d018190] 45          ref_frame_idx[3]                                          000 = 0
[trace_headers @ 0xa0d018190] 48          ref_frame_idx[4]                                          010 = 2
[trace_headers @ 0xa0d018190] 51          ref_frame_idx[5]                                          001 = 1
[trace_headers @ 0xa0d018190] 54          ref_frame_idx[6]                                          000 = 0
[trace_headers @ 0xa0d018190] 57          render_and_frame_size_different                             0 = 0
[trace_headers @ 0xa0d018190] 58          allow_high_precision_mv                                     1 = 1
[trace_headers @ 0xa0d018190] 59          is_filter_switchable                                        0 = 0
[trace_headers @ 0xa0d018190] 60          interpolation_filter                                       00 = 0
[trace_headers @ 0xa0d018190] 62          is_motion_mode_switchable                                   1 = 1
[trace_headers @ 0xa0d018190] 63          disable_frame_end_update_cdf                                0 = 0
[trace_headers @ 0xa0d018190] 64          uniform_tile_spacing_flag                                   1 = 1
[trace_headers @ 0xa0d018190] 65          tile_cols_log2                                              0 = 0
[trace_headers @ 0xa0d018190] 66          tile_rows_log2                                              0 = 0
[trace_headers @ 0xa0d018190] 67          base_q_idx                                           01100000 = 96
[trace_headers @ 0xa0d018190] 75          delta_q_y_dc.delta_coded                                    0 = 0
[trace_headers @ 0xa0d018190] 76          delta_q_u_dc.delta_coded                                    0 = 0
[trace_headers @ 0xa0d018190] 77          delta_q_u_ac.delta_coded                                    0 = 0
[trace_headers @ 0xa0d018190] 78          using_qmatrix                                               0 = 0
[trace_headers @ 0xa0d018190] 79          segmentation_enabled                                        0 = 0
[trace_headers @ 0xa0d018190] 80          delta_q_present                                             0 = 0
[trace_headers @ 0xa0d018190] 81          loop_filter_level[0]                                   000000 = 0
[trace_headers @ 0xa0d018190] 87          loop_filter_level[1]                                   000000 = 0
[trace_headers @ 0xa0d018190] 93          loop_filter_sharpness                                     000 = 0
[trace_headers @ 0xa0d018190] 96          loop_filter_delta_enabled                                   1 = 1
[trace_headers @ 0xa0d018190] 97          loop_filter_delta_update                                    0 = 0
[trace_headers @ 0xa0d018190] 98          cdef_damping_minus_3                                       01 = 1
[trace_headers @ 0xa0d018190] 100         cdef_bits                                                  00 = 0
[trace_headers @ 0xa0d018190] 102         cdef_y_pri_strength[0]                                   0000 = 0
[trace_headers @ 0xa0d018190] 106         cdef_y_sec_strength[0]                                     00 = 0
[trace_headers @ 0xa0d018190] 108         cdef_uv_pri_strength[0]                                  0000 = 0
[trace_headers @ 0xa0d018190] 112         cdef_uv_sec_strength[0]                                    00 = 0
[trace_headers @ 0xa0d018190] 114         lr_type[0]                                                 00 = 0
[trace_headers @ 0xa0d018190] 116         lr_type[1]                                                 00 = 0
[trace_headers @ 0xa0d018190] 118         lr_type[2]                                                 00 = 0
[trace_headers @ 0xa0d018190] 120         tx_mode                                                     0 = 1
[trace_headers @ 0xa0d018190] 121         reference_select                                            0 = 0
[trace_headers @ 0xa0d018190] 122         allow_warped_motion                                         1 = 1
[trace_headers @ 0xa0d018190] 123         reduced_tx_set                                              0 = 0
[trace_headers @ 0xa0d018190] 124         is_global[1]                                                0 = 0
[trace_headers @ 0xa0d018190] 125         is_global[2]                                                0 = 0
[trace_headers @ 0xa0d018190] 126         is_global[3]                                                0 = 0
[trace_headers @ 0xa0d018190] 127         is_global[4]                                                0 = 0
[trace_headers @ 0xa0d018190] 128         is_global[5]                                                0 = 0
[trace_headers @ 0xa0d018190] 129         is_global[6]                                                0 = 0
[trace_headers @ 0xa0d018190] 130         is_global[7]                                                0 = 0
[trace_headers @ 0xa0d018190] 131         zero_bit                                                    0 = 0
[trace_headers @ 0xa0d018190] 132         zero_bit                                                    0 = 0
[trace_headers @ 0xa0d018190] 133         zero_bit                                                    0 = 0
[trace_headers @ 0xa0d018190] 134         zero_bit                                                    0 = 0
[trace_headers @ 0xa0d018190] 135         zero_bit                                                    0 = 0
[trace_headers @ 0xa0d018190] Tile Group
[trace_headers @ 0xa0d018190] Packet: 25 bytes, pts 7, dts 7, duration 1.
[trace_headers @ 0xa0d018190] OBU header
[trace_headers @ 0xa0d018190] 0           obu_forbidden_bit                                           0 = 0
[trace_headers @ 0xa0d018190] 1           obu_type                                                 0010 = 2
[trace_headers @ 0xa0d018190] 5           obu_extension_flag                                          0 = 0
[trace_headers @ 0xa0d018190] 6           obu_has_size_field                                          1 = 1
[trace_headers @ 0xa0d018190] 7           obu_reserved_1bit                                           0 = 0
[trace_headers @ 0xa0d018190] 8           obu_size                                             00000000 = 0
[trace_headers @ 0xa0d018190] Temporal Delimiter
[trace_headers @ 0xa0d018190] OBU header
[trace_headers @ 0xa0d018190] 0           obu_forbidden_bit                                           0 = 0
[trace_headers @ 0xa0d018190] 1           obu_type                                                 0110 = 6
[trace_headers @ 0xa0d018190] 5           obu_extension_flag                                          0 = 0
[trace_headers @ 0xa0d018190] 6           obu_has_size_field                                          1 = 1
[trace_headers @ 0xa0d018190] 7           obu_reserved_1bit                                           0 = 0
[trace_headers @ 0xa0d018190] 8           obu_size                                             00010101 = 21
[trace_headers @ 0xa0d018190] Frame Header
[trace_headers @ 0xa0d018190] 16          show_existing_frame                                         0 = 0
[trace_headers @ 0xa0d018190] 17          frame_type                                                 01 = 1
[trace_headers @ 0xa0d018190] 19          show_frame                                                  1 = 1
[trace_headers @ 0xa0d018190] 20          error_resilient_mode                                        0 = 0
[trace_headers @ 0xa0d018190] 21          disable_cdf_update                                          0 = 0
[trace_headers @ 0xa0d018190] 22          allow_screen_content_tools                                  1 = 1
[trace_headers @ 0xa0d018190] 23          force_integer_mv                                            0 = 0
[trace_headers @ 0xa0d018190] 24          frame_size_override_flag                                    0 = 0
[trace_headers @ 0xa0d018190] 25          primary_ref_frame                                         000 = 0
[trace_headers @ 0xa0d018190] 28          refresh_frame_flags                                  10000000 = 128
[trace_headers @ 0xa0d018190] 36          ref_frame_idx[0]                                          110 = 6
[trace_headers @ 0xa0d018190] 39          ref_frame_idx[1]                                          101 = 5
[trace_headers @ 0xa0d018190] 42          ref_frame_idx[2]                                          100 = 4
[trace_headers @ 0xa0d018190] 45          ref_frame_idx[3]                                          000 = 0
[trace_headers @ 0xa0d018190] 48          ref_frame_idx[4]                                          011 = 3
[trace_headers @ 0xa0d018190] 51          ref_frame_idx[5]                                          010 = 2
[trace_headers @ 0xa0d018190] 54          ref_frame_idx[6]                                          001 = 1
[trace_headers @ 0xa0d018190] 57          render_and_frame_size_different                             0 = 0
[trace_headers @ 0xa0d018190] 58          allow_high_precision_mv                                     1 = 1
[trace_headers @ 0xa0d018190] 59          is_filter_switchable                                        0 = 0
[trace_headers @ 0xa0d018190] 60          interpolation_filter                                       00 = 0
[trace_headers @ 0xa0d018190] 62          is_motion_mode_switchable                                   1 = 1
[trace_headers @ 0xa0d018190] 63          disable_frame_end_update_cdf                                0 = 0
[trace_headers @ 0xa0d018190] 64          uniform_tile_spacing_flag                                   1 = 1
[trace_headers @ 0xa0d018190] 65          tile_cols_log2                                              0 = 0
[trace_headers @ 0xa0d018190] 66          tile_rows_log2                                              0 = 0
[trace_headers @ 0xa0d018190] 67          base_q_idx                                           01100000 = 96
[trace_headers @ 0xa0d018190] 75          delta_q_y_dc.delta_coded                                    0 = 0
[trace_headers @ 0xa0d018190] 76          delta_q_u_dc.delta_coded                                    0 = 0
[trace_headers @ 0xa0d018190] 77          delta_q_u_ac.delta_coded                                    0 = 0
[trace_headers @ 0xa0d018190] 78          using_qmatrix                                               0 = 0
[trace_headers @ 0xa0d018190] 79          segmentation_enabled                                        0 = 0
[trace_headers @ 0xa0d018190] 80          delta_q_present                                             0 = 0
[trace_headers @ 0xa0d018190] 81          loop_filter_level[0]                                   000000 = 0
[trace_headers @ 0xa0d018190] 87          loop_filter_level[1]                                   000000 = 0
[trace_headers @ 0xa0d018190] 93          loop_filter_sharpness                                     000 = 0
[trace_headers @ 0xa0d018190] 96          loop_filter_delta_enabled                                   1 = 1
[trace_headers @ 0xa0d018190] 97          loop_filter_delta_update                                    0 = 0
[trace_headers @ 0xa0d018190] 98          cdef_damping_minus_3                                       01 = 1
[trace_headers @ 0xa0d018190] 100         cdef_bits                                                  00 = 0
[trace_headers @ 0xa0d018190] 102         cdef_y_pri_strength[0]                                   0000 = 0
[trace_headers @ 0xa0d018190] 106         cdef_y_sec_strength[0]                                     00 = 0
[trace_headers @ 0xa0d018190] 108         cdef_uv_pri_strength[0]                                  0000 = 0
[trace_headers @ 0xa0d018190] 112         cdef_uv_sec_strength[0]                                    00 = 0
[trace_headers @ 0xa0d018190] 114         lr_type[0]                                                 00 = 0
[trace_headers @ 0xa0d018190] 116         lr_type[1]                                                 00 = 0
[trace_headers @ 0xa0d018190] 118         lr_type[2]                                                 00 = 0
[trace_headers @ 0xa0d018190] 120         tx_mode                                                     0 = 1
[trace_headers @ 0xa0d018190] 121         reference_select                                            0 = 0
[trace_headers @ 0xa0d018190] 122         allow_warped_motion                                         1 = 1
[trace_headers @ 0xa0d018190] 123         reduced_tx_set                                              0 = 0
[trace_headers @ 0xa0d018190] 124         is_global[1]                                                0 = 0
[trace_headers @ 0xa0d018190] 125         is_global[2]                                                0 = 0
[trace_headers @ 0xa0d018190] 126         is_global[3]                                                0 = 0
[trace_headers @ 0xa0d018190] 127         is_global[4]                                                0 = 0
[trace_headers @ 0xa0d018190] 128         is_global[5]                                                0 = 0
[trace_headers @ 0xa0d018190] 129         is_global[6]                                                0 = 0
[trace_headers @ 0xa0d018190] 130         is_global[7]                                                0 = 0
[trace_headers @ 0xa0d018190] 131         zero_bit                                                    0 = 0
[trace_headers @ 0xa0d018190] 132         zero_bit                                                    0 = 0
[trace_headers @ 0xa0d018190] 133         zero_bit                                                    0 = 0
[trace_headers @ 0xa0d018190] 134         zero_bit                                                    0 = 0
[trace_headers @ 0xa0d018190] 135         zero_bit                                                    0 = 0
[trace_headers @ 0xa0d018190] Tile Group
[trace_headers @ 0xa0d018190] Packet: 23 bytes, pts 8, dts 8, duration 1.
[trace_headers @ 0xa0d018190] OBU header
[trace_headers @ 0xa0d018190] 0           obu_forbidden_bit                                           0 = 0
[trace_headers @ 0xa0d018190] 1           obu_type                                                 0010 = 2
[trace_headers @ 0xa0d018190] 5           obu_extension_flag                                          0 = 0
[trace_headers @ 0xa0d018190] 6           obu_has_size_field                                          1 = 1
[trace_headers @ 0xa0d018190] 7           obu_reserved_1bit                                           0 = 0
[trace_headers @ 0xa0d018190] 8           obu_size                                             00000000 = 0
[trace_headers @ 0xa0d018190] Temporal Delimiter
[trace_headers @ 0xa0d018190] OBU header
[trace_headers @ 0xa0d018190] 0           obu_forbidden_bit                                           0 = 0
[trace_headers @ 0xa0d018190] 1           obu_type                                                 0110 = 6
[trace_headers @ 0xa0d018190] 5           obu_extension_flag                                          0 = 0
[trace_headers @ 0xa0d018190] 6           obu_has_size_field                                          1 = 1
[trace_headers @ 0xa0d018190] 7           obu_reserved_1bit                                           0 = 0
[trace_headers @ 0xa0d018190] 8           obu_size                                             00010011 = 19
[trace_headers @ 0xa0d018190] Frame Header
[trace_headers @ 0xa0d018190] 16          show_existing_frame                                         0 = 0
[trace_headers @ 0xa0d018190] 17          frame_type                                                 01 = 1
[trace_headers @ 0xa0d018190] 19          show_frame                                                  1 = 1
[trace_headers @ 0xa0d018190] 20          error_resilient_mode                                        0 = 0
[trace_headers @ 0xa0d018190] 21          disable_cdf_update                                          0 = 0
[trace_headers @ 0xa0d018190] 22          allow_screen_content_tools                                  1 = 1
[trace_headers @ 0xa0d018190] 23          force_integer_mv                                            0 = 0
[trace_headers @ 0xa0d018190] 24          frame_size_override_flag                                    0 = 0
[trace_headers @ 0xa0d018190] 25          primary_ref_frame                                         111 = 7
[trace_headers @ 0xa0d018190] 28          refresh_frame_flags                                  00000010 = 2
[trace_headers @ 0xa0d018190] 36          ref_frame_idx[0]                                          111 = 7
[trace_headers @ 0xa0d018190] 39          ref_frame_idx[1]                                          110 = 6
[trace_headers @ 0xa0d018190] 42          ref_frame_idx[2]                                          101 = 5
[trace_headers @ 0xa0d018190] 45          ref_frame_idx[3]                                          000 = 0
[trace_headers @ 0xa0d018190] 48          ref_frame_idx[4]                                          100 = 4
[trace_headers @ 0xa0d018190] 51          ref_frame_idx[5]                                          011 = 3
[trace_headers @ 0xa0d018190] 54          ref_frame_idx[6]                                          010 = 2
[trace_headers @ 0xa0d018190] 57          render_and_frame_size_different                             0 = 0
[trace_headers @ 0xa0d018190] 58          allow_high_precision_mv                                     1 = 1
[trace_headers @ 0xa0d018190] 59          is_filter_switchable                                        0 = 0
[trace_headers @ 0xa0d018190] 60          interpolation_filter                                       00 = 0
[trace_headers @ 0xa0d018190] 62          is_motion_mode_switchable                                   1 = 1
[trace_headers @ 0xa0d018190] 63          disable_frame_end_update_cdf                                0 = 0
[trace_headers @ 0xa0d018190] 64          uniform_tile_spacing_flag                                   1 = 1
[trace_headers @ 0xa0d018190] 65          tile_cols_log2                                              0 = 0
[trace_headers @ 0xa0d018190] 66          tile_rows_log2                                              0 = 0
[trace_headers @ 0xa0d018190] 67          base_q_idx                                           01100000 = 96
[trace_headers @ 0xa0d018190] 75          delta_q_y_dc.delta_coded                                    0 = 0
[trace_headers @ 0xa0d018190] 76          delta_q_u_dc.delta_coded                                    0 = 0
[trace_headers @ 0xa0d018190] 77          delta_q_u_ac.delta_coded                                    0 = 0
[trace_headers @ 0xa0d018190] 78          using_qmatrix                                               0 = 0
[trace_headers @ 0xa0d018190] 79          segmentation_enabled                                        0 = 0
[trace_headers @ 0xa0d018190] 80          delta_q_present                                             0 = 0
[trace_headers @ 0xa0d018190] 81          loop_filter_level[0]                                   000000 = 0
[trace_headers @ 0xa0d018190] 87          loop_filter_level[1]                                   000000 = 0
[trace_headers @ 0xa0d018190] 93          loop_filter_sharpness                                     000 = 0
[trace_headers @ 0xa0d018190] 96          loop_filter_delta_enabled                                   1 = 1
[trace_headers @ 0xa0d018190] 97          loop_filter_delta_update                                    0 = 0
[trace_headers @ 0xa0d018190] 98          cdef_damping_minus_3                                       01 = 1
[trace_headers @ 0xa0d018190] 100         cdef_bits                                                  00 = 0
[trace_headers @ 0xa0d018190] 102         cdef_y_pri_strength[0]                                   0000 = 0
[trace_headers @ 0xa0d018190] 106         cdef_y_sec_strength[0]                                     00 = 0
[trace_headers @ 0xa0d018190] 108         cdef_uv_pri_strength[0]                                  0000 = 0
[trace_headers @ 0xa0d018190] 112         cdef_uv_sec_strength[0]                                    00 = 0
[trace_headers @ 0xa0d018190] 114         lr_type[0]                                                 00 = 0
[trace_headers @ 0xa0d018190] 116         lr_type[1]                                                 00 = 0
[trace_headers @ 0xa0d018190] 118         lr_type[2]                                                 00 = 0
[trace_headers @ 0xa0d018190] 120         tx_mode                                                     0 = 1
[trace_headers @ 0xa0d018190] 121         reference_select                                            0 = 0
[trace_headers @ 0xa0d018190] 122         allow_warped_motion                                         1 = 1
[trace_headers @ 0xa0d018190] 123         reduced_tx_set                                              0 = 0
[trace_headers @ 0xa0d018190] 124         is_global[1]                                                0 = 0
[trace_headers @ 0xa0d018190] 125         is_global[2]                                                0 = 0
[trace_headers @ 0xa0d018190] 126         is_global[3]                                                0 = 0
[trace_headers @ 0xa0d018190] 127         is_global[4]                                                0 = 0
[trace_headers @ 0xa0d018190] 128         is_global[5]                                                0 = 0
[trace_headers @ 0xa0d018190] 129         is_global[6]                                                0 = 0
[trace_headers @ 0xa0d018190] 130         is_global[7]                                                0 = 0
[trace_headers @ 0xa0d018190] 131         zero_bit                                                    0 = 0
[trace_headers @ 0xa0d018190] 132         zero_bit                                                    0 = 0
[trace_headers @ 0xa0d018190] 133         zero_bit                                                    0 = 0
[trace_headers @ 0xa0d018190] 134         zero_bit                                                    0 = 0
[trace_headers @ 0xa0d018190] 135         zero_bit                                                    0 = 0
[trace_headers @ 0xa0d018190] Tile Group
[trace_headers @ 0xa0d018190] Packet: 23 bytes, pts 9, dts 9, duration 1.
[trace_headers @ 0xa0d018190] OBU header
[trace_headers @ 0xa0d018190] 0           obu_forbidden_bit                                           0 = 0
[trace_headers @ 0xa0d018190] 1           obu_type                                                 0010 = 2
[trace_headers @ 0xa0d018190] 5           obu_extension_flag                                          0 = 0
[trace_headers @ 0xa0d018190] 6           obu_has_size_field                                          1 = 1
[trace_headers @ 0xa0d018190] 7           obu_reserved_1bit                                           0 = 0
[trace_headers @ 0xa0d018190] 8           obu_size                                             00000000 = 0
[trace_headers @ 0xa0d018190] Temporal Delimiter
[trace_headers @ 0xa0d018190] OBU header
[trace_headers @ 0xa0d018190] 0           obu_forbidden_bit                                           0 = 0
[trace_headers @ 0xa0d018190] 1           obu_type                                                 0110 = 6
[trace_headers @ 0xa0d018190] 5           obu_extension_flag                                          0 = 0
[trace_headers @ 0xa0d018190] 6           obu_has_size_field                                          1 = 1
[trace_headers @ 0xa0d018190] 7           obu_reserved_1bit                                           0 = 0
[trace_headers @ 0xa0d018190] 8           obu_size                                             00010011 = 19
[trace_headers @ 0xa0d018190] Frame Header
[trace_headers @ 0xa0d018190] 16          show_existing_frame                                         0 = 0
[trace_headers @ 0xa0d018190] 17          frame_type                                                 01 = 1
[trace_headers @ 0xa0d018190] 19          show_frame                                                  1 = 1
[trace_headers @ 0xa0d018190] 20          error_resilient_mode                                        0 = 0
[trace_headers @ 0xa0d018190] 21          disable_cdf_update                                          0 = 0
[trace_headers @ 0xa0d018190] 22          allow_screen_content_tools                                  1 = 1
[trace_headers @ 0xa0d018190] 23          force_integer_mv                                            0 = 0
[trace_headers @ 0xa0d018190] 24          frame_size_override_flag                                    0 = 0
[trace_headers @ 0xa0d018190] 25          primary_ref_frame                                         000 = 0
[trace_headers @ 0xa0d018190] 28          refresh_frame_flags                                  00000100 = 4
[trace_headers @ 0xa0d018190] 36          ref_frame_idx[0]                                          111 = 7
[trace_headers @ 0xa0d018190] 39          ref_frame_idx[1]                                          110 = 6
[trace_headers @ 0xa0d018190] 42          ref_frame_idx[2]                                          101 = 5
[trace_headers @ 0xa0d018190] 45          ref_frame_idx[3]                                          001 = 1
[trace_headers @ 0xa0d018190] 48          ref_frame_idx[4]                                          100 = 4
[trace_headers @ 0xa0d018190] 51          ref_frame_idx[5]                                          011 = 3
[trace_headers @ 0xa0d018190] 54          ref_frame_idx[6]                                          000 = 0
[trace_headers @ 0xa0d018190] 57          render_and_frame_size_different                             0 = 0
[trace_headers @ 0xa0d018190] 58          allow_high_precision_mv                                     1 = 1
[trace_headers @ 0xa0d018190] 59          is_filter_switchable                                        0 = 0
[trace_headers @ 0xa0d018190] 60          interpolation_filter                                       00 = 0
[trace_headers @ 0xa0d018190] 62          is_motion_mode_switchable                                   1 = 1
[trace_headers @ 0xa0d018190] 63          disable_frame_end_update_cdf                                0 = 0
[trace_headers @ 0xa0d018190] 64          uniform_tile_spacing_flag                                   1 = 1
[trace_headers @ 0xa0d018190] 65          tile_cols_log2                                              0 = 0
[trace_headers @ 0xa0d018190] 66          tile_rows_log2                                              0 = 0
[trace_headers @ 0xa0d018190] 67          base_q_idx                                           01100000 = 96
[trace_headers @ 0xa0d018190] 75          delta_q_y_dc.delta_coded                                    0 = 0
[trace_headers @ 0xa0d018190] 76          delta_q_u_dc.delta_coded                                    0 = 0
[trace_headers @ 0xa0d018190] 77          delta_q_u_ac.delta_coded                                    0 = 0
[trace_headers @ 0xa0d018190] 78          using_qmatrix                                               0 = 0
[trace_headers @ 0xa0d018190] 79          segmentation_enabled                                        0 = 0
[trace_headers @ 0xa0d018190] 80          delta_q_present                                             0 = 0
[trace_headers @ 0xa0d018190] 81          loop_filter_level[0]                                   000000 = 0
[trace_headers @ 0xa0d018190] 87          loop_filter_level[1]                                   000000 = 0
[trace_headers @ 0xa0d018190] 93          loop_filter_sharpness                                     000 = 0
[trace_headers @ 0xa0d018190] 96          loop_filter_delta_enabled                                   1 = 1
[trace_headers @ 0xa0d018190] 97          loop_filter_delta_update                                    0 = 0
[trace_headers @ 0xa0d018190] 98          cdef_damping_minus_3                                       01 = 1
[trace_headers @ 0xa0d018190] 100         cdef_bits                                                  00 = 0
[trace_headers @ 0xa0d018190] 102         cdef_y_pri_strength[0]                                   0000 = 0
[trace_headers @ 0xa0d018190] 106         cdef_y_sec_strength[0]                                     00 = 0
[trace_headers @ 0xa0d018190] 108         cdef_uv_pri_strength[0]                                  0000 = 0
[trace_headers @ 0xa0d018190] 112         cdef_uv_sec_strength[0]                                    00 = 0
[trace_headers @ 0xa0d018190] 114         lr_type[0]                                                 00 = 0
[trace_headers @ 0xa0d018190] 116         lr_type[1]                                                 00 = 0
[trace_headers @ 0xa0d018190] 118         lr_type[2]                                                 00 = 0
[trace_headers @ 0xa0d018190] 120         tx_mode                                                     0 = 1
[trace_headers @ 0xa0d018190] 121         reference_select                                            0 = 0
[trace_headers @ 0xa0d018190] 122         allow_warped_motion                                         1 = 1
[trace_headers @ 0xa0d018190] 123         reduced_tx_set                                              0 = 0
[trace_headers @ 0xa0d018190] 124         is_global[1]                                                0 = 0
[trace_headers @ 0xa0d018190] 125         is_global[2]                                                0 = 0
[trace_headers @ 0xa0d018190] 126         is_global[3]                                                0 = 0
[trace_headers @ 0xa0d018190] 127         is_global[4]                                                0 = 0
[trace_headers @ 0xa0d018190] 128         is_global[5]                                                0 = 0
[trace_headers @ 0xa0d018190] 129         is_global[6]                                                0 = 0
[trace_headers @ 0xa0d018190] 130         is_global[7]                                                0 = 0
[trace_headers @ 0xa0d018190] 131         zero_bit                                                    0 = 0
[trace_headers @ 0xa0d018190] 132         zero_bit                                                    0 = 0
[trace_headers @ 0xa0d018190] 133         zero_bit                                                    0 = 0
[trace_headers @ 0xa0d018190] 134         zero_bit                                                    0 = 0
[trace_headers @ 0xa0d018190] 135         zero_bit                                                    0 = 0
[trace_headers @ 0xa0d018190] Tile Group
[trace_headers @ 0xa0d018190] Packet: 351 bytes, pts 10, dts 10, duration 1.
[trace_headers @ 0xa0d018190] OBU header
[trace_headers @ 0xa0d018190] 0           obu_forbidden_bit                                           0 = 0
[trace_headers @ 0xa0d018190] 1           obu_type                                                 0010 = 2
[trace_headers @ 0xa0d018190] 5           obu_extension_flag                                          0 = 0
[trace_headers @ 0xa0d018190] 6           obu_has_size_field                                          1 = 1
[trace_headers @ 0xa0d018190] 7           obu_reserved_1bit                                           0 = 0
[trace_headers @ 0xa0d018190] 8           obu_size                                             00000000 = 0
[trace_headers @ 0xa0d018190] Temporal Delimiter
[trace_headers @ 0xa0d018190] OBU header
[trace_headers @ 0xa0d018190] 0           obu_forbidden_bit                                           0 = 0
[trace_headers @ 0xa0d018190] 1           obu_type                                                 0110 = 6
[trace_headers @ 0xa0d018190] 5           obu_extension_flag                                          0 = 0
[trace_headers @ 0xa0d018190] 6           obu_has_size_field                                          1 = 1
[trace_headers @ 0xa0d018190] 7           obu_reserved_1bit                                           0 = 0
[trace_headers @ 0xa0d018190] 8           obu_size                                     1101101000000010 = 346
[trace_headers @ 0xa0d018190] Frame Header
[trace_headers @ 0xa0d018190] 24          show_existing_frame                                         0 = 0
[trace_headers @ 0xa0d018190] 25          frame_type                                                 01 = 1
[trace_headers @ 0xa0d018190] 27          show_frame                                                  1 = 1
[trace_headers @ 0xa0d018190] 28          error_resilient_mode                                        0 = 0
[trace_headers @ 0xa0d018190] 29          disable_cdf_update                                          0 = 0
[trace_headers @ 0xa0d018190] 30          allow_screen_content_tools                                  1 = 1
[trace_headers @ 0xa0d018190] 31          force_integer_mv                                            0 = 0
[trace_headers @ 0xa0d018190] 32          frame_size_override_flag                                    0 = 0
[trace_headers @ 0xa0d018190] 33          primary_ref_frame                                         000 = 0
[trace_headers @ 0xa0d018190] 36          refresh_frame_flags                                  00001000 = 8
[trace_headers @ 0xa0d018190] 44          ref_frame_idx[0]                                          010 = 2
[trace_headers @ 0xa0d018190] 47          ref_frame_idx[1]                                          111 = 7
[trace_headers @ 0xa0d018190] 50          ref_frame_idx[2]                                          110 = 6
[trace_headers @ 0xa0d018190] 53          ref_frame_idx[3]                                          001 = 1
[trace_headers @ 0xa0d018190] 56          ref_frame_idx[4]                                          101 = 5
[trace_headers @ 0xa0d018190] 59          ref_frame_idx[5]                                          100 = 4
[trace_headers @ 0xa0d018190] 62          ref_frame_idx[6]                                          000 = 0
[trace_headers @ 0xa0d018190] 65          render_and_frame_size_different                             0 = 0
[trace_headers @ 0xa0d018190] 66          allow_high_precision_mv                                     1 = 1
[trace_headers @ 0xa0d018190] 67          is_filter_switchable                                        0 = 0
[trace_headers @ 0xa0d018190] 68          interpolation_filter                                       00 = 0
[trace_headers @ 0xa0d018190] 70          is_motion_mode_switchable                                   1 = 1
[trace_headers @ 0xa0d018190] 71          disable_frame_end_update_cdf                                0 = 0
[trace_headers @ 0xa0d018190] 72          uniform_tile_spacing_flag                                   1 = 1
[trace_headers @ 0xa0d018190] 73          tile_cols_log2                                              0 = 0
[trace_headers @ 0xa0d018190] 74          tile_rows_log2                                              0 = 0
[trace_headers @ 0xa0d018190] 75          base_q_idx                                           01100000 = 96
[trace_headers @ 0xa0d018190] 83          delta_q_y_dc.delta_coded                                    0 = 0
[trace_headers @ 0xa0d018190] 84          delta_q_u_dc.delta_coded                                    0 = 0
[trace_headers @ 0xa0d018190] 85          delta_q_u_ac.delta_coded                                    0 = 0
[trace_headers @ 0xa0d018190] 86          using_qmatrix                                               0 = 0
[trace_headers @ 0xa0d018190] 87          segmentation_enabled                                        0 = 0
[trace_headers @ 0xa0d018190] 88          delta_q_present                                             0 = 0
[trace_headers @ 0xa0d018190] 89          loop_filter_level[0]                                   000000 = 0
[trace_headers @ 0xa0d018190] 95          loop_filter_level[1]                                   000000 = 0
[trace_headers @ 0xa0d018190] 101         loop_filter_sharpness                                     000 = 0
[trace_headers @ 0xa0d018190] 104         loop_filter_delta_enabled                                   1 = 1
[trace_headers @ 0xa0d018190] 105         loop_filter_delta_update                                    0 = 0
[trace_headers @ 0xa0d018190] 106         cdef_damping_minus_3                                       01 = 1
[trace_headers @ 0xa0d018190] 108         cdef_bits                                                  00 = 0
[trace_headers @ 0xa0d018190] 110         cdef_y_pri_strength[0]                                   0000 = 0
[trace_headers @ 0xa0d018190] 114         cdef_y_sec_strength[0]                                     10 = 2
[trace_headers @ 0xa0d018190] 116         cdef_uv_pri_strength[0]                                  1011 = 11
[trace_headers @ 0xa0d018190] 120         cdef_uv_sec_strength[0]                                    10 = 2
[trace_headers @ 0xa0d018190] 122         lr_type[0]                                                 00 = 0
[trace_headers @ 0xa0d018190] 124         lr_type[1]                                                 00 = 0
[trace_headers @ 0xa0d018190] 126         lr_type[2]                                                 00 = 0
[trace_headers @ 0xa0d018190] 128         tx_mode                                                     1 = 2
[trace_headers @ 0xa0d018190] 129         reference_select                                            0 = 0
[trace_headers @ 0xa0d018190] 130         allow_warped_motion                                         1 = 1
[trace_headers @ 0xa0d018190] 131         reduced_tx_set                                              0 = 0
[trace_headers @ 0xa0d018190] 132         is_global[1]                                                0 = 0
[trace_headers @ 0xa0d018190] 133         is_global[2]                                                0 = 0
[trace_headers @ 0xa0d018190] 134         is_global[3]                                                0 = 0
[trace_headers @ 0xa0d018190] 135         is_global[4]                                                0 = 0
[trace_headers @ 0xa0d018190] 136         is_global[5]                                                0 = 0
[trace_headers @ 0xa0d018190] 137         is_global[6]                                                0 = 0
[trace_headers @ 0xa0d018190] 138         is_global[7]                                                0 = 0
[trace_headers @ 0xa0d018190] 139         zero_bit                                                    0 = 0
[trace_headers @ 0xa0d018190] 140         zero_bit                                                    0 = 0
[trace_headers @ 0xa0d018190] 141         zero_bit                                                    0 = 0
[trace_headers @ 0xa0d018190] 142         zero_bit                                                    0 = 0
[trace_headers @ 0xa0d018190] 143         zero_bit                                                    0 = 0
[trace_headers @ 0xa0d018190] Tile Group
[trace_headers @ 0xa0d018190] Packet: 23 bytes, pts 11, dts 11, duration 1.
[trace_headers @ 0xa0d018190] OBU header
[trace_headers @ 0xa0d018190] 0           obu_forbidden_bit                                           0 = 0
[trace_headers @ 0xa0d018190] 1           obu_type                                                 0010 = 2
[trace_headers @ 0xa0d018190] 5           obu_extension_flag                                          0 = 0
[trace_headers @ 0xa0d018190] 6           obu_has_size_field                                          1 = 1
[trace_headers @ 0xa0d018190] 7           obu_reserved_1bit                                           0 = 0
[trace_headers @ 0xa0d018190] 8           obu_size                                             00000000 = 0
[trace_headers @ 0xa0d018190] Temporal Delimiter
[trace_headers @ 0xa0d018190] OBU header
[trace_headers @ 0xa0d018190] 0           obu_forbidden_bit                                           0 = 0
[trace_headers @ 0xa0d018190] 1           obu_type                                                 0110 = 6
[trace_headers @ 0xa0d018190] 5           obu_extension_flag                                          0 = 0
[trace_headers @ 0xa0d018190] 6           obu_has_size_field                                          1 = 1
[trace_headers @ 0xa0d018190] 7           obu_reserved_1bit                                           0 = 0
[trace_headers @ 0xa0d018190] 8           obu_size                                             00010011 = 19
[trace_headers @ 0xa0d018190] Frame Header
[trace_headers @ 0xa0d018190] 16          show_existing_frame                                         0 = 0
[trace_headers @ 0xa0d018190] 17          frame_type                                                 01 = 1
[trace_headers @ 0xa0d018190] 19          show_frame                                                  1 = 1
[trace_headers @ 0xa0d018190] 20          error_resilient_mode                                        0 = 0
[trace_headers @ 0xa0d018190] 21          disable_cdf_update                                          0 = 0
[trace_headers @ 0xa0d018190] 22          allow_screen_content_tools                                  1 = 1
[trace_headers @ 0xa0d018190] 23          force_integer_mv                                            0 = 0
[trace_headers @ 0xa0d018190] 24          frame_size_override_flag                                    0 = 0
[trace_headers @ 0xa0d018190] 25          primary_ref_frame                                         000 = 0
[trace_headers @ 0xa0d018190] 28          refresh_frame_flags                                  00010000 = 16
[trace_headers @ 0xa0d018190] 36          ref_frame_idx[0]                                          011 = 3
[trace_headers @ 0xa0d018190] 39          ref_frame_idx[1]                                          010 = 2
[trace_headers @ 0xa0d018190] 42          ref_frame_idx[2]                                          111 = 7
[trace_headers @ 0xa0d018190] 45          ref_frame_idx[3]                                          001 = 1
[trace_headers @ 0xa0d018190] 48          ref_frame_idx[4]                                          110 = 6
[trace_headers @ 0xa0d018190] 51          ref_frame_idx[5]                                          101 = 5
[trace_headers @ 0xa0d018190] 54          ref_frame_idx[6]                                          000 = 0
[trace_headers @ 0xa0d018190] 57          render_and_frame_size_different                             0 = 0
[trace_headers @ 0xa0d018190] 58          allow_high_precision_mv                                     1 = 1
[trace_headers @ 0xa0d018190] 59          is_filter_switchable                                        0 = 0
[trace_headers @ 0xa0d018190] 60          interpolation_filter                                       00 = 0
[trace_headers @ 0xa0d018190] 62          is_motion_mode_switchable                                   1 = 1
[trace_headers @ 0xa0d018190] 63          disable_frame_end_update_cdf                                0 = 0
[trace_headers @ 0xa0d018190] 64          uniform_tile_spacing_flag                                   1 = 1
[trace_headers @ 0xa0d018190] 65          tile_cols_log2                                              0 = 0
[trace_headers @ 0xa0d018190] 66          tile_rows_log2                                              0 = 0
[trace_headers @ 0xa0d018190] 67          base_q_idx                                           01100000 = 96
[trace_headers @ 0xa0d018190] 75          delta_q_y_dc.delta_coded                                    0 = 0
[trace_headers @ 0xa0d018190] 76          delta_q_u_dc.delta_coded                                    0 = 0
[trace_headers @ 0xa0d018190] 77          delta_q_u_ac.delta_coded                                    0 = 0
[trace_headers @ 0xa0d018190] 78          using_qmatrix                                               0 = 0
[trace_headers @ 0xa0d018190] 79          segmentation_enabled                                        0 = 0
[trace_headers @ 0xa0d018190] 80          delta_q_present                                             0 = 0
[trace_headers @ 0xa0d018190] 81          loop_filter_level[0]                                   001000 = 8
[trace_headers @ 0xa0d018190] 87          loop_filter_level[1]                                   001000 = 8
[trace_headers @ 0xa0d018190] 93          loop_filter_level[2]                                   001100 = 12
[trace_headers @ 0xa0d018190] 99          loop_filter_level[3]                                   010001 = 17
[trace_headers @ 0xa0d018190] 105         loop_filter_sharpness                                     000 = 0
[trace_headers @ 0xa0d018190] 108         loop_filter_delta_enabled                                   1 = 1
[trace_headers @ 0xa0d018190] 109         loop_filter_delta_update                                    0 = 0
[trace_headers @ 0xa0d018190] 110         cdef_damping_minus_3                                       01 = 1
[trace_headers @ 0xa0d018190] 112         cdef_bits                                                  00 = 0
[trace_headers @ 0xa0d018190] 114         cdef_y_pri_strength[0]                                   0000 = 0
[trace_headers @ 0xa0d018190] 118         cdef_y_sec_strength[0]                                     00 = 0
[trace_headers @ 0xa0d018190] 120         cdef_uv_pri_strength[0]                                  0000 = 0
[trace_headers @ 0xa0d018190] 124         cdef_uv_sec_strength[0]                                    00 = 0
[trace_headers @ 0xa0d018190] 126         lr_type[0]                                                 00 = 0
[trace_headers @ 0xa0d018190] 128         lr_type[1]                                                 00 = 0
[trace_headers @ 0xa0d018190] 130         lr_type[2]                                                 00 = 0
[trace_headers @ 0xa0d018190] 132         tx_mode                                                     0 = 1
[trace_headers @ 0xa0d018190] 133         reference_select                                            0 = 0
[trace_headers @ 0xa0d018190] 134         allow_warped_motion                                         1 = 1
[trace_headers @ 0xa0d018190] 135         reduced_tx_set                                              0 = 0
[trace_headers @ 0xa0d018190] 136         is_global[1]                                                0 = 0
[trace_headers @ 0xa0d018190] 137         is_global[2]                                                0 = 0
[trace_headers @ 0xa0d018190] 138         is_global[3]                                                0 = 0
[trace_headers @ 0xa0d018190] 139         is_global[4]                                                0 = 0
[trace_headers @ 0xa0d018190] 140         is_global[5]                                                0 = 0
[trace_headers @ 0xa0d018190] 141         is_global[6]                                                0 = 0
[trace_headers @ 0xa0d018190] 142         is_global[7]                                                0 = 0
[trace_headers @ 0xa0d018190] 143         zero_bit                                                    0 = 0
[trace_headers @ 0xa0d018190] Tile Group
[out#0/null @ 0xa0d048300] All streams finished
[out#0/null @ 0xa0d048300] Terminating thread with return code 0 (success)
[out#0/null @ 0xa0d048300] Output file #0 (pipe:):
[out#0/null @ 0xa0d048300]   Output stream #0:0 (video): 12 packets muxed (3897 bytes); 
[out#0/null @ 0xa0d048300]   Total: 12 packets (3897 bytes) muxed
[out#0/null @ 0xa0d048300] video:4KiB audio:0KiB subtitle:0KiB other streams:0KiB global headers:0KiB muxing overhead: unknown
frame=   12 fps=0.0 q=-1.0 Lsize=N/A time=00:00:00.50 bitrate=N/A speed= 208x elapsed=0:00:00.00    
[in#0/ivf @ 0xa0cc10000] Input file #0 (research/shared/runs/20260919T232812Z-av1-sframe/mode0.ivf):
[in#0/ivf @ 0xa0cc10000]   Input stream #0:0 (video): 12 packets read (3897 bytes); 
[in#0/ivf @ 0xa0cc10000]   Total: 12 packets (3897 bytes) demuxed
[AVIOContext @ 0xa0cc10140] Statistics: 4073 bytes read, 0 seeks

Exiting with exit code 0
