ffmpeg version 8.1.2 Copyright (c) 2000-2026 the FFmpeg developers
  built with Apple clang version 21.0.0 (clang-2100.0.123.102)
  configuration: --prefix=/opt/homebrew/Cellar/ffmpeg/8.1.2 --enable-shared --enable-pthreads --enable-version3 --cc=clang --host-cflags= --host-ldflags= --enable-ffplay --enable-gpl --enable-libsvtav1 --enable-libopus --enable-libx264 --enable-libmp3lame --enable-libdav1d --enable-libvmaf --enable-libvpx --enable-libx265 --enable-openssl --enable-videotoolbox --enable-audiotoolbox --enable-neon
  libavutil      60. 26.102 / 60. 26.102
  libavcodec     62. 28.102 / 62. 28.102
  libavformat    62. 12.102 / 62. 12.102
  libavdevice    62.  3.102 / 62.  3.102
  libavfilter    11. 14.102 / 11. 14.102
  libswscale      9.  5.102 /  9.  5.102
  libswresample   6.  3.102 /  6.  3.102
[libdav1d @ 0x822c1c380] libdav1d 1.5.3
Input #0, ivf, from 'research/shared/runs/20260919T194500Z-av1/temporal.ivf':
  Duration: 00:00:01.00, start: 0.000000, bitrate: 179 kb/s
  Stream #0:0: Video: av1 (libdav1d) (Main), 1 reference frame (AV01 / 0x31305641), yuv420p(tv), 160x96 [SAR 1:1 DAR 5:3], 24 tbr, 24 tbn
[out#0/null @ 0x823068300] No explicit maps, mapping streams automatically...
[vost#0:0/copy @ 0x8230dc000] Created video stream from input stream 0:0
[trace_headers @ 0x823018190] Extradata
[trace_headers @ 0x823018190] OBU header
[trace_headers @ 0x823018190] 0           obu_forbidden_bit                                           0 = 0
[trace_headers @ 0x823018190] 1           obu_type                                                 0001 = 1
[trace_headers @ 0x823018190] 5           obu_extension_flag                                          0 = 0
[trace_headers @ 0x823018190] 6           obu_has_size_field                                          1 = 1
[trace_headers @ 0x823018190] 7           obu_reserved_1bit                                           0 = 0
[trace_headers @ 0x823018190] 8           obu_size                                             00001100 = 12
[trace_headers @ 0x823018190] Sequence Header
[trace_headers @ 0x823018190] 16          seq_profile                                               000 = 0
[trace_headers @ 0x823018190] 19          still_picture                                               0 = 0
[trace_headers @ 0x823018190] 20          reduced_still_picture_header                                0 = 0
[trace_headers @ 0x823018190] 21          timing_info_present_flag                                    0 = 0
[trace_headers @ 0x823018190] 22          initial_display_delay_present_flag                          0 = 0
[trace_headers @ 0x823018190] 23          operating_points_cnt_minus_1                            00001 = 1
[trace_headers @ 0x823018190] 28          operating_point_idc[0]                           000100000011 = 259
[trace_headers @ 0x823018190] 40          seq_level_idx[0]                                        00000 = 0
[trace_headers @ 0x823018190] 45          operating_point_idc[1]                           000100000001 = 257
[trace_headers @ 0x823018190] 57          seq_level_idx[1]                                        00000 = 0
[trace_headers @ 0x823018190] 62          frame_width_bits_minus_1                                 0111 = 7
[trace_headers @ 0x823018190] 66          frame_height_bits_minus_1                                0110 = 6
[trace_headers @ 0x823018190] 70          max_frame_width_minus_1                              10011111 = 159
[trace_headers @ 0x823018190] 78          max_frame_height_minus_1                              1011111 = 95
[trace_headers @ 0x823018190] 85          frame_id_numbers_present_flag                               0 = 0
[trace_headers @ 0x823018190] 86          use_128x128_superblock                                      0 = 0
[trace_headers @ 0x823018190] 87          enable_filter_intra                                         0 = 0
[trace_headers @ 0x823018190] 88          enable_intra_edge_filter                                    1 = 1
[trace_headers @ 0x823018190] 89          enable_interintra_compound                                  0 = 0
[trace_headers @ 0x823018190] 90          enable_masked_compound                                      1 = 1
[trace_headers @ 0x823018190] 91          enable_warped_motion                                        0 = 0
[trace_headers @ 0x823018190] 92          enable_dual_filter                                          0 = 0
[trace_headers @ 0x823018190] 93          enable_order_hint                                           0 = 0
[trace_headers @ 0x823018190] 94          seq_choose_screen_content_tools                             1 = 1
[trace_headers @ 0x823018190] 95          seq_choose_integer_mv                                       1 = 1
[trace_headers @ 0x823018190] 96          enable_superres                                             0 = 0
[trace_headers @ 0x823018190] 97          enable_cdef                                                 1 = 1
[trace_headers @ 0x823018190] 98          enable_restoration                                          0 = 0
[trace_headers @ 0x823018190] 99          high_bitdepth                                               0 = 0
[trace_headers @ 0x823018190] 100         mono_chrome                                                 0 = 0
[trace_headers @ 0x823018190] 101         color_description_present_flag                              0 = 0
[trace_headers @ 0x823018190] 102         color_range                                                 0 = 0
[trace_headers @ 0x823018190] 103         chroma_sample_position                                     00 = 0
[trace_headers @ 0x823018190] 105         separate_uv_delta_q                                         0 = 0
[trace_headers @ 0x823018190] 106         film_grain_params_present                                   0 = 0
[trace_headers @ 0x823018190] 107         trailing_one_bit                                            1 = 1
[trace_headers @ 0x823018190] 108         trailing_zero_bit                                           0 = 0
[trace_headers @ 0x823018190] 109         trailing_zero_bit                                           0 = 0
[trace_headers @ 0x823018190] 110         trailing_zero_bit                                           0 = 0
[trace_headers @ 0x823018190] 111         trailing_zero_bit                                           0 = 0
Stream mapping:
  Stream #0:0 -> #0:0 (copy)
Output #0, null, to 'pipe:':
  Metadata:
    encoder         : Lavf62.12.102
  Stream #0:0: Video: av1 (Main), 1 reference frame (AV01 / 0x31305641), yuv420p(tv), 160x96 [SAR 1:1 DAR 5:3], q=2-31, 24 tbr, 24 tbn
[out#0/null @ 0x823068300] Starting thread...
[in#0/ivf @ 0x822c10000] Starting thread...
Press [q] to stop, [?] for help
[trace_headers @ 0x823018190] Packet: 3489 bytes, key frame, pts 0, dts 0, duration 1.
[trace_headers @ 0x823018190] OBU header
[trace_headers @ 0x823018190] 0           obu_forbidden_bit                                           0 = 0
[trace_headers @ 0x823018190] 1           obu_type                                                 0010 = 2
[trace_headers @ 0x823018190] 5           obu_extension_flag                                          0 = 0
[trace_headers @ 0x823018190] 6           obu_has_size_field                                          1 = 1
[trace_headers @ 0x823018190] 7           obu_reserved_1bit                                           0 = 0
[trace_headers @ 0x823018190] 8           obu_size                                             00000000 = 0
[trace_headers @ 0x823018190] Temporal Delimiter
[trace_headers @ 0x823018190] OBU header
[trace_headers @ 0x823018190] 0           obu_forbidden_bit                                           0 = 0
[trace_headers @ 0x823018190] 1           obu_type                                                 0001 = 1
[trace_headers @ 0x823018190] 5           obu_extension_flag                                          0 = 0
[trace_headers @ 0x823018190] 6           obu_has_size_field                                          1 = 1
[trace_headers @ 0x823018190] 7           obu_reserved_1bit                                           0 = 0
[trace_headers @ 0x823018190] 8           obu_size                                             00001100 = 12
[trace_headers @ 0x823018190] Sequence Header
[trace_headers @ 0x823018190] 16          seq_profile                                               000 = 0
[trace_headers @ 0x823018190] 19          still_picture                                               0 = 0
[trace_headers @ 0x823018190] 20          reduced_still_picture_header                                0 = 0
[trace_headers @ 0x823018190] 21          timing_info_present_flag                                    0 = 0
[trace_headers @ 0x823018190] 22          initial_display_delay_present_flag                          0 = 0
[trace_headers @ 0x823018190] 23          operating_points_cnt_minus_1                            00001 = 1
[trace_headers @ 0x823018190] 28          operating_point_idc[0]                           000100000011 = 259
[trace_headers @ 0x823018190] 40          seq_level_idx[0]                                        00000 = 0
[trace_headers @ 0x823018190] 45          operating_point_idc[1]                           000100000001 = 257
[trace_headers @ 0x823018190] 57          seq_level_idx[1]                                        00000 = 0
[trace_headers @ 0x823018190] 62          frame_width_bits_minus_1                                 0111 = 7
[trace_headers @ 0x823018190] 66          frame_height_bits_minus_1                                0110 = 6
[trace_headers @ 0x823018190] 70          max_frame_width_minus_1                              10011111 = 159
[trace_headers @ 0x823018190] 78          max_frame_height_minus_1                              1011111 = 95
[trace_headers @ 0x823018190] 85          frame_id_numbers_present_flag                               0 = 0
[trace_headers @ 0x823018190] 86          use_128x128_superblock                                      0 = 0
[trace_headers @ 0x823018190] 87          enable_filter_intra                                         0 = 0
[trace_headers @ 0x823018190] 88          enable_intra_edge_filter                                    1 = 1
[trace_headers @ 0x823018190] 89          enable_interintra_compound                                  0 = 0
[trace_headers @ 0x823018190] 90          enable_masked_compound                                      1 = 1
[trace_headers @ 0x823018190] 91          enable_warped_motion                                        0 = 0
[trace_headers @ 0x823018190] 92          enable_dual_filter                                          0 = 0
[trace_headers @ 0x823018190] 93          enable_order_hint                                           0 = 0
[trace_headers @ 0x823018190] 94          seq_choose_screen_content_tools                             1 = 1
[trace_headers @ 0x823018190] 95          seq_choose_integer_mv                                       1 = 1
[trace_headers @ 0x823018190] 96          enable_superres                                             0 = 0
[trace_headers @ 0x823018190] 97          enable_cdef                                                 1 = 1
[trace_headers @ 0x823018190] 98          enable_restoration                                          0 = 0
[trace_headers @ 0x823018190] 99          high_bitdepth                                               0 = 0
[trace_headers @ 0x823018190] 100         mono_chrome                                                 0 = 0
[trace_headers @ 0x823018190] 101         color_description_present_flag                              0 = 0
[trace_headers @ 0x823018190] 102         color_range                                                 0 = 0
[trace_headers @ 0x823018190] 103         chroma_sample_position                                     00 = 0
[trace_headers @ 0x823018190] 105         separate_uv_delta_q                                         0 = 0
[trace_headers @ 0x823018190] 106         film_grain_params_present                                   0 = 0
[trace_headers @ 0x823018190] 107         trailing_one_bit                                            1 = 1
[trace_headers @ 0x823018190] 108         trailing_zero_bit                                           0 = 0
[trace_headers @ 0x823018190] 109         trailing_zero_bit                                           0 = 0
[trace_headers @ 0x823018190] 110         trailing_zero_bit                                           0 = 0
[trace_headers @ 0x823018190] 111         trailing_zero_bit                                           0 = 0
[trace_headers @ 0x823018190] OBU header
[trace_headers @ 0x823018190] 0           obu_forbidden_bit                                           0 = 0
[trace_headers @ 0x823018190] 1           obu_type                                                 0110 = 6
[trace_headers @ 0x823018190] 5           obu_extension_flag                                          1 = 1
[trace_headers @ 0x823018190] 6           obu_has_size_field                                          1 = 1
[trace_headers @ 0x823018190] 7           obu_reserved_1bit                                           0 = 0
[trace_headers @ 0x823018190] 8           temporal_id                                               000 = 0
[trace_headers @ 0x823018190] 11          spatial_id                                                 00 = 0
[trace_headers @ 0x823018190] 13          extension_header_reserved_3bits                           000 = 0
[trace_headers @ 0x823018190] 16          obu_size                                     1000110100011011 = 3469
[trace_headers @ 0x823018190] Frame Header
[trace_headers @ 0x823018190] 32          show_existing_frame                                         0 = 0
[trace_headers @ 0x823018190] 33          frame_type                                                 00 = 0
[trace_headers @ 0x823018190] 35          show_frame                                                  1 = 1
[trace_headers @ 0x823018190] 36          disable_cdf_update                                          0 = 0
[trace_headers @ 0x823018190] 37          allow_screen_content_tools                                  0 = 0
[trace_headers @ 0x823018190] 38          frame_size_override_flag                                    0 = 0
[trace_headers @ 0x823018190] 39          render_and_frame_size_different                             0 = 0
[trace_headers @ 0x823018190] 40          disable_frame_end_update_cdf                                0 = 0
[trace_headers @ 0x823018190] 41          uniform_tile_spacing_flag                                   1 = 1
[trace_headers @ 0x823018190] 42          tile_cols_log2                                              0 = 0
[trace_headers @ 0x823018190] 43          tile_rows_log2                                              0 = 0
[trace_headers @ 0x823018190] 44          base_q_idx                                           00101011 = 43
[trace_headers @ 0x823018190] 52          delta_q_y_dc.delta_coded                                    0 = 0
[trace_headers @ 0x823018190] 53          delta_q_u_dc.delta_coded                                    0 = 0
[trace_headers @ 0x823018190] 54          delta_q_u_ac.delta_coded                                    0 = 0
[trace_headers @ 0x823018190] 55          using_qmatrix                                               0 = 0
[trace_headers @ 0x823018190] 56          segmentation_enabled                                        0 = 0
[trace_headers @ 0x823018190] 57          delta_q_present                                             0 = 0
[trace_headers @ 0x823018190] 58          loop_filter_level[0]                                   000010 = 2
[trace_headers @ 0x823018190] 64          loop_filter_level[1]                                   000010 = 2
[trace_headers @ 0x823018190] 70          loop_filter_level[2]                                   000010 = 2
[trace_headers @ 0x823018190] 76          loop_filter_level[3]                                   000010 = 2
[trace_headers @ 0x823018190] 82          loop_filter_sharpness                                     000 = 0
[trace_headers @ 0x823018190] 85          loop_filter_delta_enabled                                   1 = 1
[trace_headers @ 0x823018190] 86          loop_filter_delta_update                                    0 = 0
[trace_headers @ 0x823018190] 87          cdef_damping_minus_3                                       00 = 0
[trace_headers @ 0x823018190] 89          cdef_bits                                                  00 = 0
[trace_headers @ 0x823018190] 91          cdef_y_pri_strength[0]                                   0000 = 0
[trace_headers @ 0x823018190] 95          cdef_y_sec_strength[0]                                     00 = 0
[trace_headers @ 0x823018190] 97          cdef_uv_pri_strength[0]                                  0001 = 1
[trace_headers @ 0x823018190] 101         cdef_uv_sec_strength[0]                                    00 = 0
[trace_headers @ 0x823018190] 103         tx_mode                                                     1 = 2
[trace_headers @ 0x823018190] 104         reduced_tx_set                                              0 = 0
[trace_headers @ 0x823018190] 105         zero_bit                                                    0 = 0
[trace_headers @ 0x823018190] 106         zero_bit                                                    0 = 0
[trace_headers @ 0x823018190] 107         zero_bit                                                    0 = 0
[trace_headers @ 0x823018190] 108         zero_bit                                                    0 = 0
[trace_headers @ 0x823018190] 109         zero_bit                                                    0 = 0
[trace_headers @ 0x823018190] 110         zero_bit                                                    0 = 0
[trace_headers @ 0x823018190] 111         zero_bit                                                    0 = 0
[trace_headers @ 0x823018190] Tile Group
[trace_headers @ 0x823018190] Packet: 901 bytes, pts 1, dts 1, duration 1.
[trace_headers @ 0x823018190] OBU header
[trace_headers @ 0x823018190] 0           obu_forbidden_bit                                           0 = 0
[trace_headers @ 0x823018190] 1           obu_type                                                 0010 = 2
[trace_headers @ 0x823018190] 5           obu_extension_flag                                          0 = 0
[trace_headers @ 0x823018190] 6           obu_has_size_field                                          1 = 1
[trace_headers @ 0x823018190] 7           obu_reserved_1bit                                           0 = 0
[trace_headers @ 0x823018190] 8           obu_size                                             00000000 = 0
[trace_headers @ 0x823018190] Temporal Delimiter
[trace_headers @ 0x823018190] OBU header
[trace_headers @ 0x823018190] 0           obu_forbidden_bit                                           0 = 0
[trace_headers @ 0x823018190] 1           obu_type                                                 0110 = 6
[trace_headers @ 0x823018190] 5           obu_extension_flag                                          1 = 1
[trace_headers @ 0x823018190] 6           obu_has_size_field                                          1 = 1
[trace_headers @ 0x823018190] 7           obu_reserved_1bit                                           0 = 0
[trace_headers @ 0x823018190] 8           temporal_id                                               001 = 1
[trace_headers @ 0x823018190] 11          spatial_id                                                 00 = 0
[trace_headers @ 0x823018190] 13          extension_header_reserved_3bits                           000 = 0
[trace_headers @ 0x823018190] 16          obu_size                                     1111111100000110 = 895
[trace_headers @ 0x823018190] Frame Header
[trace_headers @ 0x823018190] 32          show_existing_frame                                         0 = 0
[trace_headers @ 0x823018190] 33          frame_type                                                 01 = 1
[trace_headers @ 0x823018190] 35          show_frame                                                  1 = 1
[trace_headers @ 0x823018190] 36          error_resilient_mode                                        0 = 0
[trace_headers @ 0x823018190] 37          disable_cdf_update                                          0 = 0
[trace_headers @ 0x823018190] 38          allow_screen_content_tools                                  0 = 0
[trace_headers @ 0x823018190] 39          frame_size_override_flag                                    0 = 0
[trace_headers @ 0x823018190] 40          primary_ref_frame                                         000 = 0
[trace_headers @ 0x823018190] 43          refresh_frame_flags                                  00000000 = 0
[trace_headers @ 0x823018190] 51          ref_frame_idx[0]                                          000 = 0
[trace_headers @ 0x823018190] 54          ref_frame_idx[1]                                          000 = 0
[trace_headers @ 0x823018190] 57          ref_frame_idx[2]                                          000 = 0
[trace_headers @ 0x823018190] 60          ref_frame_idx[3]                                          000 = 0
[trace_headers @ 0x823018190] 63          ref_frame_idx[4]                                          000 = 0
[trace_headers @ 0x823018190] 66          ref_frame_idx[5]                                          000 = 0
[trace_headers @ 0x823018190] 69          ref_frame_idx[6]                                          000 = 0
[trace_headers @ 0x823018190] 72          render_and_frame_size_different                             0 = 0
[trace_headers @ 0x823018190] 73          allow_high_precision_mv                                     1 = 1
[trace_headers @ 0x823018190] 74          is_filter_switchable                                        1 = 1
[trace_headers @ 0x823018190] 75          is_motion_mode_switchable                                   0 = 0
[trace_headers @ 0x823018190] 76          disable_frame_end_update_cdf                                0 = 0
[trace_headers @ 0x823018190] 77          uniform_tile_spacing_flag                                   1 = 1
[trace_headers @ 0x823018190] 78          tile_cols_log2                                              0 = 0
[trace_headers @ 0x823018190] 79          tile_rows_log2                                              0 = 0
[trace_headers @ 0x823018190] 80          base_q_idx                                           01011000 = 88
[trace_headers @ 0x823018190] 88          delta_q_y_dc.delta_coded                                    0 = 0
[trace_headers @ 0x823018190] 89          delta_q_u_dc.delta_coded                                    0 = 0
[trace_headers @ 0x823018190] 90          delta_q_u_ac.delta_coded                                    0 = 0
[trace_headers @ 0x823018190] 91          using_qmatrix                                               0 = 0
[trace_headers @ 0x823018190] 92          segmentation_enabled                                        0 = 0
[trace_headers @ 0x823018190] 93          delta_q_present                                             0 = 0
[trace_headers @ 0x823018190] 94          loop_filter_level[0]                                   000111 = 7
[trace_headers @ 0x823018190] 100         loop_filter_level[1]                                   000111 = 7
[trace_headers @ 0x823018190] 106         loop_filter_level[2]                                   000111 = 7
[trace_headers @ 0x823018190] 112         loop_filter_level[3]                                   000111 = 7
[trace_headers @ 0x823018190] 118         loop_filter_sharpness                                     000 = 0
[trace_headers @ 0x823018190] 121         loop_filter_delta_enabled                                   1 = 1
[trace_headers @ 0x823018190] 122         loop_filter_delta_update                                    0 = 0
[trace_headers @ 0x823018190] 123         cdef_damping_minus_3                                       01 = 1
[trace_headers @ 0x823018190] 125         cdef_bits                                                  00 = 0
[trace_headers @ 0x823018190] 127         cdef_y_pri_strength[0]                                   0001 = 1
[trace_headers @ 0x823018190] 131         cdef_y_sec_strength[0]                                     00 = 0
[trace_headers @ 0x823018190] 133         cdef_uv_pri_strength[0]                                  0000 = 0
[trace_headers @ 0x823018190] 137         cdef_uv_sec_strength[0]                                    00 = 0
[trace_headers @ 0x823018190] 139         tx_mode                                                     1 = 2
[trace_headers @ 0x823018190] 140         reference_select                                            0 = 0
[trace_headers @ 0x823018190] 141         reduced_tx_set                                              0 = 0
[trace_headers @ 0x823018190] 142         is_global[1]                                                0 = 0
[trace_headers @ 0x823018190] 143         is_global[2]                                                0 = 0
[trace_headers @ 0x823018190] 144         is_global[3]                                                0 = 0
[trace_headers @ 0x823018190] 145         is_global[4]                                                0 = 0
[trace_headers @ 0x823018190] 146         is_global[5]                                                0 = 0
[trace_headers @ 0x823018190] 147         is_global[6]                                                0 = 0
[trace_headers @ 0x823018190] 148         is_global[7]                                                0 = 0
[trace_headers @ 0x823018190] 149         zero_bit                                                    0 = 0
[trace_headers @ 0x823018190] 150         zero_bit                                                    0 = 0
[trace_headers @ 0x823018190] 151         zero_bit                                                    0 = 0
[trace_headers @ 0x823018190] Tile Group
[trace_headers @ 0x823018190] Packet: 810 bytes, pts 2, dts 2, duration 1.
[trace_headers @ 0x823018190] OBU header
[trace_headers @ 0x823018190] 0           obu_forbidden_bit                                           0 = 0
[trace_headers @ 0x823018190] 1           obu_type                                                 0010 = 2
[trace_headers @ 0x823018190] 5           obu_extension_flag                                          0 = 0
[trace_headers @ 0x823018190] 6           obu_has_size_field                                          1 = 1
[trace_headers @ 0x823018190] 7           obu_reserved_1bit                                           0 = 0
[trace_headers @ 0x823018190] 8           obu_size                                             00000000 = 0
[trace_headers @ 0x823018190] Temporal Delimiter
[trace_headers @ 0x823018190] OBU header
[trace_headers @ 0x823018190] 0           obu_forbidden_bit                                           0 = 0
[trace_headers @ 0x823018190] 1           obu_type                                                 0110 = 6
[trace_headers @ 0x823018190] 5           obu_extension_flag                                          1 = 1
[trace_headers @ 0x823018190] 6           obu_has_size_field                                          1 = 1
[trace_headers @ 0x823018190] 7           obu_reserved_1bit                                           0 = 0
[trace_headers @ 0x823018190] 8           temporal_id                                               000 = 0
[trace_headers @ 0x823018190] 11          spatial_id                                                 00 = 0
[trace_headers @ 0x823018190] 13          extension_header_reserved_3bits                           000 = 0
[trace_headers @ 0x823018190] 16          obu_size                                     1010010000000110 = 804
[trace_headers @ 0x823018190] Frame Header
[trace_headers @ 0x823018190] 32          show_existing_frame                                         0 = 0
[trace_headers @ 0x823018190] 33          frame_type                                                 01 = 1
[trace_headers @ 0x823018190] 35          show_frame                                                  1 = 1
[trace_headers @ 0x823018190] 36          error_resilient_mode                                        0 = 0
[trace_headers @ 0x823018190] 37          disable_cdf_update                                          0 = 0
[trace_headers @ 0x823018190] 38          allow_screen_content_tools                                  0 = 0
[trace_headers @ 0x823018190] 39          frame_size_override_flag                                    0 = 0
[trace_headers @ 0x823018190] 40          primary_ref_frame                                         000 = 0
[trace_headers @ 0x823018190] 43          refresh_frame_flags                                  01000001 = 65
[trace_headers @ 0x823018190] 51          ref_frame_idx[0]                                          000 = 0
[trace_headers @ 0x823018190] 54          ref_frame_idx[1]                                          000 = 0
[trace_headers @ 0x823018190] 57          ref_frame_idx[2]                                          000 = 0
[trace_headers @ 0x823018190] 60          ref_frame_idx[3]                                          011 = 3
[trace_headers @ 0x823018190] 63          ref_frame_idx[4]                                          000 = 0
[trace_headers @ 0x823018190] 66          ref_frame_idx[5]                                          000 = 0
[trace_headers @ 0x823018190] 69          ref_frame_idx[6]                                          110 = 6
[trace_headers @ 0x823018190] 72          render_and_frame_size_different                             0 = 0
[trace_headers @ 0x823018190] 73          allow_high_precision_mv                                     1 = 1
[trace_headers @ 0x823018190] 74          is_filter_switchable                                        1 = 1
[trace_headers @ 0x823018190] 75          is_motion_mode_switchable                                   0 = 0
[trace_headers @ 0x823018190] 76          disable_frame_end_update_cdf                                0 = 0
[trace_headers @ 0x823018190] 77          uniform_tile_spacing_flag                                   1 = 1
[trace_headers @ 0x823018190] 78          tile_cols_log2                                              0 = 0
[trace_headers @ 0x823018190] 79          tile_rows_log2                                              0 = 0
[trace_headers @ 0x823018190] 80          base_q_idx                                           01110110 = 118
[trace_headers @ 0x823018190] 88          delta_q_y_dc.delta_coded                                    0 = 0
[trace_headers @ 0x823018190] 89          delta_q_u_dc.delta_coded                                    0 = 0
[trace_headers @ 0x823018190] 90          delta_q_u_ac.delta_coded                                    0 = 0
[trace_headers @ 0x823018190] 91          using_qmatrix                                               0 = 0
[trace_headers @ 0x823018190] 92          segmentation_enabled                                        0 = 0
[trace_headers @ 0x823018190] 93          delta_q_present                                             0 = 0
[trace_headers @ 0x823018190] 94          loop_filter_level[0]                                   010000 = 16
[trace_headers @ 0x823018190] 100         loop_filter_level[1]                                   010000 = 16
[trace_headers @ 0x823018190] 106         loop_filter_level[2]                                   010000 = 16
[trace_headers @ 0x823018190] 112         loop_filter_level[3]                                   010000 = 16
[trace_headers @ 0x823018190] 118         loop_filter_sharpness                                     000 = 0
[trace_headers @ 0x823018190] 121         loop_filter_delta_enabled                                   1 = 1
[trace_headers @ 0x823018190] 122         loop_filter_delta_update                                    0 = 0
[trace_headers @ 0x823018190] 123         cdef_damping_minus_3                                       01 = 1
[trace_headers @ 0x823018190] 125         cdef_bits                                                  00 = 0
[trace_headers @ 0x823018190] 127         cdef_y_pri_strength[0]                                   0001 = 1
[trace_headers @ 0x823018190] 131         cdef_y_sec_strength[0]                                     00 = 0
[trace_headers @ 0x823018190] 133         cdef_uv_pri_strength[0]                                  0001 = 1
[trace_headers @ 0x823018190] 137         cdef_uv_sec_strength[0]                                    00 = 0
[trace_headers @ 0x823018190] 139         tx_mode                                                     1 = 2
[trace_headers @ 0x823018190] 140         reference_select                                            0 = 0
[trace_headers @ 0x823018190] 141         reduced_tx_set                                              0 = 0
[trace_headers @ 0x823018190] 142         is_global[1]                                                0 = 0
[trace_headers @ 0x823018190] 143         is_global[2]                                                0 = 0
[trace_headers @ 0x823018190] 144         is_global[3]                                                0 = 0
[trace_headers @ 0x823018190] 145         is_global[4]                                                0 = 0
[trace_headers @ 0x823018190] 146         is_global[5]                                                0 = 0
[trace_headers @ 0x823018190] 147         is_global[6]                                                0 = 0
[trace_headers @ 0x823018190] 148         is_global[7]                                                0 = 0
[trace_headers @ 0x823018190] 149         zero_bit                                                    0 = 0
[trace_headers @ 0x823018190] 150         zero_bit                                                    0 = 0
[trace_headers @ 0x823018190] 151         zero_bit                                                    0 = 0
[trace_headers @ 0x823018190] Tile Group
[trace_headers @ 0x823018190] Packet: 1177 bytes, pts 3, dts 3, duration 1.
[trace_headers @ 0x823018190] OBU header
[trace_headers @ 0x823018190] 0           obu_forbidden_bit                                           0 = 0
[trace_headers @ 0x823018190] 1           obu_type                                                 0010 = 2
[trace_headers @ 0x823018190] 5           obu_extension_flag                                          0 = 0
[trace_headers @ 0x823018190] 6           obu_has_size_field                                          1 = 1
[trace_headers @ 0x823018190] 7           obu_reserved_1bit                                           0 = 0
[trace_headers @ 0x823018190] 8           obu_size                                             00000000 = 0
[trace_headers @ 0x823018190] Temporal Delimiter
[trace_headers @ 0x823018190] OBU header
[trace_headers @ 0x823018190] 0           obu_forbidden_bit                                           0 = 0
[trace_headers @ 0x823018190] 1           obu_type                                                 0110 = 6
[trace_headers @ 0x823018190] 5           obu_extension_flag                                          1 = 1
[trace_headers @ 0x823018190] 6           obu_has_size_field                                          1 = 1
[trace_headers @ 0x823018190] 7           obu_reserved_1bit                                           0 = 0
[trace_headers @ 0x823018190] 8           temporal_id                                               001 = 1
[trace_headers @ 0x823018190] 11          spatial_id                                                 00 = 0
[trace_headers @ 0x823018190] 13          extension_header_reserved_3bits                           000 = 0
[trace_headers @ 0x823018190] 16          obu_size                                     1001001100001001 = 1171
[trace_headers @ 0x823018190] Frame Header
[trace_headers @ 0x823018190] 32          show_existing_frame                                         0 = 0
[trace_headers @ 0x823018190] 33          frame_type                                                 01 = 1
[trace_headers @ 0x823018190] 35          show_frame                                                  1 = 1
[trace_headers @ 0x823018190] 36          error_resilient_mode                                        0 = 0
[trace_headers @ 0x823018190] 37          disable_cdf_update                                          0 = 0
[trace_headers @ 0x823018190] 38          allow_screen_content_tools                                  0 = 0
[trace_headers @ 0x823018190] 39          frame_size_override_flag                                    0 = 0
[trace_headers @ 0x823018190] 40          primary_ref_frame                                         000 = 0
[trace_headers @ 0x823018190] 43          refresh_frame_flags                                  00000000 = 0
[trace_headers @ 0x823018190] 51          ref_frame_idx[0]                                          000 = 0
[trace_headers @ 0x823018190] 54          ref_frame_idx[1]                                          000 = 0
[trace_headers @ 0x823018190] 57          ref_frame_idx[2]                                          000 = 0
[trace_headers @ 0x823018190] 60          ref_frame_idx[3]                                          000 = 0
[trace_headers @ 0x823018190] 63          ref_frame_idx[4]                                          000 = 0
[trace_headers @ 0x823018190] 66          ref_frame_idx[5]                                          000 = 0
[trace_headers @ 0x823018190] 69          ref_frame_idx[6]                                          000 = 0
[trace_headers @ 0x823018190] 72          render_and_frame_size_different                             0 = 0
[trace_headers @ 0x823018190] 73          allow_high_precision_mv                                     1 = 1
[trace_headers @ 0x823018190] 74          is_filter_switchable                                        1 = 1
[trace_headers @ 0x823018190] 75          is_motion_mode_switchable                                   0 = 0
[trace_headers @ 0x823018190] 76          disable_frame_end_update_cdf                                0 = 0
[trace_headers @ 0x823018190] 77          uniform_tile_spacing_flag                                   1 = 1
[trace_headers @ 0x823018190] 78          tile_cols_log2                                              0 = 0
[trace_headers @ 0x823018190] 79          tile_rows_log2                                              0 = 0
[trace_headers @ 0x823018190] 80          base_q_idx                                           01011010 = 90
[trace_headers @ 0x823018190] 88          delta_q_y_dc.delta_coded                                    0 = 0
[trace_headers @ 0x823018190] 89          delta_q_u_dc.delta_coded                                    0 = 0
[trace_headers @ 0x823018190] 90          delta_q_u_ac.delta_coded                                    0 = 0
[trace_headers @ 0x823018190] 91          using_qmatrix                                               0 = 0
[trace_headers @ 0x823018190] 92          segmentation_enabled                                        0 = 0
[trace_headers @ 0x823018190] 93          delta_q_present                                             0 = 0
[trace_headers @ 0x823018190] 94          loop_filter_level[0]                                   000111 = 7
[trace_headers @ 0x823018190] 100         loop_filter_level[1]                                   000111 = 7
[trace_headers @ 0x823018190] 106         loop_filter_level[2]                                   000111 = 7
[trace_headers @ 0x823018190] 112         loop_filter_level[3]                                   000111 = 7
[trace_headers @ 0x823018190] 118         loop_filter_sharpness                                     000 = 0
[trace_headers @ 0x823018190] 121         loop_filter_delta_enabled                                   1 = 1
[trace_headers @ 0x823018190] 122         loop_filter_delta_update                                    0 = 0
[trace_headers @ 0x823018190] 123         cdef_damping_minus_3                                       01 = 1
[trace_headers @ 0x823018190] 125         cdef_bits                                                  00 = 0
[trace_headers @ 0x823018190] 127         cdef_y_pri_strength[0]                                   0001 = 1
[trace_headers @ 0x823018190] 131         cdef_y_sec_strength[0]                                     00 = 0
[trace_headers @ 0x823018190] 133         cdef_uv_pri_strength[0]                                  0000 = 0
[trace_headers @ 0x823018190] 137         cdef_uv_sec_strength[0]                                    00 = 0
[trace_headers @ 0x823018190] 139         tx_mode                                                     1 = 2
[trace_headers @ 0x823018190] 140         reference_select                                            0 = 0
[trace_headers @ 0x823018190] 141         reduced_tx_set                                              0 = 0
[trace_headers @ 0x823018190] 142         is_global[1]                                                0 = 0
[trace_headers @ 0x823018190] 143         is_global[2]                                                0 = 0
[trace_headers @ 0x823018190] 144         is_global[3]                                                0 = 0
[trace_headers @ 0x823018190] 145         is_global[4]                                                0 = 0
[trace_headers @ 0x823018190] 146         is_global[5]                                                0 = 0
[trace_headers @ 0x823018190] 147         is_global[6]                                                0 = 0
[trace_headers @ 0x823018190] 148         is_global[7]                                                0 = 0
[trace_headers @ 0x823018190] 149         zero_bit                                                    0 = 0
[trace_headers @ 0x823018190] 150         zero_bit                                                    0 = 0
[trace_headers @ 0x823018190] 151         zero_bit                                                    0 = 0
[trace_headers @ 0x823018190] Tile Group
[trace_headers @ 0x823018190] Packet: 826 bytes, pts 4, dts 4, duration 1.
[trace_headers @ 0x823018190] OBU header
[trace_headers @ 0x823018190] 0           obu_forbidden_bit                                           0 = 0
[trace_headers @ 0x823018190] 1           obu_type                                                 0010 = 2
[trace_headers @ 0x823018190] 5           obu_extension_flag                                          0 = 0
[trace_headers @ 0x823018190] 6           obu_has_size_field                                          1 = 1
[trace_headers @ 0x823018190] 7           obu_reserved_1bit                                           0 = 0
[trace_headers @ 0x823018190] 8           obu_size                                             00000000 = 0
[trace_headers @ 0x823018190] Temporal Delimiter
[trace_headers @ 0x823018190] OBU header
[trace_headers @ 0x823018190] 0           obu_forbidden_bit                                           0 = 0
[trace_headers @ 0x823018190] 1           obu_type                                                 0110 = 6
[trace_headers @ 0x823018190] 5           obu_extension_flag                                          1 = 1
[trace_headers @ 0x823018190] 6           obu_has_size_field                                          1 = 1
[trace_headers @ 0x823018190] 7           obu_reserved_1bit                                           0 = 0
[trace_headers @ 0x823018190] 8           temporal_id                                               000 = 0
[trace_headers @ 0x823018190] 11          spatial_id                                                 00 = 0
[trace_headers @ 0x823018190] 13          extension_header_reserved_3bits                           000 = 0
[trace_headers @ 0x823018190] 16          obu_size                                     1011010000000110 = 820
[trace_headers @ 0x823018190] Frame Header
[trace_headers @ 0x823018190] 32          show_existing_frame                                         0 = 0
[trace_headers @ 0x823018190] 33          frame_type                                                 01 = 1
[trace_headers @ 0x823018190] 35          show_frame                                                  1 = 1
[trace_headers @ 0x823018190] 36          error_resilient_mode                                        0 = 0
[trace_headers @ 0x823018190] 37          disable_cdf_update                                          0 = 0
[trace_headers @ 0x823018190] 38          allow_screen_content_tools                                  0 = 0
[trace_headers @ 0x823018190] 39          frame_size_override_flag                                    0 = 0
[trace_headers @ 0x823018190] 40          primary_ref_frame                                         000 = 0
[trace_headers @ 0x823018190] 43          refresh_frame_flags                                  10000001 = 129
[trace_headers @ 0x823018190] 51          ref_frame_idx[0]                                          000 = 0
[trace_headers @ 0x823018190] 54          ref_frame_idx[1]                                          000 = 0
[trace_headers @ 0x823018190] 57          ref_frame_idx[2]                                          000 = 0
[trace_headers @ 0x823018190] 60          ref_frame_idx[3]                                          011 = 3
[trace_headers @ 0x823018190] 63          ref_frame_idx[4]                                          000 = 0
[trace_headers @ 0x823018190] 66          ref_frame_idx[5]                                          000 = 0
[trace_headers @ 0x823018190] 69          ref_frame_idx[6]                                          111 = 7
[trace_headers @ 0x823018190] 72          render_and_frame_size_different                             0 = 0
[trace_headers @ 0x823018190] 73          allow_high_precision_mv                                     1 = 1
[trace_headers @ 0x823018190] 74          is_filter_switchable                                        1 = 1
[trace_headers @ 0x823018190] 75          is_motion_mode_switchable                                   0 = 0
[trace_headers @ 0x823018190] 76          disable_frame_end_update_cdf                                0 = 0
[trace_headers @ 0x823018190] 77          uniform_tile_spacing_flag                                   1 = 1
[trace_headers @ 0x823018190] 78          tile_cols_log2                                              0 = 0
[trace_headers @ 0x823018190] 79          tile_rows_log2                                              0 = 0
[trace_headers @ 0x823018190] 80          base_q_idx                                           01111101 = 125
[trace_headers @ 0x823018190] 88          delta_q_y_dc.delta_coded                                    0 = 0
[trace_headers @ 0x823018190] 89          delta_q_u_dc.delta_coded                                    0 = 0
[trace_headers @ 0x823018190] 90          delta_q_u_ac.delta_coded                                    0 = 0
[trace_headers @ 0x823018190] 91          using_qmatrix                                               0 = 0
[trace_headers @ 0x823018190] 92          segmentation_enabled                                        0 = 0
[trace_headers @ 0x823018190] 93          delta_q_present                                             0 = 0
[trace_headers @ 0x823018190] 94          loop_filter_level[0]                                   010010 = 18
[trace_headers @ 0x823018190] 100         loop_filter_level[1]                                   010010 = 18
[trace_headers @ 0x823018190] 106         loop_filter_level[2]                                   010010 = 18
[trace_headers @ 0x823018190] 112         loop_filter_level[3]                                   010010 = 18
[trace_headers @ 0x823018190] 118         loop_filter_sharpness                                     000 = 0
[trace_headers @ 0x823018190] 121         loop_filter_delta_enabled                                   1 = 1
[trace_headers @ 0x823018190] 122         loop_filter_delta_update                                    0 = 0
[trace_headers @ 0x823018190] 123         cdef_damping_minus_3                                       01 = 1
[trace_headers @ 0x823018190] 125         cdef_bits                                                  00 = 0
[trace_headers @ 0x823018190] 127         cdef_y_pri_strength[0]                                   0001 = 1
[trace_headers @ 0x823018190] 131         cdef_y_sec_strength[0]                                     00 = 0
[trace_headers @ 0x823018190] 133         cdef_uv_pri_strength[0]                                  0001 = 1
[trace_headers @ 0x823018190] 137         cdef_uv_sec_strength[0]                                    00 = 0
[trace_headers @ 0x823018190] 139         tx_mode                                                     1 = 2
[trace_headers @ 0x823018190] 140         reference_select                                            0 = 0
[trace_headers @ 0x823018190] 141         reduced_tx_set                                              0 = 0
[trace_headers @ 0x823018190] 142         is_global[1]                                                0 = 0
[trace_headers @ 0x823018190] 143         is_global[2]                                                0 = 0
[trace_headers @ 0x823018190] 144         is_global[3]                                                0 = 0
[trace_headers @ 0x823018190] 145         is_global[4]                                                0 = 0
[trace_headers @ 0x823018190] 146         is_global[5]                                                0 = 0
[trace_headers @ 0x823018190] 147         is_global[6]                                                0 = 0
[trace_headers @ 0x823018190] 148         is_global[7]                                                0 = 0
[trace_headers @ 0x823018190] 149         zero_bit                                                    0 = 0
[trace_headers @ 0x823018190] 150         zero_bit                                                    0 = 0
[trace_headers @ 0x823018190] 151         zero_bit                                                    0 = 0
[trace_headers @ 0x823018190] Tile Group
[trace_headers @ 0x823018190] Packet: 1136 bytes, pts 5, dts 5, duration 1.
[trace_headers @ 0x823018190] OBU header
[trace_headers @ 0x823018190] 0           obu_forbidden_bit                                           0 = 0
[trace_headers @ 0x823018190] 1           obu_type                                                 0010 = 2
[trace_headers @ 0x823018190] 5           obu_extension_flag                                          0 = 0
[trace_headers @ 0x823018190] 6           obu_has_size_field                                          1 = 1
[trace_headers @ 0x823018190] 7           obu_reserved_1bit                                           0 = 0
[trace_headers @ 0x823018190] 8           obu_size                                             00000000 = 0
[trace_headers @ 0x823018190] Temporal Delimiter
[trace_headers @ 0x823018190] OBU header
[trace_headers @ 0x823018190] 0           obu_forbidden_bit                                           0 = 0
[trace_headers @ 0x823018190] 1           obu_type                                                 0110 = 6
[trace_headers @ 0x823018190] 5           obu_extension_flag                                          1 = 1
[trace_headers @ 0x823018190] 6           obu_has_size_field                                          1 = 1
[trace_headers @ 0x823018190] 7           obu_reserved_1bit                                           0 = 0
[trace_headers @ 0x823018190] 8           temporal_id                                               001 = 1
[trace_headers @ 0x823018190] 11          spatial_id                                                 00 = 0
[trace_headers @ 0x823018190] 13          extension_header_reserved_3bits                           000 = 0
[trace_headers @ 0x823018190] 16          obu_size                                     1110101000001000 = 1130
[trace_headers @ 0x823018190] Frame Header
[trace_headers @ 0x823018190] 32          show_existing_frame                                         0 = 0
[trace_headers @ 0x823018190] 33          frame_type                                                 01 = 1
[trace_headers @ 0x823018190] 35          show_frame                                                  1 = 1
[trace_headers @ 0x823018190] 36          error_resilient_mode                                        0 = 0
[trace_headers @ 0x823018190] 37          disable_cdf_update                                          0 = 0
[trace_headers @ 0x823018190] 38          allow_screen_content_tools                                  0 = 0
[trace_headers @ 0x823018190] 39          frame_size_override_flag                                    0 = 0
[trace_headers @ 0x823018190] 40          primary_ref_frame                                         000 = 0
[trace_headers @ 0x823018190] 43          refresh_frame_flags                                  00000000 = 0
[trace_headers @ 0x823018190] 51          ref_frame_idx[0]                                          000 = 0
[trace_headers @ 0x823018190] 54          ref_frame_idx[1]                                          000 = 0
[trace_headers @ 0x823018190] 57          ref_frame_idx[2]                                          000 = 0
[trace_headers @ 0x823018190] 60          ref_frame_idx[3]                                          000 = 0
[trace_headers @ 0x823018190] 63          ref_frame_idx[4]                                          000 = 0
[trace_headers @ 0x823018190] 66          ref_frame_idx[5]                                          000 = 0
[trace_headers @ 0x823018190] 69          ref_frame_idx[6]                                          000 = 0
[trace_headers @ 0x823018190] 72          render_and_frame_size_different                             0 = 0
[trace_headers @ 0x823018190] 73          allow_high_precision_mv                                     1 = 1
[trace_headers @ 0x823018190] 74          is_filter_switchable                                        1 = 1
[trace_headers @ 0x823018190] 75          is_motion_mode_switchable                                   0 = 0
[trace_headers @ 0x823018190] 76          disable_frame_end_update_cdf                                0 = 0
[trace_headers @ 0x823018190] 77          uniform_tile_spacing_flag                                   1 = 1
[trace_headers @ 0x823018190] 78          tile_cols_log2                                              0 = 0
[trace_headers @ 0x823018190] 79          tile_rows_log2                                              0 = 0
[trace_headers @ 0x823018190] 80          base_q_idx                                           01100010 = 98
[trace_headers @ 0x823018190] 88          delta_q_y_dc.delta_coded                                    0 = 0
[trace_headers @ 0x823018190] 89          delta_q_u_dc.delta_coded                                    0 = 0
[trace_headers @ 0x823018190] 90          delta_q_u_ac.delta_coded                                    0 = 0
[trace_headers @ 0x823018190] 91          using_qmatrix                                               0 = 0
[trace_headers @ 0x823018190] 92          segmentation_enabled                                        0 = 0
[trace_headers @ 0x823018190] 93          delta_q_present                                             0 = 0
[trace_headers @ 0x823018190] 94          loop_filter_level[0]                                   000111 = 7
[trace_headers @ 0x823018190] 100         loop_filter_level[1]                                   000111 = 7
[trace_headers @ 0x823018190] 106         loop_filter_level[2]                                   000111 = 7
[trace_headers @ 0x823018190] 112         loop_filter_level[3]                                   000111 = 7
[trace_headers @ 0x823018190] 118         loop_filter_sharpness                                     000 = 0
[trace_headers @ 0x823018190] 121         loop_filter_delta_enabled                                   1 = 1
[trace_headers @ 0x823018190] 122         loop_filter_delta_update                                    0 = 0
[trace_headers @ 0x823018190] 123         cdef_damping_minus_3                                       01 = 1
[trace_headers @ 0x823018190] 125         cdef_bits                                                  00 = 0
[trace_headers @ 0x823018190] 127         cdef_y_pri_strength[0]                                   0001 = 1
[trace_headers @ 0x823018190] 131         cdef_y_sec_strength[0]                                     00 = 0
[trace_headers @ 0x823018190] 133         cdef_uv_pri_strength[0]                                  0000 = 0
[trace_headers @ 0x823018190] 137         cdef_uv_sec_strength[0]                                    00 = 0
[trace_headers @ 0x823018190] 139         tx_mode                                                     1 = 2
[trace_headers @ 0x823018190] 140         reference_select                                            0 = 0
[trace_headers @ 0x823018190] 141         reduced_tx_set                                              0 = 0
[trace_headers @ 0x823018190] 142         is_global[1]                                                0 = 0
[trace_headers @ 0x823018190] 143         is_global[2]                                                0 = 0
[trace_headers @ 0x823018190] 144         is_global[3]                                                0 = 0
[trace_headers @ 0x823018190] 145         is_global[4]                                                0 = 0
[trace_headers @ 0x823018190] 146         is_global[5]                                                0 = 0
[trace_headers @ 0x823018190] 147         is_global[6]                                                0 = 0
[trace_headers @ 0x823018190] 148         is_global[7]                                                0 = 0
[trace_headers @ 0x823018190] 149         zero_bit                                                    0 = 0
[trace_headers @ 0x823018190] 150         zero_bit                                                    0 = 0
[trace_headers @ 0x823018190] 151         zero_bit                                                    0 = 0
[trace_headers @ 0x823018190] Tile Group
[trace_headers @ 0x823018190] Packet: 755 bytes, pts 6, dts 6, duration 1.
[trace_headers @ 0x823018190] OBU header
[trace_headers @ 0x823018190] 0           obu_forbidden_bit                                           0 = 0
[trace_headers @ 0x823018190] 1           obu_type                                                 0010 = 2
[trace_headers @ 0x823018190] 5           obu_extension_flag                                          0 = 0
[trace_headers @ 0x823018190] 6           obu_has_size_field                                          1 = 1
[trace_headers @ 0x823018190] 7           obu_reserved_1bit                                           0 = 0
[trace_headers @ 0x823018190] 8           obu_size                                             00000000 = 0
[trace_headers @ 0x823018190] Temporal Delimiter
[trace_headers @ 0x823018190] OBU header
[trace_headers @ 0x823018190] 0           obu_forbidden_bit                                           0 = 0
[trace_headers @ 0x823018190] 1           obu_type                                                 0110 = 6
[trace_headers @ 0x823018190] 5           obu_extension_flag                                          1 = 1
[trace_headers @ 0x823018190] 6           obu_has_size_field                                          1 = 1
[trace_headers @ 0x823018190] 7           obu_reserved_1bit                                           0 = 0
[trace_headers @ 0x823018190] 8           temporal_id                                               000 = 0
[trace_headers @ 0x823018190] 11          spatial_id                                                 00 = 0
[trace_headers @ 0x823018190] 13          extension_header_reserved_3bits                           000 = 0
[trace_headers @ 0x823018190] 16          obu_size                                     1110110100000101 = 749
[trace_headers @ 0x823018190] Frame Header
[trace_headers @ 0x823018190] 32          show_existing_frame                                         0 = 0
[trace_headers @ 0x823018190] 33          frame_type                                                 01 = 1
[trace_headers @ 0x823018190] 35          show_frame                                                  1 = 1
[trace_headers @ 0x823018190] 36          error_resilient_mode                                        0 = 0
[trace_headers @ 0x823018190] 37          disable_cdf_update                                          0 = 0
[trace_headers @ 0x823018190] 38          allow_screen_content_tools                                  0 = 0
[trace_headers @ 0x823018190] 39          frame_size_override_flag                                    0 = 0
[trace_headers @ 0x823018190] 40          primary_ref_frame                                         000 = 0
[trace_headers @ 0x823018190] 43          refresh_frame_flags                                  00100001 = 33
[trace_headers @ 0x823018190] 51          ref_frame_idx[0]                                          000 = 0
[trace_headers @ 0x823018190] 54          ref_frame_idx[1]                                          000 = 0
[trace_headers @ 0x823018190] 57          ref_frame_idx[2]                                          000 = 0
[trace_headers @ 0x823018190] 60          ref_frame_idx[3]                                          011 = 3
[trace_headers @ 0x823018190] 63          ref_frame_idx[4]                                          000 = 0
[trace_headers @ 0x823018190] 66          ref_frame_idx[5]                                          000 = 0
[trace_headers @ 0x823018190] 69          ref_frame_idx[6]                                          101 = 5
[trace_headers @ 0x823018190] 72          render_and_frame_size_different                             0 = 0
[trace_headers @ 0x823018190] 73          allow_high_precision_mv                                     0 = 0
[trace_headers @ 0x823018190] 74          is_filter_switchable                                        1 = 1
[trace_headers @ 0x823018190] 75          is_motion_mode_switchable                                   0 = 0
[trace_headers @ 0x823018190] 76          disable_frame_end_update_cdf                                0 = 0
[trace_headers @ 0x823018190] 77          uniform_tile_spacing_flag                                   1 = 1
[trace_headers @ 0x823018190] 78          tile_cols_log2                                              0 = 0
[trace_headers @ 0x823018190] 79          tile_rows_log2                                              0 = 0
[trace_headers @ 0x823018190] 80          base_q_idx                                           10000101 = 133
[trace_headers @ 0x823018190] 88          delta_q_y_dc.delta_coded                                    0 = 0
[trace_headers @ 0x823018190] 89          delta_q_u_dc.delta_coded                                    0 = 0
[trace_headers @ 0x823018190] 90          delta_q_u_ac.delta_coded                                    0 = 0
[trace_headers @ 0x823018190] 91          using_qmatrix                                               0 = 0
[trace_headers @ 0x823018190] 92          segmentation_enabled                                        0 = 0
[trace_headers @ 0x823018190] 93          delta_q_present                                             0 = 0
[trace_headers @ 0x823018190] 94          loop_filter_level[0]                                   010100 = 20
[trace_headers @ 0x823018190] 100         loop_filter_level[1]                                   010100 = 20
[trace_headers @ 0x823018190] 106         loop_filter_level[2]                                   010100 = 20
[trace_headers @ 0x823018190] 112         loop_filter_level[3]                                   010100 = 20
[trace_headers @ 0x823018190] 118         loop_filter_sharpness                                     000 = 0
[trace_headers @ 0x823018190] 121         loop_filter_delta_enabled                                   1 = 1
[trace_headers @ 0x823018190] 122         loop_filter_delta_update                                    0 = 0
[trace_headers @ 0x823018190] 123         cdef_damping_minus_3                                       10 = 2
[trace_headers @ 0x823018190] 125         cdef_bits                                                  00 = 0
[trace_headers @ 0x823018190] 127         cdef_y_pri_strength[0]                                   0001 = 1
[trace_headers @ 0x823018190] 131         cdef_y_sec_strength[0]                                     00 = 0
[trace_headers @ 0x823018190] 133         cdef_uv_pri_strength[0]                                  0001 = 1
[trace_headers @ 0x823018190] 137         cdef_uv_sec_strength[0]                                    00 = 0
[trace_headers @ 0x823018190] 139         tx_mode                                                     1 = 2
[trace_headers @ 0x823018190] 140         reference_select                                            0 = 0
[trace_headers @ 0x823018190] 141         reduced_tx_set                                              0 = 0
[trace_headers @ 0x823018190] 142         is_global[1]                                                0 = 0
[trace_headers @ 0x823018190] 143         is_global[2]                                                0 = 0
[trace_headers @ 0x823018190] 144         is_global[3]                                                0 = 0
[trace_headers @ 0x823018190] 145         is_global[4]                                                0 = 0
[trace_headers @ 0x823018190] 146         is_global[5]                                                0 = 0
[trace_headers @ 0x823018190] 147         is_global[6]                                                0 = 0
[trace_headers @ 0x823018190] 148         is_global[7]                                                0 = 0
[trace_headers @ 0x823018190] 149         zero_bit                                                    0 = 0
[trace_headers @ 0x823018190] 150         zero_bit                                                    0 = 0
[trace_headers @ 0x823018190] 151         zero_bit                                                    0 = 0
[trace_headers @ 0x823018190] Tile Group
[trace_headers @ 0x823018190] Packet: 935 bytes, pts 7, dts 7, duration 1.
[trace_headers @ 0x823018190] OBU header
[trace_headers @ 0x823018190] 0           obu_forbidden_bit                                           0 = 0
[trace_headers @ 0x823018190] 1           obu_type                                                 0010 = 2
[trace_headers @ 0x823018190] 5           obu_extension_flag                                          0 = 0
[trace_headers @ 0x823018190] 6           obu_has_size_field                                          1 = 1
[trace_headers @ 0x823018190] 7           obu_reserved_1bit                                           0 = 0
[trace_headers @ 0x823018190] 8           obu_size                                             00000000 = 0
[trace_headers @ 0x823018190] Temporal Delimiter
[trace_headers @ 0x823018190] OBU header
[trace_headers @ 0x823018190] 0           obu_forbidden_bit                                           0 = 0
[trace_headers @ 0x823018190] 1           obu_type                                                 0110 = 6
[trace_headers @ 0x823018190] 5           obu_extension_flag                                          1 = 1
[trace_headers @ 0x823018190] 6           obu_has_size_field                                          1 = 1
[trace_headers @ 0x823018190] 7           obu_reserved_1bit                                           0 = 0
[trace_headers @ 0x823018190] 8           temporal_id                                               001 = 1
[trace_headers @ 0x823018190] 11          spatial_id                                                 00 = 0
[trace_headers @ 0x823018190] 13          extension_header_reserved_3bits                           000 = 0
[trace_headers @ 0x823018190] 16          obu_size                                     1010000100000111 = 929
[trace_headers @ 0x823018190] Frame Header
[trace_headers @ 0x823018190] 32          show_existing_frame                                         0 = 0
[trace_headers @ 0x823018190] 33          frame_type                                                 01 = 1
[trace_headers @ 0x823018190] 35          show_frame                                                  1 = 1
[trace_headers @ 0x823018190] 36          error_resilient_mode                                        0 = 0
[trace_headers @ 0x823018190] 37          disable_cdf_update                                          0 = 0
[trace_headers @ 0x823018190] 38          allow_screen_content_tools                                  0 = 0
[trace_headers @ 0x823018190] 39          frame_size_override_flag                                    0 = 0
[trace_headers @ 0x823018190] 40          primary_ref_frame                                         000 = 0
[trace_headers @ 0x823018190] 43          refresh_frame_flags                                  00000000 = 0
[trace_headers @ 0x823018190] 51          ref_frame_idx[0]                                          000 = 0
[trace_headers @ 0x823018190] 54          ref_frame_idx[1]                                          000 = 0
[trace_headers @ 0x823018190] 57          ref_frame_idx[2]                                          000 = 0
[trace_headers @ 0x823018190] 60          ref_frame_idx[3]                                          000 = 0
[trace_headers @ 0x823018190] 63          ref_frame_idx[4]                                          000 = 0
[trace_headers @ 0x823018190] 66          ref_frame_idx[5]                                          000 = 0
[trace_headers @ 0x823018190] 69          ref_frame_idx[6]                                          000 = 0
[trace_headers @ 0x823018190] 72          render_and_frame_size_different                             0 = 0
[trace_headers @ 0x823018190] 73          allow_high_precision_mv                                     1 = 1
[trace_headers @ 0x823018190] 74          is_filter_switchable                                        1 = 1
[trace_headers @ 0x823018190] 75          is_motion_mode_switchable                                   0 = 0
[trace_headers @ 0x823018190] 76          disable_frame_end_update_cdf                                0 = 0
[trace_headers @ 0x823018190] 77          uniform_tile_spacing_flag                                   1 = 1
[trace_headers @ 0x823018190] 78          tile_cols_log2                                              0 = 0
[trace_headers @ 0x823018190] 79          tile_rows_log2                                              0 = 0
[trace_headers @ 0x823018190] 80          base_q_idx                                           01100111 = 103
[trace_headers @ 0x823018190] 88          delta_q_y_dc.delta_coded                                    0 = 0
[trace_headers @ 0x823018190] 89          delta_q_u_dc.delta_coded                                    0 = 0
[trace_headers @ 0x823018190] 90          delta_q_u_ac.delta_coded                                    0 = 0
[trace_headers @ 0x823018190] 91          using_qmatrix                                               0 = 0
[trace_headers @ 0x823018190] 92          segmentation_enabled                                        0 = 0
[trace_headers @ 0x823018190] 93          delta_q_present                                             0 = 0
[trace_headers @ 0x823018190] 94          loop_filter_level[0]                                   001000 = 8
[trace_headers @ 0x823018190] 100         loop_filter_level[1]                                   001000 = 8
[trace_headers @ 0x823018190] 106         loop_filter_level[2]                                   001000 = 8
[trace_headers @ 0x823018190] 112         loop_filter_level[3]                                   001000 = 8
[trace_headers @ 0x823018190] 118         loop_filter_sharpness                                     000 = 0
[trace_headers @ 0x823018190] 121         loop_filter_delta_enabled                                   1 = 1
[trace_headers @ 0x823018190] 122         loop_filter_delta_update                                    0 = 0
[trace_headers @ 0x823018190] 123         cdef_damping_minus_3                                       01 = 1
[trace_headers @ 0x823018190] 125         cdef_bits                                                  00 = 0
[trace_headers @ 0x823018190] 127         cdef_y_pri_strength[0]                                   0001 = 1
[trace_headers @ 0x823018190] 131         cdef_y_sec_strength[0]                                     00 = 0
[trace_headers @ 0x823018190] 133         cdef_uv_pri_strength[0]                                  0000 = 0
[trace_headers @ 0x823018190] 137         cdef_uv_sec_strength[0]                                    00 = 0
[trace_headers @ 0x823018190] 139         tx_mode                                                     1 = 2
[trace_headers @ 0x823018190] 140         reference_select                                            0 = 0
[trace_headers @ 0x823018190] 141         reduced_tx_set                                              0 = 0
[trace_headers @ 0x823018190] 142         is_global[1]                                                0 = 0
[trace_headers @ 0x823018190] 143         is_global[2]                                                0 = 0
[trace_headers @ 0x823018190] 144         is_global[3]                                                0 = 0
[trace_headers @ 0x823018190] 145         is_global[4]                                                0 = 0
[trace_headers @ 0x823018190] 146         is_global[5]                                                0 = 0
[trace_headers @ 0x823018190] 147         is_global[6]                                                0 = 0
[trace_headers @ 0x823018190] 148         is_global[7]                                                0 = 0
[trace_headers @ 0x823018190] 149         zero_bit                                                    0 = 0
[trace_headers @ 0x823018190] 150         zero_bit                                                    0 = 0
[trace_headers @ 0x823018190] 151         zero_bit                                                    0 = 0
[trace_headers @ 0x823018190] Tile Group
[trace_headers @ 0x823018190] Packet: 696 bytes, pts 8, dts 8, duration 1.
[trace_headers @ 0x823018190] OBU header
[trace_headers @ 0x823018190] 0           obu_forbidden_bit                                           0 = 0
[trace_headers @ 0x823018190] 1           obu_type                                                 0010 = 2
[trace_headers @ 0x823018190] 5           obu_extension_flag                                          0 = 0
[trace_headers @ 0x823018190] 6           obu_has_size_field                                          1 = 1
[trace_headers @ 0x823018190] 7           obu_reserved_1bit                                           0 = 0
[trace_headers @ 0x823018190] 8           obu_size                                             00000000 = 0
[trace_headers @ 0x823018190] Temporal Delimiter
[trace_headers @ 0x823018190] OBU header
[trace_headers @ 0x823018190] 0           obu_forbidden_bit                                           0 = 0
[trace_headers @ 0x823018190] 1           obu_type                                                 0110 = 6
[trace_headers @ 0x823018190] 5           obu_extension_flag                                          1 = 1
[trace_headers @ 0x823018190] 6           obu_has_size_field                                          1 = 1
[trace_headers @ 0x823018190] 7           obu_reserved_1bit                                           0 = 0
[trace_headers @ 0x823018190] 8           temporal_id                                               000 = 0
[trace_headers @ 0x823018190] 11          spatial_id                                                 00 = 0
[trace_headers @ 0x823018190] 13          extension_header_reserved_3bits                           000 = 0
[trace_headers @ 0x823018190] 16          obu_size                                     1011001000000101 = 690
[trace_headers @ 0x823018190] Frame Header
[trace_headers @ 0x823018190] 32          show_existing_frame                                         0 = 0
[trace_headers @ 0x823018190] 33          frame_type                                                 01 = 1
[trace_headers @ 0x823018190] 35          show_frame                                                  1 = 1
[trace_headers @ 0x823018190] 36          error_resilient_mode                                        0 = 0
[trace_headers @ 0x823018190] 37          disable_cdf_update                                          0 = 0
[trace_headers @ 0x823018190] 38          allow_screen_content_tools                                  0 = 0
[trace_headers @ 0x823018190] 39          frame_size_override_flag                                    0 = 0
[trace_headers @ 0x823018190] 40          primary_ref_frame                                         000 = 0
[trace_headers @ 0x823018190] 43          refresh_frame_flags                                  01000001 = 65
[trace_headers @ 0x823018190] 51          ref_frame_idx[0]                                          000 = 0
[trace_headers @ 0x823018190] 54          ref_frame_idx[1]                                          000 = 0
[trace_headers @ 0x823018190] 57          ref_frame_idx[2]                                          000 = 0
[trace_headers @ 0x823018190] 60          ref_frame_idx[3]                                          011 = 3
[trace_headers @ 0x823018190] 63          ref_frame_idx[4]                                          000 = 0
[trace_headers @ 0x823018190] 66          ref_frame_idx[5]                                          000 = 0
[trace_headers @ 0x823018190] 69          ref_frame_idx[6]                                          110 = 6
[trace_headers @ 0x823018190] 72          render_and_frame_size_different                             0 = 0
[trace_headers @ 0x823018190] 73          allow_high_precision_mv                                     0 = 0
[trace_headers @ 0x823018190] 74          is_filter_switchable                                        1 = 1
[trace_headers @ 0x823018190] 75          is_motion_mode_switchable                                   0 = 0
[trace_headers @ 0x823018190] 76          disable_frame_end_update_cdf                                0 = 0
[trace_headers @ 0x823018190] 77          uniform_tile_spacing_flag                                   1 = 1
[trace_headers @ 0x823018190] 78          tile_cols_log2                                              0 = 0
[trace_headers @ 0x823018190] 79          tile_rows_log2                                              0 = 0
[trace_headers @ 0x823018190] 80          base_q_idx                                           10000111 = 135
[trace_headers @ 0x823018190] 88          delta_q_y_dc.delta_coded                                    0 = 0
[trace_headers @ 0x823018190] 89          delta_q_u_dc.delta_coded                                    0 = 0
[trace_headers @ 0x823018190] 90          delta_q_u_ac.delta_coded                                    0 = 0
[trace_headers @ 0x823018190] 91          using_qmatrix                                               0 = 0
[trace_headers @ 0x823018190] 92          segmentation_enabled                                        0 = 0
[trace_headers @ 0x823018190] 93          delta_q_present                                             0 = 0
[trace_headers @ 0x823018190] 94          loop_filter_level[0]                                   010101 = 21
[trace_headers @ 0x823018190] 100         loop_filter_level[1]                                   010101 = 21
[trace_headers @ 0x823018190] 106         loop_filter_level[2]                                   010101 = 21
[trace_headers @ 0x823018190] 112         loop_filter_level[3]                                   010101 = 21
[trace_headers @ 0x823018190] 118         loop_filter_sharpness                                     000 = 0
[trace_headers @ 0x823018190] 121         loop_filter_delta_enabled                                   1 = 1
[trace_headers @ 0x823018190] 122         loop_filter_delta_update                                    0 = 0
[trace_headers @ 0x823018190] 123         cdef_damping_minus_3                                       10 = 2
[trace_headers @ 0x823018190] 125         cdef_bits                                                  00 = 0
[trace_headers @ 0x823018190] 127         cdef_y_pri_strength[0]                                   0001 = 1
[trace_headers @ 0x823018190] 131         cdef_y_sec_strength[0]                                     00 = 0
[trace_headers @ 0x823018190] 133         cdef_uv_pri_strength[0]                                  0001 = 1
[trace_headers @ 0x823018190] 137         cdef_uv_sec_strength[0]                                    00 = 0
[trace_headers @ 0x823018190] 139         tx_mode                                                     1 = 2
[trace_headers @ 0x823018190] 140         reference_select                                            0 = 0
[trace_headers @ 0x823018190] 141         reduced_tx_set                                              0 = 0
[trace_headers @ 0x823018190] 142         is_global[1]                                                0 = 0
[trace_headers @ 0x823018190] 143         is_global[2]                                                0 = 0
[trace_headers @ 0x823018190] 144         is_global[3]                                                0 = 0
[trace_headers @ 0x823018190] 145         is_global[4]                                                0 = 0
[trace_headers @ 0x823018190] 146         is_global[5]                                                0 = 0
[trace_headers @ 0x823018190] 147         is_global[6]                                                0 = 0
[trace_headers @ 0x823018190] 148         is_global[7]                                                0 = 0
[trace_headers @ 0x823018190] 149         zero_bit                                                    0 = 0
[trace_headers @ 0x823018190] 150         zero_bit                                                    0 = 0
[trace_headers @ 0x823018190] 151         zero_bit                                                    0 = 0
[trace_headers @ 0x823018190] Tile Group
[trace_headers @ 0x823018190] Packet: 1029 bytes, pts 9, dts 9, duration 1.
[trace_headers @ 0x823018190] OBU header
[trace_headers @ 0x823018190] 0           obu_forbidden_bit                                           0 = 0
[trace_headers @ 0x823018190] 1           obu_type                                                 0010 = 2
[trace_headers @ 0x823018190] 5           obu_extension_flag                                          0 = 0
[trace_headers @ 0x823018190] 6           obu_has_size_field                                          1 = 1
[trace_headers @ 0x823018190] 7           obu_reserved_1bit                                           0 = 0
[trace_headers @ 0x823018190] 8           obu_size                                             00000000 = 0
[trace_headers @ 0x823018190] Temporal Delimiter
[trace_headers @ 0x823018190] OBU header
[trace_headers @ 0x823018190] 0           obu_forbidden_bit                                           0 = 0
[trace_headers @ 0x823018190] 1           obu_type                                                 0110 = 6
[trace_headers @ 0x823018190] 5           obu_extension_flag                                          1 = 1
[trace_headers @ 0x823018190] 6           obu_has_size_field                                          1 = 1
[trace_headers @ 0x823018190] 7           obu_reserved_1bit                                           0 = 0
[trace_headers @ 0x823018190] 8           temporal_id                                               001 = 1
[trace_headers @ 0x823018190] 11          spatial_id                                                 00 = 0
[trace_headers @ 0x823018190] 13          extension_header_reserved_3bits                           000 = 0
[trace_headers @ 0x823018190] 16          obu_size                                     1111111100000111 = 1023
[trace_headers @ 0x823018190] Frame Header
[trace_headers @ 0x823018190] 32          show_existing_frame                                         0 = 0
[trace_headers @ 0x823018190] 33          frame_type                                                 01 = 1
[trace_headers @ 0x823018190] 35          show_frame                                                  1 = 1
[trace_headers @ 0x823018190] 36          error_resilient_mode                                        0 = 0
[trace_headers @ 0x823018190] 37          disable_cdf_update                                          0 = 0
[trace_headers @ 0x823018190] 38          allow_screen_content_tools                                  0 = 0
[trace_headers @ 0x823018190] 39          frame_size_override_flag                                    0 = 0
[trace_headers @ 0x823018190] 40          primary_ref_frame                                         000 = 0
[trace_headers @ 0x823018190] 43          refresh_frame_flags                                  00000000 = 0
[trace_headers @ 0x823018190] 51          ref_frame_idx[0]                                          000 = 0
[trace_headers @ 0x823018190] 54          ref_frame_idx[1]                                          000 = 0
[trace_headers @ 0x823018190] 57          ref_frame_idx[2]                                          000 = 0
[trace_headers @ 0x823018190] 60          ref_frame_idx[3]                                          000 = 0
[trace_headers @ 0x823018190] 63          ref_frame_idx[4]                                          000 = 0
[trace_headers @ 0x823018190] 66          ref_frame_idx[5]                                          000 = 0
[trace_headers @ 0x823018190] 69          ref_frame_idx[6]                                          000 = 0
[trace_headers @ 0x823018190] 72          render_and_frame_size_different                             0 = 0
[trace_headers @ 0x823018190] 73          allow_high_precision_mv                                     1 = 1
[trace_headers @ 0x823018190] 74          is_filter_switchable                                        1 = 1
[trace_headers @ 0x823018190] 75          is_motion_mode_switchable                                   0 = 0
[trace_headers @ 0x823018190] 76          disable_frame_end_update_cdf                                0 = 0
[trace_headers @ 0x823018190] 77          uniform_tile_spacing_flag                                   1 = 1
[trace_headers @ 0x823018190] 78          tile_cols_log2                                              0 = 0
[trace_headers @ 0x823018190] 79          tile_rows_log2                                              0 = 0
[trace_headers @ 0x823018190] 80          base_q_idx                                           01101000 = 104
[trace_headers @ 0x823018190] 88          delta_q_y_dc.delta_coded                                    0 = 0
[trace_headers @ 0x823018190] 89          delta_q_u_dc.delta_coded                                    0 = 0
[trace_headers @ 0x823018190] 90          delta_q_u_ac.delta_coded                                    0 = 0
[trace_headers @ 0x823018190] 91          using_qmatrix                                               0 = 0
[trace_headers @ 0x823018190] 92          segmentation_enabled                                        0 = 0
[trace_headers @ 0x823018190] 93          delta_q_present                                             0 = 0
[trace_headers @ 0x823018190] 94          loop_filter_level[0]                                   001000 = 8
[trace_headers @ 0x823018190] 100         loop_filter_level[1]                                   001000 = 8
[trace_headers @ 0x823018190] 106         loop_filter_level[2]                                   001000 = 8
[trace_headers @ 0x823018190] 112         loop_filter_level[3]                                   001000 = 8
[trace_headers @ 0x823018190] 118         loop_filter_sharpness                                     000 = 0
[trace_headers @ 0x823018190] 121         loop_filter_delta_enabled                                   1 = 1
[trace_headers @ 0x823018190] 122         loop_filter_delta_update                                    0 = 0
[trace_headers @ 0x823018190] 123         cdef_damping_minus_3                                       01 = 1
[trace_headers @ 0x823018190] 125         cdef_bits                                                  00 = 0
[trace_headers @ 0x823018190] 127         cdef_y_pri_strength[0]                                   0001 = 1
[trace_headers @ 0x823018190] 131         cdef_y_sec_strength[0]                                     00 = 0
[trace_headers @ 0x823018190] 133         cdef_uv_pri_strength[0]                                  0000 = 0
[trace_headers @ 0x823018190] 137         cdef_uv_sec_strength[0]                                    00 = 0
[trace_headers @ 0x823018190] 139         tx_mode                                                     1 = 2
[trace_headers @ 0x823018190] 140         reference_select                                            0 = 0
[trace_headers @ 0x823018190] 141         reduced_tx_set                                              0 = 0
[trace_headers @ 0x823018190] 142         is_global[1]                                                0 = 0
[trace_headers @ 0x823018190] 143         is_global[2]                                                0 = 0
[trace_headers @ 0x823018190] 144         is_global[3]                                                0 = 0
[trace_headers @ 0x823018190] 145         is_global[4]                                                0 = 0
[trace_headers @ 0x823018190] 146         is_global[5]                                                0 = 0
[trace_headers @ 0x823018190] 147         is_global[6]                                                0 = 0
[trace_headers @ 0x823018190] 148         is_global[7]                                                0 = 0
[trace_headers @ 0x823018190] 149         zero_bit                                                    0 = 0
[trace_headers @ 0x823018190] 150         zero_bit                                                    0 = 0
[trace_headers @ 0x823018190] 151         zero_bit                                                    0 = 0
[trace_headers @ 0x823018190] Tile Group
[trace_headers @ 0x823018190] Packet: 770 bytes, pts 10, dts 10, duration 1.
[trace_headers @ 0x823018190] OBU header
[trace_headers @ 0x823018190] 0           obu_forbidden_bit                                           0 = 0
[trace_headers @ 0x823018190] 1           obu_type                                                 0010 = 2
[trace_headers @ 0x823018190] 5           obu_extension_flag                                          0 = 0
[trace_headers @ 0x823018190] 6           obu_has_size_field                                          1 = 1
[trace_headers @ 0x823018190] 7           obu_reserved_1bit                                           0 = 0
[trace_headers @ 0x823018190] 8           obu_size                                             00000000 = 0
[trace_headers @ 0x823018190] Temporal Delimiter
[trace_headers @ 0x823018190] OBU header
[trace_headers @ 0x823018190] 0           obu_forbidden_bit                                           0 = 0
[trace_headers @ 0x823018190] 1           obu_type                                                 0110 = 6
[trace_headers @ 0x823018190] 5           obu_extension_flag                                          1 = 1
[trace_headers @ 0x823018190] 6           obu_has_size_field                                          1 = 1
[trace_headers @ 0x823018190] 7           obu_reserved_1bit                                           0 = 0
[trace_headers @ 0x823018190] 8           temporal_id                                               000 = 0
[trace_headers @ 0x823018190] 11          spatial_id                                                 00 = 0
[trace_headers @ 0x823018190] 13          extension_header_reserved_3bits                           000 = 0
[trace_headers @ 0x823018190] 16          obu_size                                     1111110000000101 = 764
[trace_headers @ 0x823018190] Frame Header
[trace_headers @ 0x823018190] 32          show_existing_frame                                         0 = 0
[trace_headers @ 0x823018190] 33          frame_type                                                 01 = 1
[trace_headers @ 0x823018190] 35          show_frame                                                  1 = 1
[trace_headers @ 0x823018190] 36          error_resilient_mode                                        0 = 0
[trace_headers @ 0x823018190] 37          disable_cdf_update                                          0 = 0
[trace_headers @ 0x823018190] 38          allow_screen_content_tools                                  0 = 0
[trace_headers @ 0x823018190] 39          frame_size_override_flag                                    0 = 0
[trace_headers @ 0x823018190] 40          primary_ref_frame                                         000 = 0
[trace_headers @ 0x823018190] 43          refresh_frame_flags                                  10000001 = 129
[trace_headers @ 0x823018190] 51          ref_frame_idx[0]                                          000 = 0
[trace_headers @ 0x823018190] 54          ref_frame_idx[1]                                          000 = 0
[trace_headers @ 0x823018190] 57          ref_frame_idx[2]                                          000 = 0
[trace_headers @ 0x823018190] 60          ref_frame_idx[3]                                          011 = 3
[trace_headers @ 0x823018190] 63          ref_frame_idx[4]                                          000 = 0
[trace_headers @ 0x823018190] 66          ref_frame_idx[5]                                          000 = 0
[trace_headers @ 0x823018190] 69          ref_frame_idx[6]                                          111 = 7
[trace_headers @ 0x823018190] 72          render_and_frame_size_different                             0 = 0
[trace_headers @ 0x823018190] 73          allow_high_precision_mv                                     0 = 0
[trace_headers @ 0x823018190] 74          is_filter_switchable                                        1 = 1
[trace_headers @ 0x823018190] 75          is_motion_mode_switchable                                   0 = 0
[trace_headers @ 0x823018190] 76          disable_frame_end_update_cdf                                0 = 0
[trace_headers @ 0x823018190] 77          uniform_tile_spacing_flag                                   1 = 1
[trace_headers @ 0x823018190] 78          tile_cols_log2                                              0 = 0
[trace_headers @ 0x823018190] 79          tile_rows_log2                                              0 = 0
[trace_headers @ 0x823018190] 80          base_q_idx                                           10001011 = 139
[trace_headers @ 0x823018190] 88          delta_q_y_dc.delta_coded                                    0 = 0
[trace_headers @ 0x823018190] 89          delta_q_u_dc.delta_coded                                    0 = 0
[trace_headers @ 0x823018190] 90          delta_q_u_ac.delta_coded                                    0 = 0
[trace_headers @ 0x823018190] 91          using_qmatrix                                               0 = 0
[trace_headers @ 0x823018190] 92          segmentation_enabled                                        0 = 0
[trace_headers @ 0x823018190] 93          delta_q_present                                             0 = 0
[trace_headers @ 0x823018190] 94          loop_filter_level[0]                                   010110 = 22
[trace_headers @ 0x823018190] 100         loop_filter_level[1]                                   010110 = 22
[trace_headers @ 0x823018190] 106         loop_filter_level[2]                                   010110 = 22
[trace_headers @ 0x823018190] 112         loop_filter_level[3]                                   010110 = 22
[trace_headers @ 0x823018190] 118         loop_filter_sharpness                                     000 = 0
[trace_headers @ 0x823018190] 121         loop_filter_delta_enabled                                   1 = 1
[trace_headers @ 0x823018190] 122         loop_filter_delta_update                                    0 = 0
[trace_headers @ 0x823018190] 123         cdef_damping_minus_3                                       10 = 2
[trace_headers @ 0x823018190] 125         cdef_bits                                                  00 = 0
[trace_headers @ 0x823018190] 127         cdef_y_pri_strength[0]                                   0001 = 1
[trace_headers @ 0x823018190] 131         cdef_y_sec_strength[0]                                     00 = 0
[trace_headers @ 0x823018190] 133         cdef_uv_pri_strength[0]                                  0001 = 1
[trace_headers @ 0x823018190] 137         cdef_uv_sec_strength[0]                                    00 = 0
[trace_headers @ 0x823018190] 139         tx_mode                                                     1 = 2
[trace_headers @ 0x823018190] 140         reference_select                                            0 = 0
[trace_headers @ 0x823018190] 141         reduced_tx_set                                              0 = 0
[trace_headers @ 0x823018190] 142         is_global[1]                                                0 = 0
[trace_headers @ 0x823018190] 143         is_global[2]                                                0 = 0
[trace_headers @ 0x823018190] 144         is_global[3]                                                0 = 0
[trace_headers @ 0x823018190] 145         is_global[4]                                                0 = 0
[trace_headers @ 0x823018190] 146         is_global[5]                                                0 = 0
[trace_headers @ 0x823018190] 147         is_global[6]                                                0 = 0
[trace_headers @ 0x823018190] 148         is_global[7]                                                0 = 0
[trace_headers @ 0x823018190] 149         zero_bit                                                    0 = 0
[trace_headers @ 0x823018190] 150         zero_bit                                                    0 = 0
[trace_headers @ 0x823018190] 151         zero_bit                                                    0 = 0
[trace_headers @ 0x823018190] Tile Group
[trace_headers @ 0x823018190] Packet: 970 bytes, pts 11, dts 11, duration 1.
[trace_headers @ 0x823018190] OBU header
[trace_headers @ 0x823018190] 0           obu_forbidden_bit                                           0 = 0
[trace_headers @ 0x823018190] 1           obu_type                                                 0010 = 2
[trace_headers @ 0x823018190] 5           obu_extension_flag                                          0 = 0
[trace_headers @ 0x823018190] 6           obu_has_size_field                                          1 = 1
[trace_headers @ 0x823018190] 7           obu_reserved_1bit                                           0 = 0
[trace_headers @ 0x823018190] 8           obu_size                                             00000000 = 0
[trace_headers @ 0x823018190] Temporal Delimiter
[trace_headers @ 0x823018190] OBU header
[trace_headers @ 0x823018190] 0           obu_forbidden_bit                                           0 = 0
[trace_headers @ 0x823018190] 1           obu_type                                                 0110 = 6
[trace_headers @ 0x823018190] 5           obu_extension_flag                                          1 = 1
[trace_headers @ 0x823018190] 6           obu_has_size_field                                          1 = 1
[trace_headers @ 0x823018190] 7           obu_reserved_1bit                                           0 = 0
[trace_headers @ 0x823018190] 8           temporal_id                                               001 = 1
[trace_headers @ 0x823018190] 11          spatial_id                                                 00 = 0
[trace_headers @ 0x823018190] 13          extension_header_reserved_3bits                           000 = 0
[trace_headers @ 0x823018190] 16          obu_size                                     1100010000000111 = 964
[trace_headers @ 0x823018190] Frame Header
[trace_headers @ 0x823018190] 32          show_existing_frame                                         0 = 0
[trace_headers @ 0x823018190] 33          frame_type                                                 01 = 1
[trace_headers @ 0x823018190] 35          show_frame                                                  1 = 1
[trace_headers @ 0x823018190] 36          error_resilient_mode                                        0 = 0
[trace_headers @ 0x823018190] 37          disable_cdf_update                                          0 = 0
[trace_headers @ 0x823018190] 38          allow_screen_content_tools                                  0 = 0
[trace_headers @ 0x823018190] 39          frame_size_override_flag                                    0 = 0
[trace_headers @ 0x823018190] 40          primary_ref_frame                                         000 = 0
[trace_headers @ 0x823018190] 43          refresh_frame_flags                                  00000000 = 0
[trace_headers @ 0x823018190] 51          ref_frame_idx[0]                                          000 = 0
[trace_headers @ 0x823018190] 54          ref_frame_idx[1]                                          000 = 0
[trace_headers @ 0x823018190] 57          ref_frame_idx[2]                                          000 = 0
[trace_headers @ 0x823018190] 60          ref_frame_idx[3]                                          000 = 0
[trace_headers @ 0x823018190] 63          ref_frame_idx[4]                                          000 = 0
[trace_headers @ 0x823018190] 66          ref_frame_idx[5]                                          000 = 0
[trace_headers @ 0x823018190] 69          ref_frame_idx[6]                                          000 = 0
[trace_headers @ 0x823018190] 72          render_and_frame_size_different                             0 = 0
[trace_headers @ 0x823018190] 73          allow_high_precision_mv                                     1 = 1
[trace_headers @ 0x823018190] 74          is_filter_switchable                                        1 = 1
[trace_headers @ 0x823018190] 75          is_motion_mode_switchable                                   0 = 0
[trace_headers @ 0x823018190] 76          disable_frame_end_update_cdf                                0 = 0
[trace_headers @ 0x823018190] 77          uniform_tile_spacing_flag                                   1 = 1
[trace_headers @ 0x823018190] 78          tile_cols_log2                                              0 = 0
[trace_headers @ 0x823018190] 79          tile_rows_log2                                              0 = 0
[trace_headers @ 0x823018190] 80          base_q_idx                                           01111100 = 124
[trace_headers @ 0x823018190] 88          delta_q_y_dc.delta_coded                                    0 = 0
[trace_headers @ 0x823018190] 89          delta_q_u_dc.delta_coded                                    0 = 0
[trace_headers @ 0x823018190] 90          delta_q_u_ac.delta_coded                                    0 = 0
[trace_headers @ 0x823018190] 91          using_qmatrix                                               0 = 0
[trace_headers @ 0x823018190] 92          segmentation_enabled                                        0 = 0
[trace_headers @ 0x823018190] 93          delta_q_present                                             0 = 0
[trace_headers @ 0x823018190] 94          loop_filter_level[0]                                   001010 = 10
[trace_headers @ 0x823018190] 100         loop_filter_level[1]                                   001010 = 10
[trace_headers @ 0x823018190] 106         loop_filter_level[2]                                   001010 = 10
[trace_headers @ 0x823018190] 112         loop_filter_level[3]                                   001010 = 10
[trace_headers @ 0x823018190] 118         loop_filter_sharpness                                     000 = 0
[trace_headers @ 0x823018190] 121         loop_filter_delta_enabled                                   1 = 1
[trace_headers @ 0x823018190] 122         loop_filter_delta_update                                    0 = 0
[trace_headers @ 0x823018190] 123         cdef_damping_minus_3                                       01 = 1
[trace_headers @ 0x823018190] 125         cdef_bits                                                  00 = 0
[trace_headers @ 0x823018190] 127         cdef_y_pri_strength[0]                                   0001 = 1
[trace_headers @ 0x823018190] 131         cdef_y_sec_strength[0]                                     00 = 0
[trace_headers @ 0x823018190] 133         cdef_uv_pri_strength[0]                                  0001 = 1
[trace_headers @ 0x823018190] 137         cdef_uv_sec_strength[0]                                    00 = 0
[trace_headers @ 0x823018190] 139         tx_mode                                                     1 = 2
[trace_headers @ 0x823018190] 140         reference_select                                            0 = 0
[trace_headers @ 0x823018190] 141         reduced_tx_set                                              0 = 0
[trace_headers @ 0x823018190] 142         is_global[1]                                                0 = 0
[trace_headers @ 0x823018190] 143         is_global[2]                                                0 = 0
[trace_headers @ 0x823018190] 144         is_global[3]                                                0 = 0
[trace_headers @ 0x823018190] 145         is_global[4]                                                0 = 0
[trace_headers @ 0x823018190] 146         is_global[5]                                                0 = 0
[trace_headers @ 0x823018190] 147         is_global[6]                                                0 = 0
[trace_headers @ 0x823018190] 148         is_global[7]                                                0 = 0
[trace_headers @ 0x823018190] 149         zero_bit                                                    0 = 0
[trace_headers @ 0x823018190] 150         zero_bit                                                    0 = 0
[trace_headers @ 0x823018190] 151         zero_bit                                                    0 = 0
[trace_headers @ 0x823018190] Tile Group
[trace_headers @ 0x823018190] Packet: 664 bytes, pts 12, dts 12, duration 1.
[trace_headers @ 0x823018190] OBU header
[trace_headers @ 0x823018190] 0           obu_forbidden_bit                                           0 = 0
[trace_headers @ 0x823018190] 1           obu_type                                                 0010 = 2
[trace_headers @ 0x823018190] 5           obu_extension_flag                                          0 = 0
[trace_headers @ 0x823018190] 6           obu_has_size_field                                          1 = 1
[trace_headers @ 0x823018190] 7           obu_reserved_1bit                                           0 = 0
[trace_headers @ 0x823018190] 8           obu_size                                             00000000 = 0
[trace_headers @ 0x823018190] Temporal Delimiter
[trace_headers @ 0x823018190] OBU header
[trace_headers @ 0x823018190] 0           obu_forbidden_bit                                           0 = 0
[trace_headers @ 0x823018190] 1           obu_type                                                 0110 = 6
[trace_headers @ 0x823018190] 5           obu_extension_flag                                          1 = 1
[trace_headers @ 0x823018190] 6           obu_has_size_field                                          1 = 1
[trace_headers @ 0x823018190] 7           obu_reserved_1bit                                           0 = 0
[trace_headers @ 0x823018190] 8           temporal_id                                               000 = 0
[trace_headers @ 0x823018190] 11          spatial_id                                                 00 = 0
[trace_headers @ 0x823018190] 13          extension_header_reserved_3bits                           000 = 0
[trace_headers @ 0x823018190] 16          obu_size                                     1001001000000101 = 658
[trace_headers @ 0x823018190] Frame Header
[trace_headers @ 0x823018190] 32          show_existing_frame                                         0 = 0
[trace_headers @ 0x823018190] 33          frame_type                                                 01 = 1
[trace_headers @ 0x823018190] 35          show_frame                                                  1 = 1
[trace_headers @ 0x823018190] 36          error_resilient_mode                                        0 = 0
[trace_headers @ 0x823018190] 37          disable_cdf_update                                          0 = 0
[trace_headers @ 0x823018190] 38          allow_screen_content_tools                                  0 = 0
[trace_headers @ 0x823018190] 39          frame_size_override_flag                                    0 = 0
[trace_headers @ 0x823018190] 40          primary_ref_frame                                         000 = 0
[trace_headers @ 0x823018190] 43          refresh_frame_flags                                  00100001 = 33
[trace_headers @ 0x823018190] 51          ref_frame_idx[0]                                          000 = 0
[trace_headers @ 0x823018190] 54          ref_frame_idx[1]                                          000 = 0
[trace_headers @ 0x823018190] 57          ref_frame_idx[2]                                          000 = 0
[trace_headers @ 0x823018190] 60          ref_frame_idx[3]                                          011 = 3
[trace_headers @ 0x823018190] 63          ref_frame_idx[4]                                          000 = 0
[trace_headers @ 0x823018190] 66          ref_frame_idx[5]                                          000 = 0
[trace_headers @ 0x823018190] 69          ref_frame_idx[6]                                          101 = 5
[trace_headers @ 0x823018190] 72          render_and_frame_size_different                             0 = 0
[trace_headers @ 0x823018190] 73          allow_high_precision_mv                                     0 = 0
[trace_headers @ 0x823018190] 74          is_filter_switchable                                        1 = 1
[trace_headers @ 0x823018190] 75          is_motion_mode_switchable                                   0 = 0
[trace_headers @ 0x823018190] 76          disable_frame_end_update_cdf                                0 = 0
[trace_headers @ 0x823018190] 77          uniform_tile_spacing_flag                                   1 = 1
[trace_headers @ 0x823018190] 78          tile_cols_log2                                              0 = 0
[trace_headers @ 0x823018190] 79          tile_rows_log2                                              0 = 0
[trace_headers @ 0x823018190] 80          base_q_idx                                           10010000 = 144
[trace_headers @ 0x823018190] 88          delta_q_y_dc.delta_coded                                    0 = 0
[trace_headers @ 0x823018190] 89          delta_q_u_dc.delta_coded                                    0 = 0
[trace_headers @ 0x823018190] 90          delta_q_u_ac.delta_coded                                    0 = 0
[trace_headers @ 0x823018190] 91          using_qmatrix                                               0 = 0
[trace_headers @ 0x823018190] 92          segmentation_enabled                                        0 = 0
[trace_headers @ 0x823018190] 93          delta_q_present                                             0 = 0
[trace_headers @ 0x823018190] 94          loop_filter_level[0]                                   011000 = 24
[trace_headers @ 0x823018190] 100         loop_filter_level[1]                                   011000 = 24
[trace_headers @ 0x823018190] 106         loop_filter_level[2]                                   011000 = 24
[trace_headers @ 0x823018190] 112         loop_filter_level[3]                                   011000 = 24
[trace_headers @ 0x823018190] 118         loop_filter_sharpness                                     000 = 0
[trace_headers @ 0x823018190] 121         loop_filter_delta_enabled                                   1 = 1
[trace_headers @ 0x823018190] 122         loop_filter_delta_update                                    0 = 0
[trace_headers @ 0x823018190] 123         cdef_damping_minus_3                                       10 = 2
[trace_headers @ 0x823018190] 125         cdef_bits                                                  00 = 0
[trace_headers @ 0x823018190] 127         cdef_y_pri_strength[0]                                   0001 = 1
[trace_headers @ 0x823018190] 131         cdef_y_sec_strength[0]                                     00 = 0
[trace_headers @ 0x823018190] 133         cdef_uv_pri_strength[0]                                  0001 = 1
[trace_headers @ 0x823018190] 137         cdef_uv_sec_strength[0]                                    00 = 0
[trace_headers @ 0x823018190] 139         tx_mode                                                     1 = 2
[trace_headers @ 0x823018190] 140         reference_select                                            0 = 0
[trace_headers @ 0x823018190] 141         reduced_tx_set                                              0 = 0
[trace_headers @ 0x823018190] 142         is_global[1]                                                0 = 0
[trace_headers @ 0x823018190] 143         is_global[2]                                                0 = 0
[trace_headers @ 0x823018190] 144         is_global[3]                                                0 = 0
[trace_headers @ 0x823018190] 145         is_global[4]                                                0 = 0
[trace_headers @ 0x823018190] 146         is_global[5]                                                0 = 0
[trace_headers @ 0x823018190] 147         is_global[6]                                                0 = 0
[trace_headers @ 0x823018190] 148         is_global[7]                                                0 = 0
[trace_headers @ 0x823018190] 149         zero_bit                                                    0 = 0
[trace_headers @ 0x823018190] 150         zero_bit                                                    0 = 0
[trace_headers @ 0x823018190] 151         zero_bit                                                    0 = 0
[trace_headers @ 0x823018190] Tile Group
[trace_headers @ 0x823018190] Packet: 573 bytes, pts 13, dts 13, duration 1.
[trace_headers @ 0x823018190] OBU header
[trace_headers @ 0x823018190] 0           obu_forbidden_bit                                           0 = 0
[trace_headers @ 0x823018190] 1           obu_type                                                 0010 = 2
[trace_headers @ 0x823018190] 5           obu_extension_flag                                          0 = 0
[trace_headers @ 0x823018190] 6           obu_has_size_field                                          1 = 1
[trace_headers @ 0x823018190] 7           obu_reserved_1bit                                           0 = 0
[trace_headers @ 0x823018190] 8           obu_size                                             00000000 = 0
[trace_headers @ 0x823018190] Temporal Delimiter
[trace_headers @ 0x823018190] OBU header
[trace_headers @ 0x823018190] 0           obu_forbidden_bit                                           0 = 0
[trace_headers @ 0x823018190] 1           obu_type                                                 0110 = 6
[trace_headers @ 0x823018190] 5           obu_extension_flag                                          1 = 1
[trace_headers @ 0x823018190] 6           obu_has_size_field                                          1 = 1
[trace_headers @ 0x823018190] 7           obu_reserved_1bit                                           0 = 0
[trace_headers @ 0x823018190] 8           temporal_id                                               001 = 1
[trace_headers @ 0x823018190] 11          spatial_id                                                 00 = 0
[trace_headers @ 0x823018190] 13          extension_header_reserved_3bits                           000 = 0
[trace_headers @ 0x823018190] 16          obu_size                                     1011011100000100 = 567
[trace_headers @ 0x823018190] Frame Header
[trace_headers @ 0x823018190] 32          show_existing_frame                                         0 = 0
[trace_headers @ 0x823018190] 33          frame_type                                                 01 = 1
[trace_headers @ 0x823018190] 35          show_frame                                                  1 = 1
[trace_headers @ 0x823018190] 36          error_resilient_mode                                        0 = 0
[trace_headers @ 0x823018190] 37          disable_cdf_update                                          0 = 0
[trace_headers @ 0x823018190] 38          allow_screen_content_tools                                  0 = 0
[trace_headers @ 0x823018190] 39          frame_size_override_flag                                    0 = 0
[trace_headers @ 0x823018190] 40          primary_ref_frame                                         000 = 0
[trace_headers @ 0x823018190] 43          refresh_frame_flags                                  00000000 = 0
[trace_headers @ 0x823018190] 51          ref_frame_idx[0]                                          000 = 0
[trace_headers @ 0x823018190] 54          ref_frame_idx[1]                                          000 = 0
[trace_headers @ 0x823018190] 57          ref_frame_idx[2]                                          000 = 0
[trace_headers @ 0x823018190] 60          ref_frame_idx[3]                                          000 = 0
[trace_headers @ 0x823018190] 63          ref_frame_idx[4]                                          000 = 0
[trace_headers @ 0x823018190] 66          ref_frame_idx[5]                                          000 = 0
[trace_headers @ 0x823018190] 69          ref_frame_idx[6]                                          000 = 0
[trace_headers @ 0x823018190] 72          render_and_frame_size_different                             0 = 0
[trace_headers @ 0x823018190] 73          allow_high_precision_mv                                     0 = 0
[trace_headers @ 0x823018190] 74          is_filter_switchable                                        1 = 1
[trace_headers @ 0x823018190] 75          is_motion_mode_switchable                                   0 = 0
[trace_headers @ 0x823018190] 76          disable_frame_end_update_cdf                                0 = 0
[trace_headers @ 0x823018190] 77          uniform_tile_spacing_flag                                   1 = 1
[trace_headers @ 0x823018190] 78          tile_cols_log2                                              0 = 0
[trace_headers @ 0x823018190] 79          tile_rows_log2                                              0 = 0
[trace_headers @ 0x823018190] 80          base_q_idx                                           10001000 = 136
[trace_headers @ 0x823018190] 88          delta_q_y_dc.delta_coded                                    0 = 0
[trace_headers @ 0x823018190] 89          delta_q_u_dc.delta_coded                                    0 = 0
[trace_headers @ 0x823018190] 90          delta_q_u_ac.delta_coded                                    0 = 0
[trace_headers @ 0x823018190] 91          using_qmatrix                                               0 = 0
[trace_headers @ 0x823018190] 92          segmentation_enabled                                        0 = 0
[trace_headers @ 0x823018190] 93          delta_q_present                                             0 = 0
[trace_headers @ 0x823018190] 94          loop_filter_level[0]                                   001100 = 12
[trace_headers @ 0x823018190] 100         loop_filter_level[1]                                   001100 = 12
[trace_headers @ 0x823018190] 106         loop_filter_level[2]                                   001100 = 12
[trace_headers @ 0x823018190] 112         loop_filter_level[3]                                   001100 = 12
[trace_headers @ 0x823018190] 118         loop_filter_sharpness                                     000 = 0
[trace_headers @ 0x823018190] 121         loop_filter_delta_enabled                                   1 = 1
[trace_headers @ 0x823018190] 122         loop_filter_delta_update                                    0 = 0
[trace_headers @ 0x823018190] 123         cdef_damping_minus_3                                       10 = 2
[trace_headers @ 0x823018190] 125         cdef_bits                                                  00 = 0
[trace_headers @ 0x823018190] 127         cdef_y_pri_strength[0]                                   0001 = 1
[trace_headers @ 0x823018190] 131         cdef_y_sec_strength[0]                                     00 = 0
[trace_headers @ 0x823018190] 133         cdef_uv_pri_strength[0]                                  0001 = 1
[trace_headers @ 0x823018190] 137         cdef_uv_sec_strength[0]                                    00 = 0
[trace_headers @ 0x823018190] 139         tx_mode                                                     1 = 2
[trace_headers @ 0x823018190] 140         reference_select                                            0 = 0
[trace_headers @ 0x823018190] 141         reduced_tx_set                                              0 = 0
[trace_headers @ 0x823018190] 142         is_global[1]                                                0 = 0
[trace_headers @ 0x823018190] 143         is_global[2]                                                0 = 0
[trace_headers @ 0x823018190] 144         is_global[3]                                                0 = 0
[trace_headers @ 0x823018190] 145         is_global[4]                                                0 = 0
[trace_headers @ 0x823018190] 146         is_global[5]                                                0 = 0
[trace_headers @ 0x823018190] 147         is_global[6]                                                0 = 0
[trace_headers @ 0x823018190] 148         is_global[7]                                                0 = 0
[trace_headers @ 0x823018190] 149         zero_bit                                                    0 = 0
[trace_headers @ 0x823018190] 150         zero_bit                                                    0 = 0
[trace_headers @ 0x823018190] 151         zero_bit                                                    0 = 0
[trace_headers @ 0x823018190] Tile Group
[trace_headers @ 0x823018190] Packet: 762 bytes, pts 14, dts 14, duration 1.
[trace_headers @ 0x823018190] OBU header
[trace_headers @ 0x823018190] 0           obu_forbidden_bit                                           0 = 0
[trace_headers @ 0x823018190] 1           obu_type                                                 0010 = 2
[trace_headers @ 0x823018190] 5           obu_extension_flag                                          0 = 0
[trace_headers @ 0x823018190] 6           obu_has_size_field                                          1 = 1
[trace_headers @ 0x823018190] 7           obu_reserved_1bit                                           0 = 0
[trace_headers @ 0x823018190] 8           obu_size                                             00000000 = 0
[trace_headers @ 0x823018190] Temporal Delimiter
[trace_headers @ 0x823018190] OBU header
[trace_headers @ 0x823018190] 0           obu_forbidden_bit                                           0 = 0
[trace_headers @ 0x823018190] 1           obu_type                                                 0110 = 6
[trace_headers @ 0x823018190] 5           obu_extension_flag                                          1 = 1
[trace_headers @ 0x823018190] 6           obu_has_size_field                                          1 = 1
[trace_headers @ 0x823018190] 7           obu_reserved_1bit                                           0 = 0
[trace_headers @ 0x823018190] 8           temporal_id                                               000 = 0
[trace_headers @ 0x823018190] 11          spatial_id                                                 00 = 0
[trace_headers @ 0x823018190] 13          extension_header_reserved_3bits                           000 = 0
[trace_headers @ 0x823018190] 16          obu_size                                     1111010000000101 = 756
[trace_headers @ 0x823018190] Frame Header
[trace_headers @ 0x823018190] 32          show_existing_frame                                         0 = 0
[trace_headers @ 0x823018190] 33          frame_type                                                 01 = 1
[trace_headers @ 0x823018190] 35          show_frame                                                  1 = 1
[trace_headers @ 0x823018190] 36          error_resilient_mode                                        0 = 0
[trace_headers @ 0x823018190] 37          disable_cdf_update                                          0 = 0
[trace_headers @ 0x823018190] 38          allow_screen_content_tools                                  0 = 0
[trace_headers @ 0x823018190] 39          frame_size_override_flag                                    0 = 0
[trace_headers @ 0x823018190] 40          primary_ref_frame                                         000 = 0
[trace_headers @ 0x823018190] 43          refresh_frame_flags                                  01000001 = 65
[trace_headers @ 0x823018190] 51          ref_frame_idx[0]                                          000 = 0
[trace_headers @ 0x823018190] 54          ref_frame_idx[1]                                          000 = 0
[trace_headers @ 0x823018190] 57          ref_frame_idx[2]                                          000 = 0
[trace_headers @ 0x823018190] 60          ref_frame_idx[3]                                          011 = 3
[trace_headers @ 0x823018190] 63          ref_frame_idx[4]                                          000 = 0
[trace_headers @ 0x823018190] 66          ref_frame_idx[5]                                          000 = 0
[trace_headers @ 0x823018190] 69          ref_frame_idx[6]                                          110 = 6
[trace_headers @ 0x823018190] 72          render_and_frame_size_different                             0 = 0
[trace_headers @ 0x823018190] 73          allow_high_precision_mv                                     0 = 0
[trace_headers @ 0x823018190] 74          is_filter_switchable                                        1 = 1
[trace_headers @ 0x823018190] 75          is_motion_mode_switchable                                   0 = 0
[trace_headers @ 0x823018190] 76          disable_frame_end_update_cdf                                0 = 0
[trace_headers @ 0x823018190] 77          uniform_tile_spacing_flag                                   1 = 1
[trace_headers @ 0x823018190] 78          tile_cols_log2                                              0 = 0
[trace_headers @ 0x823018190] 79          tile_rows_log2                                              0 = 0
[trace_headers @ 0x823018190] 80          base_q_idx                                           10010001 = 145
[trace_headers @ 0x823018190] 88          delta_q_y_dc.delta_coded                                    0 = 0
[trace_headers @ 0x823018190] 89          delta_q_u_dc.delta_coded                                    0 = 0
[trace_headers @ 0x823018190] 90          delta_q_u_ac.delta_coded                                    0 = 0
[trace_headers @ 0x823018190] 91          using_qmatrix                                               0 = 0
[trace_headers @ 0x823018190] 92          segmentation_enabled                                        0 = 0
[trace_headers @ 0x823018190] 93          delta_q_present                                             0 = 0
[trace_headers @ 0x823018190] 94          loop_filter_level[0]                                   011000 = 24
[trace_headers @ 0x823018190] 100         loop_filter_level[1]                                   011000 = 24
[trace_headers @ 0x823018190] 106         loop_filter_level[2]                                   011000 = 24
[trace_headers @ 0x823018190] 112         loop_filter_level[3]                                   011000 = 24
[trace_headers @ 0x823018190] 118         loop_filter_sharpness                                     000 = 0
[trace_headers @ 0x823018190] 121         loop_filter_delta_enabled                                   1 = 1
[trace_headers @ 0x823018190] 122         loop_filter_delta_update                                    0 = 0
[trace_headers @ 0x823018190] 123         cdef_damping_minus_3                                       10 = 2
[trace_headers @ 0x823018190] 125         cdef_bits                                                  00 = 0
[trace_headers @ 0x823018190] 127         cdef_y_pri_strength[0]                                   0010 = 2
[trace_headers @ 0x823018190] 131         cdef_y_sec_strength[0]                                     00 = 0
[trace_headers @ 0x823018190] 133         cdef_uv_pri_strength[0]                                  0001 = 1
[trace_headers @ 0x823018190] 137         cdef_uv_sec_strength[0]                                    00 = 0
[trace_headers @ 0x823018190] 139         tx_mode                                                     1 = 2
[trace_headers @ 0x823018190] 140         reference_select                                            0 = 0
[trace_headers @ 0x823018190] 141         reduced_tx_set                                              0 = 0
[trace_headers @ 0x823018190] 142         is_global[1]                                                0 = 0
[trace_headers @ 0x823018190] 143         is_global[2]                                                0 = 0
[trace_headers @ 0x823018190] 144         is_global[3]                                                0 = 0
[trace_headers @ 0x823018190] 145         is_global[4]                                                0 = 0
[trace_headers @ 0x823018190] 146         is_global[5]                                                0 = 0
[trace_headers @ 0x823018190] 147         is_global[6]                                                0 = 0
[trace_headers @ 0x823018190] 148         is_global[7]                                                0 = 0
[trace_headers @ 0x823018190] 149         zero_bit                                                    0 = 0
[trace_headers @ 0x823018190] 150         zero_bit                                                    0 = 0
[trace_headers @ 0x823018190] 151         zero_bit                                                    0 = 0
[trace_headers @ 0x823018190] Tile Group
[trace_headers @ 0x823018190] Packet: 741 bytes, pts 15, dts 15, duration 1.
[trace_headers @ 0x823018190] OBU header
[trace_headers @ 0x823018190] 0           obu_forbidden_bit                                           0 = 0
[trace_headers @ 0x823018190] 1           obu_type                                                 0010 = 2
[trace_headers @ 0x823018190] 5           obu_extension_flag                                          0 = 0
[trace_headers @ 0x823018190] 6           obu_has_size_field                                          1 = 1
[trace_headers @ 0x823018190] 7           obu_reserved_1bit                                           0 = 0
[trace_headers @ 0x823018190] 8           obu_size                                             00000000 = 0
[trace_headers @ 0x823018190] Temporal Delimiter
[trace_headers @ 0x823018190] OBU header
[trace_headers @ 0x823018190] 0           obu_forbidden_bit                                           0 = 0
[trace_headers @ 0x823018190] 1           obu_type                                                 0110 = 6
[trace_headers @ 0x823018190] 5           obu_extension_flag                                          1 = 1
[trace_headers @ 0x823018190] 6           obu_has_size_field                                          1 = 1
[trace_headers @ 0x823018190] 7           obu_reserved_1bit                                           0 = 0
[trace_headers @ 0x823018190] 8           temporal_id                                               001 = 1
[trace_headers @ 0x823018190] 11          spatial_id                                                 00 = 0
[trace_headers @ 0x823018190] 13          extension_header_reserved_3bits                           000 = 0
[trace_headers @ 0x823018190] 16          obu_size                                     1101111100000101 = 735
[trace_headers @ 0x823018190] Frame Header
[trace_headers @ 0x823018190] 32          show_existing_frame                                         0 = 0
[trace_headers @ 0x823018190] 33          frame_type                                                 01 = 1
[trace_headers @ 0x823018190] 35          show_frame                                                  1 = 1
[trace_headers @ 0x823018190] 36          error_resilient_mode                                        0 = 0
[trace_headers @ 0x823018190] 37          disable_cdf_update                                          0 = 0
[trace_headers @ 0x823018190] 38          allow_screen_content_tools                                  0 = 0
[trace_headers @ 0x823018190] 39          frame_size_override_flag                                    0 = 0
[trace_headers @ 0x823018190] 40          primary_ref_frame                                         000 = 0
[trace_headers @ 0x823018190] 43          refresh_frame_flags                                  00000000 = 0
[trace_headers @ 0x823018190] 51          ref_frame_idx[0]                                          000 = 0
[trace_headers @ 0x823018190] 54          ref_frame_idx[1]                                          000 = 0
[trace_headers @ 0x823018190] 57          ref_frame_idx[2]                                          000 = 0
[trace_headers @ 0x823018190] 60          ref_frame_idx[3]                                          000 = 0
[trace_headers @ 0x823018190] 63          ref_frame_idx[4]                                          000 = 0
[trace_headers @ 0x823018190] 66          ref_frame_idx[5]                                          000 = 0
[trace_headers @ 0x823018190] 69          ref_frame_idx[6]                                          000 = 0
[trace_headers @ 0x823018190] 72          render_and_frame_size_different                             0 = 0
[trace_headers @ 0x823018190] 73          allow_high_precision_mv                                     0 = 0
[trace_headers @ 0x823018190] 74          is_filter_switchable                                        1 = 1
[trace_headers @ 0x823018190] 75          is_motion_mode_switchable                                   0 = 0
[trace_headers @ 0x823018190] 76          disable_frame_end_update_cdf                                0 = 0
[trace_headers @ 0x823018190] 77          uniform_tile_spacing_flag                                   1 = 1
[trace_headers @ 0x823018190] 78          tile_cols_log2                                              0 = 0
[trace_headers @ 0x823018190] 79          tile_rows_log2                                              0 = 0
[trace_headers @ 0x823018190] 80          base_q_idx                                           10000101 = 133
[trace_headers @ 0x823018190] 88          delta_q_y_dc.delta_coded                                    0 = 0
[trace_headers @ 0x823018190] 89          delta_q_u_dc.delta_coded                                    0 = 0
[trace_headers @ 0x823018190] 90          delta_q_u_ac.delta_coded                                    0 = 0
[trace_headers @ 0x823018190] 91          using_qmatrix                                               0 = 0
[trace_headers @ 0x823018190] 92          segmentation_enabled                                        0 = 0
[trace_headers @ 0x823018190] 93          delta_q_present                                             0 = 0
[trace_headers @ 0x823018190] 94          loop_filter_level[0]                                   001011 = 11
[trace_headers @ 0x823018190] 100         loop_filter_level[1]                                   001011 = 11
[trace_headers @ 0x823018190] 106         loop_filter_level[2]                                   001011 = 11
[trace_headers @ 0x823018190] 112         loop_filter_level[3]                                   001011 = 11
[trace_headers @ 0x823018190] 118         loop_filter_sharpness                                     000 = 0
[trace_headers @ 0x823018190] 121         loop_filter_delta_enabled                                   1 = 1
[trace_headers @ 0x823018190] 122         loop_filter_delta_update                                    0 = 0
[trace_headers @ 0x823018190] 123         cdef_damping_minus_3                                       10 = 2
[trace_headers @ 0x823018190] 125         cdef_bits                                                  00 = 0
[trace_headers @ 0x823018190] 127         cdef_y_pri_strength[0]                                   0001 = 1
[trace_headers @ 0x823018190] 131         cdef_y_sec_strength[0]                                     00 = 0
[trace_headers @ 0x823018190] 133         cdef_uv_pri_strength[0]                                  0001 = 1
[trace_headers @ 0x823018190] 137         cdef_uv_sec_strength[0]                                    00 = 0
[trace_headers @ 0x823018190] 139         tx_mode                                                     1 = 2
[trace_headers @ 0x823018190] 140         reference_select                                            0 = 0
[trace_headers @ 0x823018190] 141         reduced_tx_set                                              0 = 0
[trace_headers @ 0x823018190] 142         is_global[1]                                                0 = 0
[trace_headers @ 0x823018190] 143         is_global[2]                                                0 = 0
[trace_headers @ 0x823018190] 144         is_global[3]                                                0 = 0
[trace_headers @ 0x823018190] 145         is_global[4]                                                0 = 0
[trace_headers @ 0x823018190] 146         is_global[5]                                                0 = 0
[trace_headers @ 0x823018190] 147         is_global[6]                                                0 = 0
[trace_headers @ 0x823018190] 148         is_global[7]                                                0 = 0
[trace_headers @ 0x823018190] 149         zero_bit                                                    0 = 0
[trace_headers @ 0x823018190] 150         zero_bit                                                    0 = 0
[trace_headers @ 0x823018190] 151         zero_bit                                                    0 = 0
[trace_headers @ 0x823018190] Tile Group
[trace_headers @ 0x823018190] Packet: 621 bytes, pts 16, dts 16, duration 1.
[trace_headers @ 0x823018190] OBU header
[trace_headers @ 0x823018190] 0           obu_forbidden_bit                                           0 = 0
[trace_headers @ 0x823018190] 1           obu_type                                                 0010 = 2
[trace_headers @ 0x823018190] 5           obu_extension_flag                                          0 = 0
[trace_headers @ 0x823018190] 6           obu_has_size_field                                          1 = 1
[trace_headers @ 0x823018190] 7           obu_reserved_1bit                                           0 = 0
[trace_headers @ 0x823018190] 8           obu_size                                             00000000 = 0
[trace_headers @ 0x823018190] Temporal Delimiter
[trace_headers @ 0x823018190] OBU header
[trace_headers @ 0x823018190] 0           obu_forbidden_bit                                           0 = 0
[trace_headers @ 0x823018190] 1           obu_type                                                 0110 = 6
[trace_headers @ 0x823018190] 5           obu_extension_flag                                          1 = 1
[trace_headers @ 0x823018190] 6           obu_has_size_field                                          1 = 1
[trace_headers @ 0x823018190] 7           obu_reserved_1bit                                           0 = 0
[trace_headers @ 0x823018190] 8           temporal_id                                               000 = 0
[trace_headers @ 0x823018190] 11          spatial_id                                                 00 = 0
[trace_headers @ 0x823018190] 13          extension_header_reserved_3bits                           000 = 0
[trace_headers @ 0x823018190] 16          obu_size                                     1110011100000100 = 615
[trace_headers @ 0x823018190] Frame Header
[trace_headers @ 0x823018190] 32          show_existing_frame                                         0 = 0
[trace_headers @ 0x823018190] 33          frame_type                                                 01 = 1
[trace_headers @ 0x823018190] 35          show_frame                                                  1 = 1
[trace_headers @ 0x823018190] 36          error_resilient_mode                                        0 = 0
[trace_headers @ 0x823018190] 37          disable_cdf_update                                          0 = 0
[trace_headers @ 0x823018190] 38          allow_screen_content_tools                                  0 = 0
[trace_headers @ 0x823018190] 39          frame_size_override_flag                                    0 = 0
[trace_headers @ 0x823018190] 40          primary_ref_frame                                         000 = 0
[trace_headers @ 0x823018190] 43          refresh_frame_flags                                  10000001 = 129
[trace_headers @ 0x823018190] 51          ref_frame_idx[0]                                          000 = 0
[trace_headers @ 0x823018190] 54          ref_frame_idx[1]                                          000 = 0
[trace_headers @ 0x823018190] 57          ref_frame_idx[2]                                          000 = 0
[trace_headers @ 0x823018190] 60          ref_frame_idx[3]                                          011 = 3
[trace_headers @ 0x823018190] 63          ref_frame_idx[4]                                          000 = 0
[trace_headers @ 0x823018190] 66          ref_frame_idx[5]                                          000 = 0
[trace_headers @ 0x823018190] 69          ref_frame_idx[6]                                          111 = 7
[trace_headers @ 0x823018190] 72          render_and_frame_size_different                             0 = 0
[trace_headers @ 0x823018190] 73          allow_high_precision_mv                                     0 = 0
[trace_headers @ 0x823018190] 74          is_filter_switchable                                        1 = 1
[trace_headers @ 0x823018190] 75          is_motion_mode_switchable                                   0 = 0
[trace_headers @ 0x823018190] 76          disable_frame_end_update_cdf                                0 = 0
[trace_headers @ 0x823018190] 77          uniform_tile_spacing_flag                                   1 = 1
[trace_headers @ 0x823018190] 78          tile_cols_log2                                              0 = 0
[trace_headers @ 0x823018190] 79          tile_rows_log2                                              0 = 0
[trace_headers @ 0x823018190] 80          base_q_idx                                           10010110 = 150
[trace_headers @ 0x823018190] 88          delta_q_y_dc.delta_coded                                    0 = 0
[trace_headers @ 0x823018190] 89          delta_q_u_dc.delta_coded                                    0 = 0
[trace_headers @ 0x823018190] 90          delta_q_u_ac.delta_coded                                    0 = 0
[trace_headers @ 0x823018190] 91          using_qmatrix                                               0 = 0
[trace_headers @ 0x823018190] 92          segmentation_enabled                                        0 = 0
[trace_headers @ 0x823018190] 93          delta_q_present                                             0 = 0
[trace_headers @ 0x823018190] 94          loop_filter_level[0]                                   011010 = 26
[trace_headers @ 0x823018190] 100         loop_filter_level[1]                                   011010 = 26
[trace_headers @ 0x823018190] 106         loop_filter_level[2]                                   011010 = 26
[trace_headers @ 0x823018190] 112         loop_filter_level[3]                                   011010 = 26
[trace_headers @ 0x823018190] 118         loop_filter_sharpness                                     000 = 0
[trace_headers @ 0x823018190] 121         loop_filter_delta_enabled                                   1 = 1
[trace_headers @ 0x823018190] 122         loop_filter_delta_update                                    0 = 0
[trace_headers @ 0x823018190] 123         cdef_damping_minus_3                                       10 = 2
[trace_headers @ 0x823018190] 125         cdef_bits                                                  00 = 0
[trace_headers @ 0x823018190] 127         cdef_y_pri_strength[0]                                   0010 = 2
[trace_headers @ 0x823018190] 131         cdef_y_sec_strength[0]                                     00 = 0
[trace_headers @ 0x823018190] 133         cdef_uv_pri_strength[0]                                  0001 = 1
[trace_headers @ 0x823018190] 137         cdef_uv_sec_strength[0]                                    00 = 0
[trace_headers @ 0x823018190] 139         tx_mode                                                     1 = 2
[trace_headers @ 0x823018190] 140         reference_select                                            0 = 0
[trace_headers @ 0x823018190] 141         reduced_tx_set                                              0 = 0
[trace_headers @ 0x823018190] 142         is_global[1]                                                0 = 0
[trace_headers @ 0x823018190] 143         is_global[2]                                                0 = 0
[trace_headers @ 0x823018190] 144         is_global[3]                                                0 = 0
[trace_headers @ 0x823018190] 145         is_global[4]                                                0 = 0
[trace_headers @ 0x823018190] 146         is_global[5]                                                0 = 0
[trace_headers @ 0x823018190] 147         is_global[6]                                                0 = 0
[trace_headers @ 0x823018190] 148         is_global[7]                                                0 = 0
[trace_headers @ 0x823018190] 149         zero_bit                                                    0 = 0
[trace_headers @ 0x823018190] 150         zero_bit                                                    0 = 0
[trace_headers @ 0x823018190] 151         zero_bit                                                    0 = 0
[trace_headers @ 0x823018190] Tile Group
[trace_headers @ 0x823018190] Packet: 902 bytes, pts 17, dts 17, duration 1.
[trace_headers @ 0x823018190] OBU header
[trace_headers @ 0x823018190] 0           obu_forbidden_bit                                           0 = 0
[trace_headers @ 0x823018190] 1           obu_type                                                 0010 = 2
[trace_headers @ 0x823018190] 5           obu_extension_flag                                          0 = 0
[trace_headers @ 0x823018190] 6           obu_has_size_field                                          1 = 1
[trace_headers @ 0x823018190] 7           obu_reserved_1bit                                           0 = 0
[trace_headers @ 0x823018190] 8           obu_size                                             00000000 = 0
[trace_headers @ 0x823018190] Temporal Delimiter
[trace_headers @ 0x823018190] OBU header
[trace_headers @ 0x823018190] 0           obu_forbidden_bit                                           0 = 0
[trace_headers @ 0x823018190] 1           obu_type                                                 0110 = 6
[trace_headers @ 0x823018190] 5           obu_extension_flag                                          1 = 1
[trace_headers @ 0x823018190] 6           obu_has_size_field                                          1 = 1
[trace_headers @ 0x823018190] 7           obu_reserved_1bit                                           0 = 0
[trace_headers @ 0x823018190] 8           temporal_id                                               001 = 1
[trace_headers @ 0x823018190] 11          spatial_id                                                 00 = 0
[trace_headers @ 0x823018190] 13          extension_header_reserved_3bits                           000 = 0
[trace_headers @ 0x823018190] 16          obu_size                                     1000000000000111 = 896
[trace_headers @ 0x823018190] Frame Header
[trace_headers @ 0x823018190] 32          show_existing_frame                                         0 = 0
[trace_headers @ 0x823018190] 33          frame_type                                                 01 = 1
[trace_headers @ 0x823018190] 35          show_frame                                                  1 = 1
[trace_headers @ 0x823018190] 36          error_resilient_mode                                        0 = 0
[trace_headers @ 0x823018190] 37          disable_cdf_update                                          0 = 0
[trace_headers @ 0x823018190] 38          allow_screen_content_tools                                  0 = 0
[trace_headers @ 0x823018190] 39          frame_size_override_flag                                    0 = 0
[trace_headers @ 0x823018190] 40          primary_ref_frame                                         000 = 0
[trace_headers @ 0x823018190] 43          refresh_frame_flags                                  00000000 = 0
[trace_headers @ 0x823018190] 51          ref_frame_idx[0]                                          000 = 0
[trace_headers @ 0x823018190] 54          ref_frame_idx[1]                                          000 = 0
[trace_headers @ 0x823018190] 57          ref_frame_idx[2]                                          000 = 0
[trace_headers @ 0x823018190] 60          ref_frame_idx[3]                                          000 = 0
[trace_headers @ 0x823018190] 63          ref_frame_idx[4]                                          000 = 0
[trace_headers @ 0x823018190] 66          ref_frame_idx[5]                                          000 = 0
[trace_headers @ 0x823018190] 69          ref_frame_idx[6]                                          000 = 0
[trace_headers @ 0x823018190] 72          render_and_frame_size_different                             0 = 0
[trace_headers @ 0x823018190] 73          allow_high_precision_mv                                     0 = 0
[trace_headers @ 0x823018190] 74          is_filter_switchable                                        1 = 1
[trace_headers @ 0x823018190] 75          is_motion_mode_switchable                                   0 = 0
[trace_headers @ 0x823018190] 76          disable_frame_end_update_cdf                                0 = 0
[trace_headers @ 0x823018190] 77          uniform_tile_spacing_flag                                   1 = 1
[trace_headers @ 0x823018190] 78          tile_cols_log2                                              0 = 0
[trace_headers @ 0x823018190] 79          tile_rows_log2                                              0 = 0
[trace_headers @ 0x823018190] 80          base_q_idx                                           10000111 = 135
[trace_headers @ 0x823018190] 88          delta_q_y_dc.delta_coded                                    0 = 0
[trace_headers @ 0x823018190] 89          delta_q_u_dc.delta_coded                                    0 = 0
[trace_headers @ 0x823018190] 90          delta_q_u_ac.delta_coded                                    0 = 0
[trace_headers @ 0x823018190] 91          using_qmatrix                                               0 = 0
[trace_headers @ 0x823018190] 92          segmentation_enabled                                        0 = 0
[trace_headers @ 0x823018190] 93          delta_q_present                                             0 = 0
[trace_headers @ 0x823018190] 94          loop_filter_level[0]                                   001100 = 12
[trace_headers @ 0x823018190] 100         loop_filter_level[1]                                   001100 = 12
[trace_headers @ 0x823018190] 106         loop_filter_level[2]                                   001100 = 12
[trace_headers @ 0x823018190] 112         loop_filter_level[3]                                   001100 = 12
[trace_headers @ 0x823018190] 118         loop_filter_sharpness                                     000 = 0
[trace_headers @ 0x823018190] 121         loop_filter_delta_enabled                                   1 = 1
[trace_headers @ 0x823018190] 122         loop_filter_delta_update                                    0 = 0
[trace_headers @ 0x823018190] 123         cdef_damping_minus_3                                       10 = 2
[trace_headers @ 0x823018190] 125         cdef_bits                                                  00 = 0
[trace_headers @ 0x823018190] 127         cdef_y_pri_strength[0]                                   0001 = 1
[trace_headers @ 0x823018190] 131         cdef_y_sec_strength[0]                                     00 = 0
[trace_headers @ 0x823018190] 133         cdef_uv_pri_strength[0]                                  0001 = 1
[trace_headers @ 0x823018190] 137         cdef_uv_sec_strength[0]                                    00 = 0
[trace_headers @ 0x823018190] 139         tx_mode                                                     1 = 2
[trace_headers @ 0x823018190] 140         reference_select                                            0 = 0
[trace_headers @ 0x823018190] 141         reduced_tx_set                                              0 = 0
[trace_headers @ 0x823018190] 142         is_global[1]                                                0 = 0
[trace_headers @ 0x823018190] 143         is_global[2]                                                0 = 0
[trace_headers @ 0x823018190] 144         is_global[3]                                                0 = 0
[trace_headers @ 0x823018190] 145         is_global[4]                                                0 = 0
[trace_headers @ 0x823018190] 146         is_global[5]                                                0 = 0
[trace_headers @ 0x823018190] 147         is_global[6]                                                0 = 0
[trace_headers @ 0x823018190] 148         is_global[7]                                                0 = 0
[trace_headers @ 0x823018190] 149         zero_bit                                                    0 = 0
[trace_headers @ 0x823018190] 150         zero_bit                                                    0 = 0
[trace_headers @ 0x823018190] 151         zero_bit                                                    0 = 0
[trace_headers @ 0x823018190] Tile Group
[trace_headers @ 0x823018190] Packet: 748 bytes, pts 18, dts 18, duration 1.
[trace_headers @ 0x823018190] OBU header
[trace_headers @ 0x823018190] 0           obu_forbidden_bit                                           0 = 0
[trace_headers @ 0x823018190] 1           obu_type                                                 0010 = 2
[trace_headers @ 0x823018190] 5           obu_extension_flag                                          0 = 0
[trace_headers @ 0x823018190] 6           obu_has_size_field                                          1 = 1
[trace_headers @ 0x823018190] 7           obu_reserved_1bit                                           0 = 0
[trace_headers @ 0x823018190] 8           obu_size                                             00000000 = 0
[trace_headers @ 0x823018190] Temporal Delimiter
[trace_headers @ 0x823018190] OBU header
[trace_headers @ 0x823018190] 0           obu_forbidden_bit                                           0 = 0
[trace_headers @ 0x823018190] 1           obu_type                                                 0110 = 6
[trace_headers @ 0x823018190] 5           obu_extension_flag                                          1 = 1
[trace_headers @ 0x823018190] 6           obu_has_size_field                                          1 = 1
[trace_headers @ 0x823018190] 7           obu_reserved_1bit                                           0 = 0
[trace_headers @ 0x823018190] 8           temporal_id                                               000 = 0
[trace_headers @ 0x823018190] 11          spatial_id                                                 00 = 0
[trace_headers @ 0x823018190] 13          extension_header_reserved_3bits                           000 = 0
[trace_headers @ 0x823018190] 16          obu_size                                     1110011000000101 = 742
[trace_headers @ 0x823018190] Frame Header
[trace_headers @ 0x823018190] 32          show_existing_frame                                         0 = 0
[trace_headers @ 0x823018190] 33          frame_type                                                 01 = 1
[trace_headers @ 0x823018190] 35          show_frame                                                  1 = 1
[trace_headers @ 0x823018190] 36          error_resilient_mode                                        0 = 0
[trace_headers @ 0x823018190] 37          disable_cdf_update                                          0 = 0
[trace_headers @ 0x823018190] 38          allow_screen_content_tools                                  0 = 0
[trace_headers @ 0x823018190] 39          frame_size_override_flag                                    0 = 0
[trace_headers @ 0x823018190] 40          primary_ref_frame                                         000 = 0
[trace_headers @ 0x823018190] 43          refresh_frame_flags                                  00100001 = 33
[trace_headers @ 0x823018190] 51          ref_frame_idx[0]                                          000 = 0
[trace_headers @ 0x823018190] 54          ref_frame_idx[1]                                          000 = 0
[trace_headers @ 0x823018190] 57          ref_frame_idx[2]                                          000 = 0
[trace_headers @ 0x823018190] 60          ref_frame_idx[3]                                          011 = 3
[trace_headers @ 0x823018190] 63          ref_frame_idx[4]                                          000 = 0
[trace_headers @ 0x823018190] 66          ref_frame_idx[5]                                          000 = 0
[trace_headers @ 0x823018190] 69          ref_frame_idx[6]                                          101 = 5
[trace_headers @ 0x823018190] 72          render_and_frame_size_different                             0 = 0
[trace_headers @ 0x823018190] 73          allow_high_precision_mv                                     0 = 0
[trace_headers @ 0x823018190] 74          is_filter_switchable                                        1 = 1
[trace_headers @ 0x823018190] 75          is_motion_mode_switchable                                   0 = 0
[trace_headers @ 0x823018190] 76          disable_frame_end_update_cdf                                0 = 0
[trace_headers @ 0x823018190] 77          uniform_tile_spacing_flag                                   1 = 1
[trace_headers @ 0x823018190] 78          tile_cols_log2                                              0 = 0
[trace_headers @ 0x823018190] 79          tile_rows_log2                                              0 = 0
[trace_headers @ 0x823018190] 80          base_q_idx                                           10010101 = 149
[trace_headers @ 0x823018190] 88          delta_q_y_dc.delta_coded                                    0 = 0
[trace_headers @ 0x823018190] 89          delta_q_u_dc.delta_coded                                    0 = 0
[trace_headers @ 0x823018190] 90          delta_q_u_ac.delta_coded                                    0 = 0
[trace_headers @ 0x823018190] 91          using_qmatrix                                               0 = 0
[trace_headers @ 0x823018190] 92          segmentation_enabled                                        0 = 0
[trace_headers @ 0x823018190] 93          delta_q_present                                             0 = 0
[trace_headers @ 0x823018190] 94          loop_filter_level[0]                                   011010 = 26
[trace_headers @ 0x823018190] 100         loop_filter_level[1]                                   011010 = 26
[trace_headers @ 0x823018190] 106         loop_filter_level[2]                                   011010 = 26
[trace_headers @ 0x823018190] 112         loop_filter_level[3]                                   011010 = 26
[trace_headers @ 0x823018190] 118         loop_filter_sharpness                                     000 = 0
[trace_headers @ 0x823018190] 121         loop_filter_delta_enabled                                   1 = 1
[trace_headers @ 0x823018190] 122         loop_filter_delta_update                                    0 = 0
[trace_headers @ 0x823018190] 123         cdef_damping_minus_3                                       10 = 2
[trace_headers @ 0x823018190] 125         cdef_bits                                                  00 = 0
[trace_headers @ 0x823018190] 127         cdef_y_pri_strength[0]                                   0010 = 2
[trace_headers @ 0x823018190] 131         cdef_y_sec_strength[0]                                     00 = 0
[trace_headers @ 0x823018190] 133         cdef_uv_pri_strength[0]                                  0001 = 1
[trace_headers @ 0x823018190] 137         cdef_uv_sec_strength[0]                                    00 = 0
[trace_headers @ 0x823018190] 139         tx_mode                                                     1 = 2
[trace_headers @ 0x823018190] 140         reference_select                                            0 = 0
[trace_headers @ 0x823018190] 141         reduced_tx_set                                              0 = 0
[trace_headers @ 0x823018190] 142         is_global[1]                                                0 = 0
[trace_headers @ 0x823018190] 143         is_global[2]                                                0 = 0
[trace_headers @ 0x823018190] 144         is_global[3]                                                0 = 0
[trace_headers @ 0x823018190] 145         is_global[4]                                                0 = 0
[trace_headers @ 0x823018190] 146         is_global[5]                                                0 = 0
[trace_headers @ 0x823018190] 147         is_global[6]                                                0 = 0
[trace_headers @ 0x823018190] 148         is_global[7]                                                0 = 0
[trace_headers @ 0x823018190] 149         zero_bit                                                    0 = 0
[trace_headers @ 0x823018190] 150         zero_bit                                                    0 = 0
[trace_headers @ 0x823018190] 151         zero_bit                                                    0 = 0
[trace_headers @ 0x823018190] Tile Group
[trace_headers @ 0x823018190] Packet: 648 bytes, pts 19, dts 19, duration 1.
[trace_headers @ 0x823018190] OBU header
[trace_headers @ 0x823018190] 0           obu_forbidden_bit                                           0 = 0
[trace_headers @ 0x823018190] 1           obu_type                                                 0010 = 2
[trace_headers @ 0x823018190] 5           obu_extension_flag                                          0 = 0
[trace_headers @ 0x823018190] 6           obu_has_size_field                                          1 = 1
[trace_headers @ 0x823018190] 7           obu_reserved_1bit                                           0 = 0
[trace_headers @ 0x823018190] 8           obu_size                                             00000000 = 0
[trace_headers @ 0x823018190] Temporal Delimiter
[trace_headers @ 0x823018190] OBU header
[trace_headers @ 0x823018190] 0           obu_forbidden_bit                                           0 = 0
[trace_headers @ 0x823018190] 1           obu_type                                                 0110 = 6
[trace_headers @ 0x823018190] 5           obu_extension_flag                                          1 = 1
[trace_headers @ 0x823018190] 6           obu_has_size_field                                          1 = 1
[trace_headers @ 0x823018190] 7           obu_reserved_1bit                                           0 = 0
[trace_headers @ 0x823018190] 8           temporal_id                                               001 = 1
[trace_headers @ 0x823018190] 11          spatial_id                                                 00 = 0
[trace_headers @ 0x823018190] 13          extension_header_reserved_3bits                           000 = 0
[trace_headers @ 0x823018190] 16          obu_size                                     1000001000000101 = 642
[trace_headers @ 0x823018190] Frame Header
[trace_headers @ 0x823018190] 32          show_existing_frame                                         0 = 0
[trace_headers @ 0x823018190] 33          frame_type                                                 01 = 1
[trace_headers @ 0x823018190] 35          show_frame                                                  1 = 1
[trace_headers @ 0x823018190] 36          error_resilient_mode                                        0 = 0
[trace_headers @ 0x823018190] 37          disable_cdf_update                                          0 = 0
[trace_headers @ 0x823018190] 38          allow_screen_content_tools                                  0 = 0
[trace_headers @ 0x823018190] 39          frame_size_override_flag                                    0 = 0
[trace_headers @ 0x823018190] 40          primary_ref_frame                                         000 = 0
[trace_headers @ 0x823018190] 43          refresh_frame_flags                                  00000000 = 0
[trace_headers @ 0x823018190] 51          ref_frame_idx[0]                                          000 = 0
[trace_headers @ 0x823018190] 54          ref_frame_idx[1]                                          000 = 0
[trace_headers @ 0x823018190] 57          ref_frame_idx[2]                                          000 = 0
[trace_headers @ 0x823018190] 60          ref_frame_idx[3]                                          000 = 0
[trace_headers @ 0x823018190] 63          ref_frame_idx[4]                                          000 = 0
[trace_headers @ 0x823018190] 66          ref_frame_idx[5]                                          000 = 0
[trace_headers @ 0x823018190] 69          ref_frame_idx[6]                                          000 = 0
[trace_headers @ 0x823018190] 72          render_and_frame_size_different                             0 = 0
[trace_headers @ 0x823018190] 73          allow_high_precision_mv                                     0 = 0
[trace_headers @ 0x823018190] 74          is_filter_switchable                                        1 = 1
[trace_headers @ 0x823018190] 75          is_motion_mode_switchable                                   0 = 0
[trace_headers @ 0x823018190] 76          disable_frame_end_update_cdf                                0 = 0
[trace_headers @ 0x823018190] 77          uniform_tile_spacing_flag                                   1 = 1
[trace_headers @ 0x823018190] 78          tile_cols_log2                                              0 = 0
[trace_headers @ 0x823018190] 79          tile_rows_log2                                              0 = 0
[trace_headers @ 0x823018190] 80          base_q_idx                                           10001010 = 138
[trace_headers @ 0x823018190] 88          delta_q_y_dc.delta_coded                                    0 = 0
[trace_headers @ 0x823018190] 89          delta_q_u_dc.delta_coded                                    0 = 0
[trace_headers @ 0x823018190] 90          delta_q_u_ac.delta_coded                                    0 = 0
[trace_headers @ 0x823018190] 91          using_qmatrix                                               0 = 0
[trace_headers @ 0x823018190] 92          segmentation_enabled                                        0 = 0
[trace_headers @ 0x823018190] 93          delta_q_present                                             0 = 0
[trace_headers @ 0x823018190] 94          loop_filter_level[0]                                   001100 = 12
[trace_headers @ 0x823018190] 100         loop_filter_level[1]                                   001100 = 12
[trace_headers @ 0x823018190] 106         loop_filter_level[2]                                   001100 = 12
[trace_headers @ 0x823018190] 112         loop_filter_level[3]                                   001100 = 12
[trace_headers @ 0x823018190] 118         loop_filter_sharpness                                     000 = 0
[trace_headers @ 0x823018190] 121         loop_filter_delta_enabled                                   1 = 1
[trace_headers @ 0x823018190] 122         loop_filter_delta_update                                    0 = 0
[trace_headers @ 0x823018190] 123         cdef_damping_minus_3                                       10 = 2
[trace_headers @ 0x823018190] 125         cdef_bits                                                  00 = 0
[trace_headers @ 0x823018190] 127         cdef_y_pri_strength[0]                                   0001 = 1
[trace_headers @ 0x823018190] 131         cdef_y_sec_strength[0]                                     00 = 0
[trace_headers @ 0x823018190] 133         cdef_uv_pri_strength[0]                                  0001 = 1
[trace_headers @ 0x823018190] 137         cdef_uv_sec_strength[0]                                    00 = 0
[trace_headers @ 0x823018190] 139         tx_mode                                                     1 = 2
[trace_headers @ 0x823018190] 140         reference_select                                            0 = 0
[trace_headers @ 0x823018190] 141         reduced_tx_set                                              0 = 0
[trace_headers @ 0x823018190] 142         is_global[1]                                                0 = 0
[trace_headers @ 0x823018190] 143         is_global[2]                                                0 = 0
[trace_headers @ 0x823018190] 144         is_global[3]                                                0 = 0
[trace_headers @ 0x823018190] 145         is_global[4]                                                0 = 0
[trace_headers @ 0x823018190] 146         is_global[5]                                                0 = 0
[trace_headers @ 0x823018190] 147         is_global[6]                                                0 = 0
[trace_headers @ 0x823018190] 148         is_global[7]                                                0 = 0
[trace_headers @ 0x823018190] 149         zero_bit                                                    0 = 0
[trace_headers @ 0x823018190] 150         zero_bit                                                    0 = 0
[trace_headers @ 0x823018190] 151         zero_bit                                                    0 = 0
[trace_headers @ 0x823018190] Tile Group
[trace_headers @ 0x823018190] Packet: 737 bytes, pts 20, dts 20, duration 1.
[trace_headers @ 0x823018190] OBU header
[trace_headers @ 0x823018190] 0           obu_forbidden_bit                                           0 = 0
[trace_headers @ 0x823018190] 1           obu_type                                                 0010 = 2
[trace_headers @ 0x823018190] 5           obu_extension_flag                                          0 = 0
[trace_headers @ 0x823018190] 6           obu_has_size_field                                          1 = 1
[trace_headers @ 0x823018190] 7           obu_reserved_1bit                                           0 = 0
[trace_headers @ 0x823018190] 8           obu_size                                             00000000 = 0
[trace_headers @ 0x823018190] Temporal Delimiter
[trace_headers @ 0x823018190] OBU header
[trace_headers @ 0x823018190] 0           obu_forbidden_bit                                           0 = 0
[trace_headers @ 0x823018190] 1           obu_type                                                 0110 = 6
[trace_headers @ 0x823018190] 5           obu_extension_flag                                          1 = 1
[trace_headers @ 0x823018190] 6           obu_has_size_field                                          1 = 1
[trace_headers @ 0x823018190] 7           obu_reserved_1bit                                           0 = 0
[trace_headers @ 0x823018190] 8           temporal_id                                               000 = 0
[trace_headers @ 0x823018190] 11          spatial_id                                                 00 = 0
[trace_headers @ 0x823018190] 13          extension_header_reserved_3bits                           000 = 0
[trace_headers @ 0x823018190] 16          obu_size                                     1101101100000101 = 731
[trace_headers @ 0x823018190] Frame Header
[trace_headers @ 0x823018190] 32          show_existing_frame                                         0 = 0
[trace_headers @ 0x823018190] 33          frame_type                                                 01 = 1
[trace_headers @ 0x823018190] 35          show_frame                                                  1 = 1
[trace_headers @ 0x823018190] 36          error_resilient_mode                                        0 = 0
[trace_headers @ 0x823018190] 37          disable_cdf_update                                          0 = 0
[trace_headers @ 0x823018190] 38          allow_screen_content_tools                                  0 = 0
[trace_headers @ 0x823018190] 39          frame_size_override_flag                                    0 = 0
[trace_headers @ 0x823018190] 40          primary_ref_frame                                         000 = 0
[trace_headers @ 0x823018190] 43          refresh_frame_flags                                  01000001 = 65
[trace_headers @ 0x823018190] 51          ref_frame_idx[0]                                          000 = 0
[trace_headers @ 0x823018190] 54          ref_frame_idx[1]                                          000 = 0
[trace_headers @ 0x823018190] 57          ref_frame_idx[2]                                          000 = 0
[trace_headers @ 0x823018190] 60          ref_frame_idx[3]                                          011 = 3
[trace_headers @ 0x823018190] 63          ref_frame_idx[4]                                          000 = 0
[trace_headers @ 0x823018190] 66          ref_frame_idx[5]                                          000 = 0
[trace_headers @ 0x823018190] 69          ref_frame_idx[6]                                          110 = 6
[trace_headers @ 0x823018190] 72          render_and_frame_size_different                             0 = 0
[trace_headers @ 0x823018190] 73          allow_high_precision_mv                                     0 = 0
[trace_headers @ 0x823018190] 74          is_filter_switchable                                        1 = 1
[trace_headers @ 0x823018190] 75          is_motion_mode_switchable                                   0 = 0
[trace_headers @ 0x823018190] 76          disable_frame_end_update_cdf                                0 = 0
[trace_headers @ 0x823018190] 77          uniform_tile_spacing_flag                                   1 = 1
[trace_headers @ 0x823018190] 78          tile_cols_log2                                              0 = 0
[trace_headers @ 0x823018190] 79          tile_rows_log2                                              0 = 0
[trace_headers @ 0x823018190] 80          base_q_idx                                           10011000 = 152
[trace_headers @ 0x823018190] 88          delta_q_y_dc.delta_coded                                    0 = 0
[trace_headers @ 0x823018190] 89          delta_q_u_dc.delta_coded                                    0 = 0
[trace_headers @ 0x823018190] 90          delta_q_u_ac.delta_coded                                    0 = 0
[trace_headers @ 0x823018190] 91          using_qmatrix                                               0 = 0
[trace_headers @ 0x823018190] 92          segmentation_enabled                                        0 = 0
[trace_headers @ 0x823018190] 93          delta_q_present                                             0 = 0
[trace_headers @ 0x823018190] 94          loop_filter_level[0]                                   011011 = 27
[trace_headers @ 0x823018190] 100         loop_filter_level[1]                                   011011 = 27
[trace_headers @ 0x823018190] 106         loop_filter_level[2]                                   011011 = 27
[trace_headers @ 0x823018190] 112         loop_filter_level[3]                                   011011 = 27
[trace_headers @ 0x823018190] 118         loop_filter_sharpness                                     000 = 0
[trace_headers @ 0x823018190] 121         loop_filter_delta_enabled                                   1 = 1
[trace_headers @ 0x823018190] 122         loop_filter_delta_update                                    0 = 0
[trace_headers @ 0x823018190] 123         cdef_damping_minus_3                                       10 = 2
[trace_headers @ 0x823018190] 125         cdef_bits                                                  00 = 0
[trace_headers @ 0x823018190] 127         cdef_y_pri_strength[0]                                   0010 = 2
[trace_headers @ 0x823018190] 131         cdef_y_sec_strength[0]                                     00 = 0
[trace_headers @ 0x823018190] 133         cdef_uv_pri_strength[0]                                  0001 = 1
[trace_headers @ 0x823018190] 137         cdef_uv_sec_strength[0]                                    00 = 0
[trace_headers @ 0x823018190] 139         tx_mode                                                     1 = 2
[trace_headers @ 0x823018190] 140         reference_select                                            0 = 0
[trace_headers @ 0x823018190] 141         reduced_tx_set                                              0 = 0
[trace_headers @ 0x823018190] 142         is_global[1]                                                0 = 0
[trace_headers @ 0x823018190] 143         is_global[2]                                                0 = 0
[trace_headers @ 0x823018190] 144         is_global[3]                                                0 = 0
[trace_headers @ 0x823018190] 145         is_global[4]                                                0 = 0
[trace_headers @ 0x823018190] 146         is_global[5]                                                0 = 0
[trace_headers @ 0x823018190] 147         is_global[6]                                                0 = 0
[trace_headers @ 0x823018190] 148         is_global[7]                                                0 = 0
[trace_headers @ 0x823018190] 149         zero_bit                                                    0 = 0
[trace_headers @ 0x823018190] 150         zero_bit                                                    0 = 0
[trace_headers @ 0x823018190] 151         zero_bit                                                    0 = 0
[trace_headers @ 0x823018190] Tile Group
[trace_headers @ 0x823018190] Packet: 711 bytes, pts 21, dts 21, duration 1.
[trace_headers @ 0x823018190] OBU header
[trace_headers @ 0x823018190] 0           obu_forbidden_bit                                           0 = 0
[trace_headers @ 0x823018190] 1           obu_type                                                 0010 = 2
[trace_headers @ 0x823018190] 5           obu_extension_flag                                          0 = 0
[trace_headers @ 0x823018190] 6           obu_has_size_field                                          1 = 1
[trace_headers @ 0x823018190] 7           obu_reserved_1bit                                           0 = 0
[trace_headers @ 0x823018190] 8           obu_size                                             00000000 = 0
[trace_headers @ 0x823018190] Temporal Delimiter
[trace_headers @ 0x823018190] OBU header
[trace_headers @ 0x823018190] 0           obu_forbidden_bit                                           0 = 0
[trace_headers @ 0x823018190] 1           obu_type                                                 0110 = 6
[trace_headers @ 0x823018190] 5           obu_extension_flag                                          1 = 1
[trace_headers @ 0x823018190] 6           obu_has_size_field                                          1 = 1
[trace_headers @ 0x823018190] 7           obu_reserved_1bit                                           0 = 0
[trace_headers @ 0x823018190] 8           temporal_id                                               001 = 1
[trace_headers @ 0x823018190] 11          spatial_id                                                 00 = 0
[trace_headers @ 0x823018190] 13          extension_header_reserved_3bits                           000 = 0
[trace_headers @ 0x823018190] 16          obu_size                                     1100000100000101 = 705
[trace_headers @ 0x823018190] Frame Header
[trace_headers @ 0x823018190] 32          show_existing_frame                                         0 = 0
[trace_headers @ 0x823018190] 33          frame_type                                                 01 = 1
[trace_headers @ 0x823018190] 35          show_frame                                                  1 = 1
[trace_headers @ 0x823018190] 36          error_resilient_mode                                        0 = 0
[trace_headers @ 0x823018190] 37          disable_cdf_update                                          0 = 0
[trace_headers @ 0x823018190] 38          allow_screen_content_tools                                  0 = 0
[trace_headers @ 0x823018190] 39          frame_size_override_flag                                    0 = 0
[trace_headers @ 0x823018190] 40          primary_ref_frame                                         000 = 0
[trace_headers @ 0x823018190] 43          refresh_frame_flags                                  00000000 = 0
[trace_headers @ 0x823018190] 51          ref_frame_idx[0]                                          000 = 0
[trace_headers @ 0x823018190] 54          ref_frame_idx[1]                                          000 = 0
[trace_headers @ 0x823018190] 57          ref_frame_idx[2]                                          000 = 0
[trace_headers @ 0x823018190] 60          ref_frame_idx[3]                                          000 = 0
[trace_headers @ 0x823018190] 63          ref_frame_idx[4]                                          000 = 0
[trace_headers @ 0x823018190] 66          ref_frame_idx[5]                                          000 = 0
[trace_headers @ 0x823018190] 69          ref_frame_idx[6]                                          000 = 0
[trace_headers @ 0x823018190] 72          render_and_frame_size_different                             0 = 0
[trace_headers @ 0x823018190] 73          allow_high_precision_mv                                     0 = 0
[trace_headers @ 0x823018190] 74          is_filter_switchable                                        1 = 1
[trace_headers @ 0x823018190] 75          is_motion_mode_switchable                                   0 = 0
[trace_headers @ 0x823018190] 76          disable_frame_end_update_cdf                                0 = 0
[trace_headers @ 0x823018190] 77          uniform_tile_spacing_flag                                   1 = 1
[trace_headers @ 0x823018190] 78          tile_cols_log2                                              0 = 0
[trace_headers @ 0x823018190] 79          tile_rows_log2                                              0 = 0
[trace_headers @ 0x823018190] 80          base_q_idx                                           10001100 = 140
[trace_headers @ 0x823018190] 88          delta_q_y_dc.delta_coded                                    0 = 0
[trace_headers @ 0x823018190] 89          delta_q_u_dc.delta_coded                                    0 = 0
[trace_headers @ 0x823018190] 90          delta_q_u_ac.delta_coded                                    0 = 0
[trace_headers @ 0x823018190] 91          using_qmatrix                                               0 = 0
[trace_headers @ 0x823018190] 92          segmentation_enabled                                        0 = 0
[trace_headers @ 0x823018190] 93          delta_q_present                                             0 = 0
[trace_headers @ 0x823018190] 94          loop_filter_level[0]                                   001100 = 12
[trace_headers @ 0x823018190] 100         loop_filter_level[1]                                   001100 = 12
[trace_headers @ 0x823018190] 106         loop_filter_level[2]                                   001100 = 12
[trace_headers @ 0x823018190] 112         loop_filter_level[3]                                   001100 = 12
[trace_headers @ 0x823018190] 118         loop_filter_sharpness                                     000 = 0
[trace_headers @ 0x823018190] 121         loop_filter_delta_enabled                                   1 = 1
[trace_headers @ 0x823018190] 122         loop_filter_delta_update                                    0 = 0
[trace_headers @ 0x823018190] 123         cdef_damping_minus_3                                       10 = 2
[trace_headers @ 0x823018190] 125         cdef_bits                                                  00 = 0
[trace_headers @ 0x823018190] 127         cdef_y_pri_strength[0]                                   0001 = 1
[trace_headers @ 0x823018190] 131         cdef_y_sec_strength[0]                                     00 = 0
[trace_headers @ 0x823018190] 133         cdef_uv_pri_strength[0]                                  0001 = 1
[trace_headers @ 0x823018190] 137         cdef_uv_sec_strength[0]                                    00 = 0
[trace_headers @ 0x823018190] 139         tx_mode                                                     1 = 2
[trace_headers @ 0x823018190] 140         reference_select                                            0 = 0
[trace_headers @ 0x823018190] 141         reduced_tx_set                                              0 = 0
[trace_headers @ 0x823018190] 142         is_global[1]                                                0 = 0
[trace_headers @ 0x823018190] 143         is_global[2]                                                0 = 0
[trace_headers @ 0x823018190] 144         is_global[3]                                                0 = 0
[trace_headers @ 0x823018190] 145         is_global[4]                                                0 = 0
[trace_headers @ 0x823018190] 146         is_global[5]                                                0 = 0
[trace_headers @ 0x823018190] 147         is_global[6]                                                0 = 0
[trace_headers @ 0x823018190] 148         is_global[7]                                                0 = 0
[trace_headers @ 0x823018190] 149         zero_bit                                                    0 = 0
[trace_headers @ 0x823018190] 150         zero_bit                                                    0 = 0
[trace_headers @ 0x823018190] 151         zero_bit                                                    0 = 0
[trace_headers @ 0x823018190] Tile Group
[trace_headers @ 0x823018190] Packet: 603 bytes, pts 22, dts 22, duration 1.
[trace_headers @ 0x823018190] OBU header
[trace_headers @ 0x823018190] 0           obu_forbidden_bit                                           0 = 0
[trace_headers @ 0x823018190] 1           obu_type                                                 0010 = 2
[trace_headers @ 0x823018190] 5           obu_extension_flag                                          0 = 0
[trace_headers @ 0x823018190] 6           obu_has_size_field                                          1 = 1
[trace_headers @ 0x823018190] 7           obu_reserved_1bit                                           0 = 0
[trace_headers @ 0x823018190] 8           obu_size                                             00000000 = 0
[trace_headers @ 0x823018190] Temporal Delimiter
[trace_headers @ 0x823018190] OBU header
[trace_headers @ 0x823018190] 0           obu_forbidden_bit                                           0 = 0
[trace_headers @ 0x823018190] 1           obu_type                                                 0110 = 6
[trace_headers @ 0x823018190] 5           obu_extension_flag                                          1 = 1
[trace_headers @ 0x823018190] 6           obu_has_size_field                                          1 = 1
[trace_headers @ 0x823018190] 7           obu_reserved_1bit                                           0 = 0
[trace_headers @ 0x823018190] 8           temporal_id                                               000 = 0
[trace_headers @ 0x823018190] 11          spatial_id                                                 00 = 0
[trace_headers @ 0x823018190] 13          extension_header_reserved_3bits                           000 = 0
[trace_headers @ 0x823018190] 16          obu_size                                     1101010100000100 = 597
[trace_headers @ 0x823018190] Frame Header
[trace_headers @ 0x823018190] 32          show_existing_frame                                         0 = 0
[trace_headers @ 0x823018190] 33          frame_type                                                 01 = 1
[trace_headers @ 0x823018190] 35          show_frame                                                  1 = 1
[trace_headers @ 0x823018190] 36          error_resilient_mode                                        0 = 0
[trace_headers @ 0x823018190] 37          disable_cdf_update                                          0 = 0
[trace_headers @ 0x823018190] 38          allow_screen_content_tools                                  0 = 0
[trace_headers @ 0x823018190] 39          frame_size_override_flag                                    0 = 0
[trace_headers @ 0x823018190] 40          primary_ref_frame                                         000 = 0
[trace_headers @ 0x823018190] 43          refresh_frame_flags                                  10000001 = 129
[trace_headers @ 0x823018190] 51          ref_frame_idx[0]                                          000 = 0
[trace_headers @ 0x823018190] 54          ref_frame_idx[1]                                          000 = 0
[trace_headers @ 0x823018190] 57          ref_frame_idx[2]                                          000 = 0
[trace_headers @ 0x823018190] 60          ref_frame_idx[3]                                          011 = 3
[trace_headers @ 0x823018190] 63          ref_frame_idx[4]                                          000 = 0
[trace_headers @ 0x823018190] 66          ref_frame_idx[5]                                          000 = 0
[trace_headers @ 0x823018190] 69          ref_frame_idx[6]                                          111 = 7
[trace_headers @ 0x823018190] 72          render_and_frame_size_different                             0 = 0
[trace_headers @ 0x823018190] 73          allow_high_precision_mv                                     0 = 0
[trace_headers @ 0x823018190] 74          is_filter_switchable                                        1 = 1
[trace_headers @ 0x823018190] 75          is_motion_mode_switchable                                   0 = 0
[trace_headers @ 0x823018190] 76          disable_frame_end_update_cdf                                0 = 0
[trace_headers @ 0x823018190] 77          uniform_tile_spacing_flag                                   1 = 1
[trace_headers @ 0x823018190] 78          tile_cols_log2                                              0 = 0
[trace_headers @ 0x823018190] 79          tile_rows_log2                                              0 = 0
[trace_headers @ 0x823018190] 80          base_q_idx                                           10011011 = 155
[trace_headers @ 0x823018190] 88          delta_q_y_dc.delta_coded                                    0 = 0
[trace_headers @ 0x823018190] 89          delta_q_u_dc.delta_coded                                    0 = 0
[trace_headers @ 0x823018190] 90          delta_q_u_ac.delta_coded                                    0 = 0
[trace_headers @ 0x823018190] 91          using_qmatrix                                               0 = 0
[trace_headers @ 0x823018190] 92          segmentation_enabled                                        0 = 0
[trace_headers @ 0x823018190] 93          delta_q_present                                             0 = 0
[trace_headers @ 0x823018190] 94          loop_filter_level[0]                                   011100 = 28
[trace_headers @ 0x823018190] 100         loop_filter_level[1]                                   011100 = 28
[trace_headers @ 0x823018190] 106         loop_filter_level[2]                                   011100 = 28
[trace_headers @ 0x823018190] 112         loop_filter_level[3]                                   011100 = 28
[trace_headers @ 0x823018190] 118         loop_filter_sharpness                                     000 = 0
[trace_headers @ 0x823018190] 121         loop_filter_delta_enabled                                   1 = 1
[trace_headers @ 0x823018190] 122         loop_filter_delta_update                                    0 = 0
[trace_headers @ 0x823018190] 123         cdef_damping_minus_3                                       10 = 2
[trace_headers @ 0x823018190] 125         cdef_bits                                                  00 = 0
[trace_headers @ 0x823018190] 127         cdef_y_pri_strength[0]                                   0010 = 2
[trace_headers @ 0x823018190] 131         cdef_y_sec_strength[0]                                     00 = 0
[trace_headers @ 0x823018190] 133         cdef_uv_pri_strength[0]                                  0001 = 1
[trace_headers @ 0x823018190] 137         cdef_uv_sec_strength[0]                                    00 = 0
[trace_headers @ 0x823018190] 139         tx_mode                                                     1 = 2
[trace_headers @ 0x823018190] 140         reference_select                                            0 = 0
[trace_headers @ 0x823018190] 141         reduced_tx_set                                              0 = 0
[trace_headers @ 0x823018190] 142         is_global[1]                                                0 = 0
[trace_headers @ 0x823018190] 143         is_global[2]                                                0 = 0
[trace_headers @ 0x823018190] 144         is_global[3]                                                0 = 0
[trace_headers @ 0x823018190] 145         is_global[4]                                                0 = 0
[trace_headers @ 0x823018190] 146         is_global[5]                                                0 = 0
[trace_headers @ 0x823018190] 147         is_global[6]                                                0 = 0
[trace_headers @ 0x823018190] 148         is_global[7]                                                0 = 0
[trace_headers @ 0x823018190] 149         zero_bit                                                    0 = 0
[trace_headers @ 0x823018190] 150         zero_bit                                                    0 = 0
[trace_headers @ 0x823018190] 151         zero_bit                                                    0 = 0
[trace_headers @ 0x823018190] Tile Group
[trace_headers @ 0x823018190] Packet: 896 bytes, pts 23, dts 23, duration 1.
[trace_headers @ 0x823018190] OBU header
[trace_headers @ 0x823018190] 0           obu_forbidden_bit                                           0 = 0
[trace_headers @ 0x823018190] 1           obu_type                                                 0010 = 2
[trace_headers @ 0x823018190] 5           obu_extension_flag                                          0 = 0
[trace_headers @ 0x823018190] 6           obu_has_size_field                                          1 = 1
[trace_headers @ 0x823018190] 7           obu_reserved_1bit                                           0 = 0
[trace_headers @ 0x823018190] 8           obu_size                                             00000000 = 0
[trace_headers @ 0x823018190] Temporal Delimiter
[trace_headers @ 0x823018190] OBU header
[trace_headers @ 0x823018190] 0           obu_forbidden_bit                                           0 = 0
[trace_headers @ 0x823018190] 1           obu_type                                                 0110 = 6
[trace_headers @ 0x823018190] 5           obu_extension_flag                                          1 = 1
[trace_headers @ 0x823018190] 6           obu_has_size_field                                          1 = 1
[trace_headers @ 0x823018190] 7           obu_reserved_1bit                                           0 = 0
[trace_headers @ 0x823018190] 8           temporal_id                                               001 = 1
[trace_headers @ 0x823018190] 11          spatial_id                                                 00 = 0
[trace_headers @ 0x823018190] 13          extension_header_reserved_3bits                           000 = 0
[trace_headers @ 0x823018190] 16          obu_size                                     1111101000000110 = 890
[trace_headers @ 0x823018190] Frame Header
[trace_headers @ 0x823018190] 32          show_existing_frame                                         0 = 0
[trace_headers @ 0x823018190] 33          frame_type                                                 01 = 1
[trace_headers @ 0x823018190] 35          show_frame                                                  1 = 1
[trace_headers @ 0x823018190] 36          error_resilient_mode                                        0 = 0
[trace_headers @ 0x823018190] 37          disable_cdf_update                                          0 = 0
[trace_headers @ 0x823018190] 38          allow_screen_content_tools                                  0 = 0
[trace_headers @ 0x823018190] 39          frame_size_override_flag                                    0 = 0
[trace_headers @ 0x823018190] 40          primary_ref_frame                                         000 = 0
[trace_headers @ 0x823018190] 43          refresh_frame_flags                                  00000000 = 0
[trace_headers @ 0x823018190] 51          ref_frame_idx[0]                                          000 = 0
[trace_headers @ 0x823018190] 54          ref_frame_idx[1]                                          000 = 0
[trace_headers @ 0x823018190] 57          ref_frame_idx[2]                                          000 = 0
[trace_headers @ 0x823018190] 60          ref_frame_idx[3]                                          000 = 0
[trace_headers @ 0x823018190] 63          ref_frame_idx[4]                                          000 = 0
[trace_headers @ 0x823018190] 66          ref_frame_idx[5]                                          000 = 0
[trace_headers @ 0x823018190] 69          ref_frame_idx[6]                                          000 = 0
[trace_headers @ 0x823018190] 72          render_and_frame_size_different                             0 = 0
[trace_headers @ 0x823018190] 73          allow_high_precision_mv                                     0 = 0
[trace_headers @ 0x823018190] 74          is_filter_switchable                                        1 = 1
[trace_headers @ 0x823018190] 75          is_motion_mode_switchable                                   0 = 0
[trace_headers @ 0x823018190] 76          disable_frame_end_update_cdf                                0 = 0
[trace_headers @ 0x823018190] 77          uniform_tile_spacing_flag                                   1 = 1
[trace_headers @ 0x823018190] 78          tile_cols_log2                                              0 = 0
[trace_headers @ 0x823018190] 79          tile_rows_log2                                              0 = 0
[trace_headers @ 0x823018190] 80          base_q_idx                                           10001100 = 140
[trace_headers @ 0x823018190] 88          delta_q_y_dc.delta_coded                                    0 = 0
[trace_headers @ 0x823018190] 89          delta_q_u_dc.delta_coded                                    0 = 0
[trace_headers @ 0x823018190] 90          delta_q_u_ac.delta_coded                                    0 = 0
[trace_headers @ 0x823018190] 91          using_qmatrix                                               0 = 0
[trace_headers @ 0x823018190] 92          segmentation_enabled                                        0 = 0
[trace_headers @ 0x823018190] 93          delta_q_present                                             0 = 0
[trace_headers @ 0x823018190] 94          loop_filter_level[0]                                   001100 = 12
[trace_headers @ 0x823018190] 100         loop_filter_level[1]                                   001100 = 12
[trace_headers @ 0x823018190] 106         loop_filter_level[2]                                   001100 = 12
[trace_headers @ 0x823018190] 112         loop_filter_level[3]                                   001100 = 12
[trace_headers @ 0x823018190] 118         loop_filter_sharpness                                     000 = 0
[trace_headers @ 0x823018190] 121         loop_filter_delta_enabled                                   1 = 1
[trace_headers @ 0x823018190] 122         loop_filter_delta_update                                    0 = 0
[trace_headers @ 0x823018190] 123         cdef_damping_minus_3                                       10 = 2
[trace_headers @ 0x823018190] 125         cdef_bits                                                  00 = 0
[trace_headers @ 0x823018190] 127         cdef_y_pri_strength[0]                                   0001 = 1
[trace_headers @ 0x823018190] 131         cdef_y_sec_strength[0]                                     00 = 0
[trace_headers @ 0x823018190] 133         cdef_uv_pri_strength[0]                                  0001 = 1
[trace_headers @ 0x823018190] 137         cdef_uv_sec_strength[0]                                    00 = 0
[trace_headers @ 0x823018190] 139         tx_mode                                                     1 = 2
[trace_headers @ 0x823018190] 140         reference_select                                            0 = 0
[trace_headers @ 0x823018190] 141         reduced_tx_set                                              0 = 0
[trace_headers @ 0x823018190] 142         is_global[1]                                                0 = 0
[trace_headers @ 0x823018190] 143         is_global[2]                                                0 = 0
[trace_headers @ 0x823018190] 144         is_global[3]                                                0 = 0
[trace_headers @ 0x823018190] 145         is_global[4]                                                0 = 0
[trace_headers @ 0x823018190] 146         is_global[5]                                                0 = 0
[trace_headers @ 0x823018190] 147         is_global[6]                                                0 = 0
[trace_headers @ 0x823018190] 148         is_global[7]                                                0 = 0
[trace_headers @ 0x823018190] 149         zero_bit                                                    0 = 0
[trace_headers @ 0x823018190] 150         zero_bit                                                    0 = 0
[trace_headers @ 0x823018190] 151         zero_bit                                                    0 = 0
[trace_headers @ 0x823018190] Tile Group
[in#0/ivf @ 0x822c10000] EOF while reading input
[in#0/ivf @ 0x822c10000] Terminating thread with return code 0 (success)
[out#0/null @ 0x823068300] All streams finished
[out#0/null @ 0x823068300] Terminating thread with return code 0 (success)
[out#0/null @ 0x823068300] Output file #0 (pipe:):
[out#0/null @ 0x823068300]   Output stream #0:0 (video): 24 packets muxed (22100 bytes); 
[out#0/null @ 0x823068300]   Total: 24 packets (22100 bytes) muxed
[out#0/null @ 0x823068300] video:22KiB audio:0KiB subtitle:0KiB other streams:0KiB global headers:0KiB muxing overhead: unknown
frame=   24 fps=0.0 q=-1.0 Lsize=N/A time=00:00:01.00 bitrate=N/A speed= 159x elapsed=0:00:00.00    
[in#0/ivf @ 0x822c10000] Input file #0 (research/shared/runs/20260919T194500Z-av1/temporal.ivf):
[in#0/ivf @ 0x822c10000]   Input stream #0:0 (video): 24 packets read (22100 bytes); 
[in#0/ivf @ 0x822c10000]   Total: 24 packets (22100 bytes) demuxed
[AVIOContext @ 0x822c10140] Statistics: 22420 bytes read, 0 seeks

Exiting with exit code 0
