ffmpeg version 8.1.2 Copyright (c) 2000-2026 the FFmpeg developers
  built with Apple clang version 21.0.0 (clang-2100.0.123.102)
  configuration: --prefix=/opt/homebrew/Cellar/ffmpeg/8.1.2 --enable-shared --enable-pthreads --enable-version3 --cc=clang --host-cflags= --host-ldflags= --enable-ffplay --enable-gpl --enable-libsvtav1 --enable-libopus --enable-libx264 --enable-libmp3lame --enable-libdav1d --enable-libvmaf --enable-libvpx --enable-libx265 --enable-openssl --enable-videotoolbox --enable-audiotoolbox --enable-neon
  libavutil      60. 26.102 / 60. 26.102
  libavcodec     62. 28.102 / 62. 28.102
  libavformat    62. 12.102 / 62. 12.102
  libavdevice    62.  3.102 / 62.  3.102
  libavfilter    11. 14.102 / 11. 14.102
  libswscale      9.  5.102 /  9.  5.102
  libswresample   6.  3.102 /  6.  3.102
[libdav1d @ 0x8f7068380] libdav1d 1.5.3
Input #0, ivf, from 'research/shared/runs/20260919T233127Z-av1-dependency-slice/source.ivf':
  Duration: 00:00:02.29, start: 0.000000, bitrate: 48 kb/s
  Stream #0:0: Video: av1 (libdav1d) (Main), 1 reference frame (AV01 / 0x31305641), yuv420p(tv), 160x96 [SAR 1:1 DAR 5:3], 24 tbr, 24 tbn
[out#0/null @ 0x8f70203c0] No explicit maps, mapping streams automatically...
[vost#0:0/copy @ 0x8f6cbc000] Created video stream from input stream 0:0
[trace_headers @ 0x8f701c190] Extradata
[trace_headers @ 0x8f701c190] OBU header
[trace_headers @ 0x8f701c190] 0           obu_forbidden_bit                                           0 = 0
[trace_headers @ 0x8f701c190] 1           obu_type                                                 0001 = 1
[trace_headers @ 0x8f701c190] 5           obu_extension_flag                                          0 = 0
[trace_headers @ 0x8f701c190] 6           obu_has_size_field                                          1 = 1
[trace_headers @ 0x8f701c190] 7           obu_reserved_1bit                                           0 = 0
[trace_headers @ 0x8f701c190] 8           obu_size                                             00001010 = 10
[trace_headers @ 0x8f701c190] Sequence Header
[trace_headers @ 0x8f701c190] 16          seq_profile                                               000 = 0
[trace_headers @ 0x8f701c190] 19          still_picture                                               0 = 0
[trace_headers @ 0x8f701c190] 20          reduced_still_picture_header                                0 = 0
[trace_headers @ 0x8f701c190] 21          timing_info_present_flag                                    0 = 0
[trace_headers @ 0x8f701c190] 22          initial_display_delay_present_flag                          0 = 0
[trace_headers @ 0x8f701c190] 23          operating_points_cnt_minus_1                            00000 = 0
[trace_headers @ 0x8f701c190] 28          operating_point_idc[0]                           000000000000 = 0
[trace_headers @ 0x8f701c190] 40          seq_level_idx[0]                                        00000 = 0
[trace_headers @ 0x8f701c190] 45          frame_width_bits_minus_1                                 0111 = 7
[trace_headers @ 0x8f701c190] 49          frame_height_bits_minus_1                                0110 = 6
[trace_headers @ 0x8f701c190] 53          max_frame_width_minus_1                              10011111 = 159
[trace_headers @ 0x8f701c190] 61          max_frame_height_minus_1                              1011111 = 95
[trace_headers @ 0x8f701c190] 68          frame_id_numbers_present_flag                               0 = 0
[trace_headers @ 0x8f701c190] 69          use_128x128_superblock                                      0 = 0
[trace_headers @ 0x8f701c190] 70          enable_filter_intra                                         1 = 1
[trace_headers @ 0x8f701c190] 71          enable_intra_edge_filter                                    1 = 1
[trace_headers @ 0x8f701c190] 72          enable_interintra_compound                                  0 = 0
[trace_headers @ 0x8f701c190] 73          enable_masked_compound                                      1 = 1
[trace_headers @ 0x8f701c190] 74          enable_warped_motion                                        1 = 1
[trace_headers @ 0x8f701c190] 75          enable_dual_filter                                          0 = 0
[trace_headers @ 0x8f701c190] 76          enable_order_hint                                           0 = 0
[trace_headers @ 0x8f701c190] 77          seq_choose_screen_content_tools                             1 = 1
[trace_headers @ 0x8f701c190] 78          seq_choose_integer_mv                                       1 = 1
[trace_headers @ 0x8f701c190] 79          enable_superres                                             0 = 0
[trace_headers @ 0x8f701c190] 80          enable_cdef                                                 1 = 1
[trace_headers @ 0x8f701c190] 81          enable_restoration                                          1 = 1
[trace_headers @ 0x8f701c190] 82          high_bitdepth                                               0 = 0
[trace_headers @ 0x8f701c190] 83          mono_chrome                                                 0 = 0
[trace_headers @ 0x8f701c190] 84          color_description_present_flag                              0 = 0
[trace_headers @ 0x8f701c190] 85          color_range                                                 0 = 0
[trace_headers @ 0x8f701c190] 86          chroma_sample_position                                     00 = 0
[trace_headers @ 0x8f701c190] 88          separate_uv_delta_q                                         0 = 0
[trace_headers @ 0x8f701c190] 89          film_grain_params_present                                   0 = 0
[trace_headers @ 0x8f701c190] 90          trailing_one_bit                                            1 = 1
[trace_headers @ 0x8f701c190] 91          trailing_zero_bit                                           0 = 0
[trace_headers @ 0x8f701c190] 92          trailing_zero_bit                                           0 = 0
[trace_headers @ 0x8f701c190] 93          trailing_zero_bit                                           0 = 0
[trace_headers @ 0x8f701c190] 94          trailing_zero_bit                                           0 = 0
[trace_headers @ 0x8f701c190] 95          trailing_zero_bit                                           0 = 0
Stream mapping:
  Stream #0:0 -> #0:0 (copy)
Output #0, null, to 'pipe:':
  Metadata:
    encoder         : Lavf62.12.102
  Stream #0:0: Video: av1 (Main), 1 reference frame (AV01 / 0x31305641), yuv420p(tv), 160x96 [SAR 1:1 DAR 5:3], q=2-31, 24 tbr, 24 tbn
[out#0/null @ 0x8f70203c0] Starting thread...
[in#0/ivf @ 0x8f6c0c000] Starting thread...
Press [q] to stop, [?] for help
[trace_headers @ 0x8f701c190] Packet: 2335 bytes, key frame, pts 0, dts 0, duration 1.
[trace_headers @ 0x8f701c190] OBU header
[trace_headers @ 0x8f701c190] 0           obu_forbidden_bit                                           0 = 0
[trace_headers @ 0x8f701c190] 1           obu_type                                                 0010 = 2
[trace_headers @ 0x8f701c190] 5           obu_extension_flag                                          0 = 0
[trace_headers @ 0x8f701c190] 6           obu_has_size_field                                          1 = 1
[trace_headers @ 0x8f701c190] 7           obu_reserved_1bit                                           0 = 0
[trace_headers @ 0x8f701c190] 8           obu_size                                             00000000 = 0
[trace_headers @ 0x8f701c190] Temporal Delimiter
[trace_headers @ 0x8f701c190] OBU header
[trace_headers @ 0x8f701c190] 0           obu_forbidden_bit                                           0 = 0
[trace_headers @ 0x8f701c190] 1           obu_type                                                 0001 = 1
[trace_headers @ 0x8f701c190] 5           obu_extension_flag                                          0 = 0
[trace_headers @ 0x8f701c190] 6           obu_has_size_field                                          1 = 1
[trace_headers @ 0x8f701c190] 7           obu_reserved_1bit                                           0 = 0
[trace_headers @ 0x8f701c190] 8           obu_size                                             00001010 = 10
[trace_headers @ 0x8f701c190] Sequence Header
[trace_headers @ 0x8f701c190] 16          seq_profile                                               000 = 0
[trace_headers @ 0x8f701c190] 19          still_picture                                               0 = 0
[trace_headers @ 0x8f701c190] 20          reduced_still_picture_header                                0 = 0
[trace_headers @ 0x8f701c190] 21          timing_info_present_flag                                    0 = 0
[trace_headers @ 0x8f701c190] 22          initial_display_delay_present_flag                          0 = 0
[trace_headers @ 0x8f701c190] 23          operating_points_cnt_minus_1                            00000 = 0
[trace_headers @ 0x8f701c190] 28          operating_point_idc[0]                           000000000000 = 0
[trace_headers @ 0x8f701c190] 40          seq_level_idx[0]                                        00000 = 0
[trace_headers @ 0x8f701c190] 45          frame_width_bits_minus_1                                 0111 = 7
[trace_headers @ 0x8f701c190] 49          frame_height_bits_minus_1                                0110 = 6
[trace_headers @ 0x8f701c190] 53          max_frame_width_minus_1                              10011111 = 159
[trace_headers @ 0x8f701c190] 61          max_frame_height_minus_1                              1011111 = 95
[trace_headers @ 0x8f701c190] 68          frame_id_numbers_present_flag                               0 = 0
[trace_headers @ 0x8f701c190] 69          use_128x128_superblock                                      0 = 0
[trace_headers @ 0x8f701c190] 70          enable_filter_intra                                         1 = 1
[trace_headers @ 0x8f701c190] 71          enable_intra_edge_filter                                    1 = 1
[trace_headers @ 0x8f701c190] 72          enable_interintra_compound                                  0 = 0
[trace_headers @ 0x8f701c190] 73          enable_masked_compound                                      1 = 1
[trace_headers @ 0x8f701c190] 74          enable_warped_motion                                        1 = 1
[trace_headers @ 0x8f701c190] 75          enable_dual_filter                                          0 = 0
[trace_headers @ 0x8f701c190] 76          enable_order_hint                                           0 = 0
[trace_headers @ 0x8f701c190] 77          seq_choose_screen_content_tools                             1 = 1
[trace_headers @ 0x8f701c190] 78          seq_choose_integer_mv                                       1 = 1
[trace_headers @ 0x8f701c190] 79          enable_superres                                             0 = 0
[trace_headers @ 0x8f701c190] 80          enable_cdef                                                 1 = 1
[trace_headers @ 0x8f701c190] 81          enable_restoration                                          1 = 1
[trace_headers @ 0x8f701c190] 82          high_bitdepth                                               0 = 0
[trace_headers @ 0x8f701c190] 83          mono_chrome                                                 0 = 0
[trace_headers @ 0x8f701c190] 84          color_description_present_flag                              0 = 0
[trace_headers @ 0x8f701c190] 85          color_range                                                 0 = 0
[trace_headers @ 0x8f701c190] 86          chroma_sample_position                                     00 = 0
[trace_headers @ 0x8f701c190] 88          separate_uv_delta_q                                         0 = 0
[trace_headers @ 0x8f701c190] 89          film_grain_params_present                                   0 = 0
[trace_headers @ 0x8f701c190] 90          trailing_one_bit                                            1 = 1
[trace_headers @ 0x8f701c190] 91          trailing_zero_bit                                           0 = 0
[trace_headers @ 0x8f701c190] 92          trailing_zero_bit                                           0 = 0
[trace_headers @ 0x8f701c190] 93          trailing_zero_bit                                           0 = 0
[trace_headers @ 0x8f701c190] 94          trailing_zero_bit                                           0 = 0
[trace_headers @ 0x8f701c190] 95          trailing_zero_bit                                           0 = 0
[trace_headers @ 0x8f701c190] OBU header
[trace_headers @ 0x8f701c190] 0           obu_forbidden_bit                                           0 = 0
[trace_headers @ 0x8f701c190] 1           obu_type                                                 0110 = 6
[trace_headers @ 0x8f701c190] 5           obu_extension_flag                                          0 = 0
[trace_headers @ 0x8f701c190] 6           obu_has_size_field                                          1 = 1
[trace_headers @ 0x8f701c190] 7           obu_reserved_1bit                                           0 = 0
[trace_headers @ 0x8f701c190] 8           obu_size                                     1000111000010010 = 2318
[trace_headers @ 0x8f701c190] Frame Header
[trace_headers @ 0x8f701c190] 24          show_existing_frame                                         0 = 0
[trace_headers @ 0x8f701c190] 25          frame_type                                                 00 = 0
[trace_headers @ 0x8f701c190] 27          show_frame                                                  1 = 1
[trace_headers @ 0x8f701c190] 28          disable_cdf_update                                          0 = 0
[trace_headers @ 0x8f701c190] 29          allow_screen_content_tools                                  1 = 1
[trace_headers @ 0x8f701c190] 30          force_integer_mv                                            0 = 0
[trace_headers @ 0x8f701c190] 31          frame_size_override_flag                                    0 = 0
[trace_headers @ 0x8f701c190] 32          render_and_frame_size_different                             0 = 0
[trace_headers @ 0x8f701c190] 33          allow_intrabc                                               0 = 0
[trace_headers @ 0x8f701c190] 34          disable_frame_end_update_cdf                                0 = 0
[trace_headers @ 0x8f701c190] 35          uniform_tile_spacing_flag                                   1 = 1
[trace_headers @ 0x8f701c190] 36          tile_cols_log2                                              0 = 0
[trace_headers @ 0x8f701c190] 37          tile_rows_log2                                              0 = 0
[trace_headers @ 0x8f701c190] 38          base_q_idx                                           00000000 = 0
[trace_headers @ 0x8f701c190] 46          delta_q_y_dc.delta_coded                                    0 = 0
[trace_headers @ 0x8f701c190] 47          delta_q_u_dc.delta_coded                                    0 = 0
[trace_headers @ 0x8f701c190] 48          delta_q_u_ac.delta_coded                                    0 = 0
[trace_headers @ 0x8f701c190] 49          using_qmatrix                                               0 = 0
[trace_headers @ 0x8f701c190] 50          segmentation_enabled                                        0 = 0
[trace_headers @ 0x8f701c190] 51          reduced_tx_set                                              0 = 0
[trace_headers @ 0x8f701c190] 52          zero_bit                                                    0 = 0
[trace_headers @ 0x8f701c190] 53          zero_bit                                                    0 = 0
[trace_headers @ 0x8f701c190] 54          zero_bit                                                    0 = 0
[trace_headers @ 0x8f701c190] 55          zero_bit                                                    0 = 0
[trace_headers @ 0x8f701c190] Tile Group
[trace_headers @ 0x8f701c190] Packet: 2042 bytes, pts 1, dts 1, duration 1.
[trace_headers @ 0x8f701c190] OBU header
[trace_headers @ 0x8f701c190] 0           obu_forbidden_bit                                           0 = 0
[trace_headers @ 0x8f701c190] 1           obu_type                                                 0010 = 2
[trace_headers @ 0x8f701c190] 5           obu_extension_flag                                          0 = 0
[trace_headers @ 0x8f701c190] 6           obu_has_size_field                                          1 = 1
[trace_headers @ 0x8f701c190] 7           obu_reserved_1bit                                           0 = 0
[trace_headers @ 0x8f701c190] 8           obu_size                                             00000000 = 0
[trace_headers @ 0x8f701c190] Temporal Delimiter
[trace_headers @ 0x8f701c190] OBU header
[trace_headers @ 0x8f701c190] 0           obu_forbidden_bit                                           0 = 0
[trace_headers @ 0x8f701c190] 1           obu_type                                                 0110 = 6
[trace_headers @ 0x8f701c190] 5           obu_extension_flag                                          0 = 0
[trace_headers @ 0x8f701c190] 6           obu_has_size_field                                          1 = 1
[trace_headers @ 0x8f701c190] 7           obu_reserved_1bit                                           0 = 0
[trace_headers @ 0x8f701c190] 8           obu_size                                     1111010100001111 = 2037
[trace_headers @ 0x8f701c190] Frame Header
[trace_headers @ 0x8f701c190] 24          show_existing_frame                                         0 = 0
[trace_headers @ 0x8f701c190] 25          frame_type                                                 01 = 1
[trace_headers @ 0x8f701c190] 27          show_frame                                                  1 = 1
[trace_headers @ 0x8f701c190] 28          error_resilient_mode                                        0 = 0
[trace_headers @ 0x8f701c190] 29          disable_cdf_update                                          0 = 0
[trace_headers @ 0x8f701c190] 30          allow_screen_content_tools                                  1 = 1
[trace_headers @ 0x8f701c190] 31          force_integer_mv                                            0 = 0
[trace_headers @ 0x8f701c190] 32          frame_size_override_flag                                    0 = 0
[trace_headers @ 0x8f701c190] 33          primary_ref_frame                                         111 = 7
[trace_headers @ 0x8f701c190] 36          refresh_frame_flags                                  00000010 = 2
[trace_headers @ 0x8f701c190] 44          ref_frame_idx[0]                                          000 = 0
[trace_headers @ 0x8f701c190] 47          ref_frame_idx[1]                                          000 = 0
[trace_headers @ 0x8f701c190] 50          ref_frame_idx[2]                                          000 = 0
[trace_headers @ 0x8f701c190] 53          ref_frame_idx[3]                                          000 = 0
[trace_headers @ 0x8f701c190] 56          ref_frame_idx[4]                                          000 = 0
[trace_headers @ 0x8f701c190] 59          ref_frame_idx[5]                                          000 = 0
[trace_headers @ 0x8f701c190] 62          ref_frame_idx[6]                                          000 = 0
[trace_headers @ 0x8f701c190] 65          render_and_frame_size_different                             0 = 0
[trace_headers @ 0x8f701c190] 66          allow_high_precision_mv                                     1 = 1
[trace_headers @ 0x8f701c190] 67          is_filter_switchable                                        0 = 0
[trace_headers @ 0x8f701c190] 68          interpolation_filter                                       00 = 0
[trace_headers @ 0x8f701c190] 70          is_motion_mode_switchable                                   1 = 1
[trace_headers @ 0x8f701c190] 71          disable_frame_end_update_cdf                                0 = 0
[trace_headers @ 0x8f701c190] 72          uniform_tile_spacing_flag                                   1 = 1
[trace_headers @ 0x8f701c190] 73          tile_cols_log2                                              0 = 0
[trace_headers @ 0x8f701c190] 74          tile_rows_log2                                              0 = 0
[trace_headers @ 0x8f701c190] 75          base_q_idx                                           00000000 = 0
[trace_headers @ 0x8f701c190] 83          delta_q_y_dc.delta_coded                                    0 = 0
[trace_headers @ 0x8f701c190] 84          delta_q_u_dc.delta_coded                                    0 = 0
[trace_headers @ 0x8f701c190] 85          delta_q_u_ac.delta_coded                                    0 = 0
[trace_headers @ 0x8f701c190] 86          using_qmatrix                                               0 = 0
[trace_headers @ 0x8f701c190] 87          segmentation_enabled                                        0 = 0
[trace_headers @ 0x8f701c190] 88          reference_select                                            0 = 0
[trace_headers @ 0x8f701c190] 89          allow_warped_motion                                         1 = 1
[trace_headers @ 0x8f701c190] 90          reduced_tx_set                                              0 = 0
[trace_headers @ 0x8f701c190] 91          is_global[1]                                                0 = 0
[trace_headers @ 0x8f701c190] 92          is_global[2]                                                0 = 0
[trace_headers @ 0x8f701c190] 93          is_global[3]                                                0 = 0
[trace_headers @ 0x8f701c190] 94          is_global[4]                                                0 = 0
[trace_headers @ 0x8f701c190] 95          is_global[5]                                                0 = 0
[trace_headers @ 0x8f701c190] 96          is_global[6]                                                0 = 0
[trace_headers @ 0x8f701c190] 97          is_global[7]                                                0 = 0
[trace_headers @ 0x8f701c190] 98          zero_bit                                                    0 = 0
[trace_headers @ 0x8f701c190] 99          zero_bit                                                    0 = 0
[trace_headers @ 0x8f701c190] 100         zero_bit                                                    0 = 0
[trace_headers @ 0x8f701c190] 101         zero_bit                                                    0 = 0
[trace_headers @ 0x8f701c190] 102         zero_bit                                                    0 = 0
[trace_headers @ 0x8f701c190] 103         zero_bit                                                    0 = 0
[trace_headers @ 0x8f701c190] Tile Group
[trace_headers @ 0x8f701c190] Packet: 2023 bytes, pts 2, dts 2, duration 1.
[trace_headers @ 0x8f701c190] OBU header
[trace_headers @ 0x8f701c190] 0           obu_forbidden_bit                                           0 = 0
[trace_headers @ 0x8f701c190] 1           obu_type                                                 0010 = 2
[trace_headers @ 0x8f701c190] 5           obu_extension_flag                                          0 = 0
[trace_headers @ 0x8f701c190] 6           obu_has_size_field                                          1 = 1
[trace_headers @ 0x8f701c190] 7           obu_reserved_1bit                                           0 = 0
[trace_headers @ 0x8f701c190] 8           obu_size                                             00000000 = 0
[trace_headers @ 0x8f701c190] Temporal Delimiter
[trace_headers @ 0x8f701c190] OBU header
[trace_headers @ 0x8f701c190] 0           obu_forbidden_bit                                           0 = 0
[trace_headers @ 0x8f701c190] 1           obu_type                                                 0110 = 6
[trace_headers @ 0x8f701c190] 5           obu_extension_flag                                          0 = 0
[trace_headers @ 0x8f701c190] 6           obu_has_size_field                                          1 = 1
[trace_headers @ 0x8f701c190] 7           obu_reserved_1bit                                           0 = 0
[trace_headers @ 0x8f701c190] 8           obu_size                                     1110001000001111 = 2018
[trace_headers @ 0x8f701c190] Frame Header
[trace_headers @ 0x8f701c190] 24          show_existing_frame                                         0 = 0
[trace_headers @ 0x8f701c190] 25          frame_type                                                 01 = 1
[trace_headers @ 0x8f701c190] 27          show_frame                                                  1 = 1
[trace_headers @ 0x8f701c190] 28          error_resilient_mode                                        0 = 0
[trace_headers @ 0x8f701c190] 29          disable_cdf_update                                          0 = 0
[trace_headers @ 0x8f701c190] 30          allow_screen_content_tools                                  1 = 1
[trace_headers @ 0x8f701c190] 31          force_integer_mv                                            0 = 0
[trace_headers @ 0x8f701c190] 32          frame_size_override_flag                                    0 = 0
[trace_headers @ 0x8f701c190] 33          primary_ref_frame                                         000 = 0
[trace_headers @ 0x8f701c190] 36          refresh_frame_flags                                  00000100 = 4
[trace_headers @ 0x8f701c190] 44          ref_frame_idx[0]                                          001 = 1
[trace_headers @ 0x8f701c190] 47          ref_frame_idx[1]                                          000 = 0
[trace_headers @ 0x8f701c190] 50          ref_frame_idx[2]                                          000 = 0
[trace_headers @ 0x8f701c190] 53          ref_frame_idx[3]                                          000 = 0
[trace_headers @ 0x8f701c190] 56          ref_frame_idx[4]                                          000 = 0
[trace_headers @ 0x8f701c190] 59          ref_frame_idx[5]                                          000 = 0
[trace_headers @ 0x8f701c190] 62          ref_frame_idx[6]                                          000 = 0
[trace_headers @ 0x8f701c190] 65          render_and_frame_size_different                             0 = 0
[trace_headers @ 0x8f701c190] 66          allow_high_precision_mv                                     1 = 1
[trace_headers @ 0x8f701c190] 67          is_filter_switchable                                        0 = 0
[trace_headers @ 0x8f701c190] 68          interpolation_filter                                       00 = 0
[trace_headers @ 0x8f701c190] 70          is_motion_mode_switchable                                   1 = 1
[trace_headers @ 0x8f701c190] 71          disable_frame_end_update_cdf                                0 = 0
[trace_headers @ 0x8f701c190] 72          uniform_tile_spacing_flag                                   1 = 1
[trace_headers @ 0x8f701c190] 73          tile_cols_log2                                              0 = 0
[trace_headers @ 0x8f701c190] 74          tile_rows_log2                                              0 = 0
[trace_headers @ 0x8f701c190] 75          base_q_idx                                           00000000 = 0
[trace_headers @ 0x8f701c190] 83          delta_q_y_dc.delta_coded                                    0 = 0
[trace_headers @ 0x8f701c190] 84          delta_q_u_dc.delta_coded                                    0 = 0
[trace_headers @ 0x8f701c190] 85          delta_q_u_ac.delta_coded                                    0 = 0
[trace_headers @ 0x8f701c190] 86          using_qmatrix                                               0 = 0
[trace_headers @ 0x8f701c190] 87          segmentation_enabled                                        0 = 0
[trace_headers @ 0x8f701c190] 88          reference_select                                            0 = 0
[trace_headers @ 0x8f701c190] 89          allow_warped_motion                                         1 = 1
[trace_headers @ 0x8f701c190] 90          reduced_tx_set                                              0 = 0
[trace_headers @ 0x8f701c190] 91          is_global[1]                                                0 = 0
[trace_headers @ 0x8f701c190] 92          is_global[2]                                                0 = 0
[trace_headers @ 0x8f701c190] 93          is_global[3]                                                0 = 0
[trace_headers @ 0x8f701c190] 94          is_global[4]                                                0 = 0
[trace_headers @ 0x8f701c190] 95          is_global[5]                                                0 = 0
[trace_headers @ 0x8f701c190] 96          is_global[6]                                                0 = 0
[trace_headers @ 0x8f701c190] 97          is_global[7]                                                0 = 0
[trace_headers @ 0x8f701c190] 98          zero_bit                                                    0 = 0
[trace_headers @ 0x8f701c190] 99          zero_bit                                                    0 = 0
[trace_headers @ 0x8f701c190] 100         zero_bit                                                    0 = 0
[trace_headers @ 0x8f701c190] 101         zero_bit                                                    0 = 0
[trace_headers @ 0x8f701c190] 102         zero_bit                                                    0 = 0
[trace_headers @ 0x8f701c190] 103         zero_bit                                                    0 = 0
[trace_headers @ 0x8f701c190] Tile Group
[trace_headers @ 0x8f701c190] Packet: 2319 bytes, pts 3, dts 3, duration 1.
[trace_headers @ 0x8f701c190] OBU header
[trace_headers @ 0x8f701c190] 0           obu_forbidden_bit                                           0 = 0
[trace_headers @ 0x8f701c190] 1           obu_type                                                 0010 = 2
[trace_headers @ 0x8f701c190] 5           obu_extension_flag                                          0 = 0
[trace_headers @ 0x8f701c190] 6           obu_has_size_field                                          1 = 1
[trace_headers @ 0x8f701c190] 7           obu_reserved_1bit                                           0 = 0
[trace_headers @ 0x8f701c190] 8           obu_size                                             00000000 = 0
[trace_headers @ 0x8f701c190] Temporal Delimiter
[trace_headers @ 0x8f701c190] OBU header
[trace_headers @ 0x8f701c190] 0           obu_forbidden_bit                                           0 = 0
[trace_headers @ 0x8f701c190] 1           obu_type                                                 0110 = 6
[trace_headers @ 0x8f701c190] 5           obu_extension_flag                                          0 = 0
[trace_headers @ 0x8f701c190] 6           obu_has_size_field                                          1 = 1
[trace_headers @ 0x8f701c190] 7           obu_reserved_1bit                                           0 = 0
[trace_headers @ 0x8f701c190] 8           obu_size                                     1000101000010010 = 2314
[trace_headers @ 0x8f701c190] Frame Header
[trace_headers @ 0x8f701c190] 24          show_existing_frame                                         0 = 0
[trace_headers @ 0x8f701c190] 25          frame_type                                                 10 = 2
[trace_headers @ 0x8f701c190] 27          show_frame                                                  0 = 0
[trace_headers @ 0x8f701c190] 28          showable_frame                                              1 = 1
[trace_headers @ 0x8f701c190] 29          error_resilient_mode                                        1 = 1
[trace_headers @ 0x8f701c190] 30          disable_cdf_update                                          0 = 0
[trace_headers @ 0x8f701c190] 31          allow_screen_content_tools                                  1 = 1
[trace_headers @ 0x8f701c190] 32          force_integer_mv                                            0 = 0
[trace_headers @ 0x8f701c190] 33          frame_size_override_flag                                    0 = 0
[trace_headers @ 0x8f701c190] 34          refresh_frame_flags                                  00010000 = 16
[trace_headers @ 0x8f701c190] 42          render_and_frame_size_different                             0 = 0
[trace_headers @ 0x8f701c190] 43          allow_intrabc                                               0 = 0
[trace_headers @ 0x8f701c190] 44          disable_frame_end_update_cdf                                0 = 0
[trace_headers @ 0x8f701c190] 45          uniform_tile_spacing_flag                                   1 = 1
[trace_headers @ 0x8f701c190] 46          tile_cols_log2                                              0 = 0
[trace_headers @ 0x8f701c190] 47          tile_rows_log2                                              0 = 0
[trace_headers @ 0x8f701c190] 48          base_q_idx                                           00000000 = 0
[trace_headers @ 0x8f701c190] 56          delta_q_y_dc.delta_coded                                    0 = 0
[trace_headers @ 0x8f701c190] 57          delta_q_u_dc.delta_coded                                    0 = 0
[trace_headers @ 0x8f701c190] 58          delta_q_u_ac.delta_coded                                    0 = 0
[trace_headers @ 0x8f701c190] 59          using_qmatrix                                               0 = 0
[trace_headers @ 0x8f701c190] 60          segmentation_enabled                                        0 = 0
[trace_headers @ 0x8f701c190] 61          reduced_tx_set                                              0 = 0
[trace_headers @ 0x8f701c190] 62          zero_bit                                                    0 = 0
[trace_headers @ 0x8f701c190] 63          zero_bit                                                    0 = 0
[trace_headers @ 0x8f701c190] Tile Group
[trace_headers @ 0x8f701c190] Packet: 5 bytes, pts 4, dts 4, duration 1.
[trace_headers @ 0x8f701c190] OBU header
[trace_headers @ 0x8f701c190] 0           obu_forbidden_bit                                           0 = 0
[trace_headers @ 0x8f701c190] 1           obu_type                                                 0010 = 2
[trace_headers @ 0x8f701c190] 5           obu_extension_flag                                          0 = 0
[trace_headers @ 0x8f701c190] 6           obu_has_size_field                                          1 = 1
[trace_headers @ 0x8f701c190] 7           obu_reserved_1bit                                           0 = 0
[trace_headers @ 0x8f701c190] 8           obu_size                                             00000000 = 0
[trace_headers @ 0x8f701c190] Temporal Delimiter
[trace_headers @ 0x8f701c190] OBU header
[trace_headers @ 0x8f701c190] 0           obu_forbidden_bit                                           0 = 0
[trace_headers @ 0x8f701c190] 1           obu_type                                                 0011 = 3
[trace_headers @ 0x8f701c190] 5           obu_extension_flag                                          0 = 0
[trace_headers @ 0x8f701c190] 6           obu_has_size_field                                          1 = 1
[trace_headers @ 0x8f701c190] 7           obu_reserved_1bit                                           0 = 0
[trace_headers @ 0x8f701c190] 8           obu_size                                             00000001 = 1
[trace_headers @ 0x8f701c190] Frame Header
[trace_headers @ 0x8f701c190] 16          show_existing_frame                                         1 = 1
[trace_headers @ 0x8f701c190] 17          frame_to_show_map_idx                                     100 = 4
[trace_headers @ 0x8f701c190] 20          trailing_one_bit                                            1 = 1
[trace_headers @ 0x8f701c190] 21          trailing_zero_bit                                           0 = 0
[trace_headers @ 0x8f701c190] 22          trailing_zero_bit                                           0 = 0
[trace_headers @ 0x8f701c190] 23          trailing_zero_bit                                           0 = 0
[trace_headers @ 0x8f701c190] Packet: 2052 bytes, pts 5, dts 5, duration 1.
[trace_headers @ 0x8f701c190] OBU header
[trace_headers @ 0x8f701c190] 0           obu_forbidden_bit                                           0 = 0
[trace_headers @ 0x8f701c190] 1           obu_type                                                 0010 = 2
[trace_headers @ 0x8f701c190] 5           obu_extension_flag                                          0 = 0
[trace_headers @ 0x8f701c190] 6           obu_has_size_field                                          1 = 1
[trace_headers @ 0x8f701c190] 7           obu_reserved_1bit                                           0 = 0
[trace_headers @ 0x8f701c190] 8           obu_size                                             00000000 = 0
[trace_headers @ 0x8f701c190] Temporal Delimiter
[trace_headers @ 0x8f701c190] OBU header
[trace_headers @ 0x8f701c190] 0           obu_forbidden_bit                                           0 = 0
[trace_headers @ 0x8f701c190] 1           obu_type                                                 0110 = 6
[trace_headers @ 0x8f701c190] 5           obu_extension_flag                                          0 = 0
[trace_headers @ 0x8f701c190] 6           obu_has_size_field                                          1 = 1
[trace_headers @ 0x8f701c190] 7           obu_reserved_1bit                                           0 = 0
[trace_headers @ 0x8f701c190] 8           obu_size                                     1111111100001111 = 2047
[trace_headers @ 0x8f701c190] Frame Header
[trace_headers @ 0x8f701c190] 24          show_existing_frame                                         0 = 0
[trace_headers @ 0x8f701c190] 25          frame_type                                                 01 = 1
[trace_headers @ 0x8f701c190] 27          show_frame                                                  1 = 1
[trace_headers @ 0x8f701c190] 28          error_resilient_mode                                        0 = 0
[trace_headers @ 0x8f701c190] 29          disable_cdf_update                                          0 = 0
[trace_headers @ 0x8f701c190] 30          allow_screen_content_tools                                  1 = 1
[trace_headers @ 0x8f701c190] 31          force_integer_mv                                            0 = 0
[trace_headers @ 0x8f701c190] 32          frame_size_override_flag                                    0 = 0
[trace_headers @ 0x8f701c190] 33          primary_ref_frame                                         111 = 7
[trace_headers @ 0x8f701c190] 36          refresh_frame_flags                                  00100000 = 32
[trace_headers @ 0x8f701c190] 44          ref_frame_idx[0]                                          100 = 4
[trace_headers @ 0x8f701c190] 47          ref_frame_idx[1]                                          100 = 4
[trace_headers @ 0x8f701c190] 50          ref_frame_idx[2]                                          100 = 4
[trace_headers @ 0x8f701c190] 53          ref_frame_idx[3]                                          100 = 4
[trace_headers @ 0x8f701c190] 56          ref_frame_idx[4]                                          100 = 4
[trace_headers @ 0x8f701c190] 59          ref_frame_idx[5]                                          100 = 4
[trace_headers @ 0x8f701c190] 62          ref_frame_idx[6]                                          100 = 4
[trace_headers @ 0x8f701c190] 65          render_and_frame_size_different                             0 = 0
[trace_headers @ 0x8f701c190] 66          allow_high_precision_mv                                     1 = 1
[trace_headers @ 0x8f701c190] 67          is_filter_switchable                                        0 = 0
[trace_headers @ 0x8f701c190] 68          interpolation_filter                                       00 = 0
[trace_headers @ 0x8f701c190] 70          is_motion_mode_switchable                                   1 = 1
[trace_headers @ 0x8f701c190] 71          disable_frame_end_update_cdf                                0 = 0
[trace_headers @ 0x8f701c190] 72          uniform_tile_spacing_flag                                   1 = 1
[trace_headers @ 0x8f701c190] 73          tile_cols_log2                                              0 = 0
[trace_headers @ 0x8f701c190] 74          tile_rows_log2                                              0 = 0
[trace_headers @ 0x8f701c190] 75          base_q_idx                                           00000000 = 0
[trace_headers @ 0x8f701c190] 83          delta_q_y_dc.delta_coded                                    0 = 0
[trace_headers @ 0x8f701c190] 84          delta_q_u_dc.delta_coded                                    0 = 0
[trace_headers @ 0x8f701c190] 85          delta_q_u_ac.delta_coded                                    0 = 0
[trace_headers @ 0x8f701c190] 86          using_qmatrix                                               0 = 0
[trace_headers @ 0x8f701c190] 87          segmentation_enabled                                        0 = 0
[trace_headers @ 0x8f701c190] 88          reference_select                                            0 = 0
[trace_headers @ 0x8f701c190] 89          allow_warped_motion                                         1 = 1
[trace_headers @ 0x8f701c190] 90          reduced_tx_set                                              0 = 0
[trace_headers @ 0x8f701c190] 91          is_global[1]                                                0 = 0
[trace_headers @ 0x8f701c190] 92          is_global[2]                                                0 = 0
[trace_headers @ 0x8f701c190] 93          is_global[3]                                                0 = 0
[trace_headers @ 0x8f701c190] 94          is_global[4]                                                0 = 0
[trace_headers @ 0x8f701c190] 95          is_global[5]                                                0 = 0
[trace_headers @ 0x8f701c190] 96          is_global[6]                                                0 = 0
[trace_headers @ 0x8f701c190] 97          is_global[7]                                                0 = 0
[trace_headers @ 0x8f701c190] 98          zero_bit                                                    0 = 0
[trace_headers @ 0x8f701c190] 99          zero_bit                                                    0 = 0
[trace_headers @ 0x8f701c190] 100         zero_bit                                                    0 = 0
[trace_headers @ 0x8f701c190] 101         zero_bit                                                    0 = 0
[trace_headers @ 0x8f701c190] 102         zero_bit                                                    0 = 0
[trace_headers @ 0x8f701c190] 103         zero_bit                                                    0 = 0
[trace_headers @ 0x8f701c190] Tile Group
[trace_headers @ 0x8f701c190] Packet: 2043 bytes, pts 6, dts 6, duration 1.
[trace_headers @ 0x8f701c190] OBU header
[trace_headers @ 0x8f701c190] 0           obu_forbidden_bit                                           0 = 0
[trace_headers @ 0x8f701c190] 1           obu_type                                                 0010 = 2
[trace_headers @ 0x8f701c190] 5           obu_extension_flag                                          0 = 0
[trace_headers @ 0x8f701c190] 6           obu_has_size_field                                          1 = 1
[trace_headers @ 0x8f701c190] 7           obu_reserved_1bit                                           0 = 0
[trace_headers @ 0x8f701c190] 8           obu_size                                             00000000 = 0
[trace_headers @ 0x8f701c190] Temporal Delimiter
[trace_headers @ 0x8f701c190] OBU header
[trace_headers @ 0x8f701c190] 0           obu_forbidden_bit                                           0 = 0
[trace_headers @ 0x8f701c190] 1           obu_type                                                 0110 = 6
[trace_headers @ 0x8f701c190] 5           obu_extension_flag                                          0 = 0
[trace_headers @ 0x8f701c190] 6           obu_has_size_field                                          1 = 1
[trace_headers @ 0x8f701c190] 7           obu_reserved_1bit                                           0 = 0
[trace_headers @ 0x8f701c190] 8           obu_size                                     1111011000001111 = 2038
[trace_headers @ 0x8f701c190] Frame Header
[trace_headers @ 0x8f701c190] 24          show_existing_frame                                         0 = 0
[trace_headers @ 0x8f701c190] 25          frame_type                                                 01 = 1
[trace_headers @ 0x8f701c190] 27          show_frame                                                  1 = 1
[trace_headers @ 0x8f701c190] 28          error_resilient_mode                                        0 = 0
[trace_headers @ 0x8f701c190] 29          disable_cdf_update                                          0 = 0
[trace_headers @ 0x8f701c190] 30          allow_screen_content_tools                                  1 = 1
[trace_headers @ 0x8f701c190] 31          force_integer_mv                                            0 = 0
[trace_headers @ 0x8f701c190] 32          frame_size_override_flag                                    0 = 0
[trace_headers @ 0x8f701c190] 33          primary_ref_frame                                         000 = 0
[trace_headers @ 0x8f701c190] 36          refresh_frame_flags                                  01000000 = 64
[trace_headers @ 0x8f701c190] 44          ref_frame_idx[0]                                          101 = 5
[trace_headers @ 0x8f701c190] 47          ref_frame_idx[1]                                          100 = 4
[trace_headers @ 0x8f701c190] 50          ref_frame_idx[2]                                          100 = 4
[trace_headers @ 0x8f701c190] 53          ref_frame_idx[3]                                          100 = 4
[trace_headers @ 0x8f701c190] 56          ref_frame_idx[4]                                          100 = 4
[trace_headers @ 0x8f701c190] 59          ref_frame_idx[5]                                          100 = 4
[trace_headers @ 0x8f701c190] 62          ref_frame_idx[6]                                          100 = 4
[trace_headers @ 0x8f701c190] 65          render_and_frame_size_different                             0 = 0
[trace_headers @ 0x8f701c190] 66          allow_high_precision_mv                                     1 = 1
[trace_headers @ 0x8f701c190] 67          is_filter_switchable                                        0 = 0
[trace_headers @ 0x8f701c190] 68          interpolation_filter                                       00 = 0
[trace_headers @ 0x8f701c190] 70          is_motion_mode_switchable                                   1 = 1
[trace_headers @ 0x8f701c190] 71          disable_frame_end_update_cdf                                0 = 0
[trace_headers @ 0x8f701c190] 72          uniform_tile_spacing_flag                                   1 = 1
[trace_headers @ 0x8f701c190] 73          tile_cols_log2                                              0 = 0
[trace_headers @ 0x8f701c190] 74          tile_rows_log2                                              0 = 0
[trace_headers @ 0x8f701c190] 75          base_q_idx                                           00000000 = 0
[trace_headers @ 0x8f701c190] 83          delta_q_y_dc.delta_coded                                    0 = 0
[trace_headers @ 0x8f701c190] 84          delta_q_u_dc.delta_coded                                    0 = 0
[trace_headers @ 0x8f701c190] 85          delta_q_u_ac.delta_coded                                    0 = 0
[trace_headers @ 0x8f701c190] 86          using_qmatrix                                               0 = 0
[trace_headers @ 0x8f701c190] 87          segmentation_enabled                                        0 = 0
[trace_headers @ 0x8f701c190] 88          reference_select                                            0 = 0
[trace_headers @ 0x8f701c190] 89          allow_warped_motion                                         1 = 1
[trace_headers @ 0x8f701c190] 90          reduced_tx_set                                              0 = 0
[trace_headers @ 0x8f701c190] 91          is_global[1]                                                0 = 0
[trace_headers @ 0x8f701c190] 92          is_global[2]                                                0 = 0
[trace_headers @ 0x8f701c190] 93          is_global[3]                                                0 = 0
[trace_headers @ 0x8f701c190] 94          is_global[4]                                                0 = 0
[trace_headers @ 0x8f701c190] 95          is_global[5]                                                0 = 0
[trace_headers @ 0x8f701c190] 96          is_global[6]                                                0 = 0
[trace_headers @ 0x8f701c190] 97          is_global[7]                                                0 = 0
[trace_headers @ 0x8f701c190] 98          zero_bit                                                    0 = 0
[trace_headers @ 0x8f701c190] 99          zero_bit                                                    0 = 0
[trace_headers @ 0x8f701c190] 100         zero_bit                                                    0 = 0
[trace_headers @ 0x8f701c190] 101         zero_bit                                                    0 = 0
[trace_headers @ 0x8f701c190] 102         zero_bit                                                    0 = 0
[trace_headers @ 0x8f701c190] 103         zero_bit                                                    0 = 0
[trace_headers @ 0x8f701c190] Tile Group
[trace_headers @ 0x8f701c190] Packet: 5 bytes, pts 7, dts 7, duration 1.
[trace_headers @ 0x8f701c190] OBU header
[trace_headers @ 0x8f701c190] 0           obu_forbidden_bit                                           0 = 0
[trace_headers @ 0x8f701c190] 1           obu_type                                                 0010 = 2
[trace_headers @ 0x8f701c190] 5           obu_extension_flag                                          0 = 0
[trace_headers @ 0x8f701c190] 6           obu_has_size_field                                          1 = 1
[trace_headers @ 0x8f701c190] 7           obu_reserved_1bit                                           0 = 0
[trace_headers @ 0x8f701c190] 8           obu_size                                             00000000 = 0
[trace_headers @ 0x8f701c190] Temporal Delimiter
[trace_headers @ 0x8f701c190] OBU header
[trace_headers @ 0x8f701c190] 0           obu_forbidden_bit                                           0 = 0
[trace_headers @ 0x8f701c190] 1           obu_type                                                 0011 = 3
[trace_headers @ 0x8f701c190] 5           obu_extension_flag                                          0 = 0
[trace_headers @ 0x8f701c190] 6           obu_has_size_field                                          1 = 1
[trace_headers @ 0x8f701c190] 7           obu_reserved_1bit                                           0 = 0
[trace_headers @ 0x8f701c190] 8           obu_size                                             00000001 = 1
[trace_headers @ 0x8f701c190] Frame Header
[trace_headers @ 0x8f701c190] 16          show_existing_frame                                         1 = 1
[trace_headers @ 0x8f701c190] 17          frame_to_show_map_idx                                     001 = 1
[trace_headers @ 0x8f701c190] 20          trailing_one_bit                                            1 = 1
[trace_headers @ 0x8f701c190] 21          trailing_zero_bit                                           0 = 0
[trace_headers @ 0x8f701c190] 22          trailing_zero_bit                                           0 = 0
[trace_headers @ 0x8f701c190] 23          trailing_zero_bit                                           0 = 0
[trace_headers @ 0x8f701c190] Packet: 5 bytes, pts 8, dts 8, duration 1.
[trace_headers @ 0x8f701c190] OBU header
[trace_headers @ 0x8f701c190] 0           obu_forbidden_bit                                           0 = 0
[trace_headers @ 0x8f701c190] 1           obu_type                                                 0010 = 2
[trace_headers @ 0x8f701c190] 5           obu_extension_flag                                          0 = 0
[trace_headers @ 0x8f701c190] 6           obu_has_size_field                                          1 = 1
[trace_headers @ 0x8f701c190] 7           obu_reserved_1bit                                           0 = 0
[trace_headers @ 0x8f701c190] 8           obu_size                                             00000000 = 0
[trace_headers @ 0x8f701c190] Temporal Delimiter
[trace_headers @ 0x8f701c190] OBU header
[trace_headers @ 0x8f701c190] 0           obu_forbidden_bit                                           0 = 0
[trace_headers @ 0x8f701c190] 1           obu_type                                                 0011 = 3
[trace_headers @ 0x8f701c190] 5           obu_extension_flag                                          0 = 0
[trace_headers @ 0x8f701c190] 6           obu_has_size_field                                          1 = 1
[trace_headers @ 0x8f701c190] 7           obu_reserved_1bit                                           0 = 0
[trace_headers @ 0x8f701c190] 8           obu_size                                             00000001 = 1
[trace_headers @ 0x8f701c190] Frame Header
[trace_headers @ 0x8f701c190] 16          show_existing_frame                                         1 = 1
[trace_headers @ 0x8f701c190] 17          frame_to_show_map_idx                                     101 = 5
[trace_headers @ 0x8f701c190] 20          trailing_one_bit                                            1 = 1
[trace_headers @ 0x8f701c190] 21          trailing_zero_bit                                           0 = 0
[trace_headers @ 0x8f701c190] 22          trailing_zero_bit                                           0 = 0
[trace_headers @ 0x8f701c190] 23          trailing_zero_bit                                           0 = 0
[trace_headers @ 0x8f701c190] Packet: 5 bytes, pts 9, dts 9, duration 1.
[trace_headers @ 0x8f701c190] OBU header
[trace_headers @ 0x8f701c190] 0           obu_forbidden_bit                                           0 = 0
[trace_headers @ 0x8f701c190] 1           obu_type                                                 0010 = 2
[trace_headers @ 0x8f701c190] 5           obu_extension_flag                                          0 = 0
[trace_headers @ 0x8f701c190] 6           obu_has_size_field                                          1 = 1
[trace_headers @ 0x8f701c190] 7           obu_reserved_1bit                                           0 = 0
[trace_headers @ 0x8f701c190] 8           obu_size                                             00000000 = 0
[trace_headers @ 0x8f701c190] Temporal Delimiter
[trace_headers @ 0x8f701c190] OBU header
[trace_headers @ 0x8f701c190] 0           obu_forbidden_bit                                           0 = 0
[trace_headers @ 0x8f701c190] 1           obu_type                                                 0011 = 3
[trace_headers @ 0x8f701c190] 5           obu_extension_flag                                          0 = 0
[trace_headers @ 0x8f701c190] 6           obu_has_size_field                                          1 = 1
[trace_headers @ 0x8f701c190] 7           obu_reserved_1bit                                           0 = 0
[trace_headers @ 0x8f701c190] 8           obu_size                                             00000001 = 1
[trace_headers @ 0x8f701c190] Frame Header
[trace_headers @ 0x8f701c190] 16          show_existing_frame                                         1 = 1
[trace_headers @ 0x8f701c190] 17          frame_to_show_map_idx                                     010 = 2
[trace_headers @ 0x8f701c190] 20          trailing_one_bit                                            1 = 1
[trace_headers @ 0x8f701c190] 21          trailing_zero_bit                                           0 = 0
[trace_headers @ 0x8f701c190] 22          trailing_zero_bit                                           0 = 0
[trace_headers @ 0x8f701c190] 23          trailing_zero_bit                                           0 = 0
[trace_headers @ 0x8f701c190] Packet: 5 bytes, pts 10, dts 10, duration 1.
[trace_headers @ 0x8f701c190] OBU header
[trace_headers @ 0x8f701c190] 0           obu_forbidden_bit                                           0 = 0
[trace_headers @ 0x8f701c190] 1           obu_type                                                 0010 = 2
[trace_headers @ 0x8f701c190] 5           obu_extension_flag                                          0 = 0
[trace_headers @ 0x8f701c190] 6           obu_has_size_field                                          1 = 1
[trace_headers @ 0x8f701c190] 7           obu_reserved_1bit                                           0 = 0
[trace_headers @ 0x8f701c190] 8           obu_size                                             00000000 = 0
[trace_headers @ 0x8f701c190] Temporal Delimiter
[trace_headers @ 0x8f701c190] OBU header
[trace_headers @ 0x8f701c190] 0           obu_forbidden_bit                                           0 = 0
[trace_headers @ 0x8f701c190] 1           obu_type                                                 0011 = 3
[trace_headers @ 0x8f701c190] 5           obu_extension_flag                                          0 = 0
[trace_headers @ 0x8f701c190] 6           obu_has_size_field                                          1 = 1
[trace_headers @ 0x8f701c190] 7           obu_reserved_1bit                                           0 = 0
[trace_headers @ 0x8f701c190] 8           obu_size                                             00000001 = 1
[trace_headers @ 0x8f701c190] Frame Header
[trace_headers @ 0x8f701c190] 16          show_existing_frame                                         1 = 1
[trace_headers @ 0x8f701c190] 17          frame_to_show_map_idx                                     110 = 6
[trace_headers @ 0x8f701c190] 20          trailing_one_bit                                            1 = 1
[trace_headers @ 0x8f701c190] 21          trailing_zero_bit                                           0 = 0
[trace_headers @ 0x8f701c190] 22          trailing_zero_bit                                           0 = 0
[trace_headers @ 0x8f701c190] 23          trailing_zero_bit                                           0 = 0
[trace_headers @ 0x8f701c190] Packet: 5 bytes, pts 11, dts 11, duration 1.
[trace_headers @ 0x8f701c190] OBU header
[trace_headers @ 0x8f701c190] 0           obu_forbidden_bit                                           0 = 0
[trace_headers @ 0x8f701c190] 1           obu_type                                                 0010 = 2
[trace_headers @ 0x8f701c190] 5           obu_extension_flag                                          0 = 0
[trace_headers @ 0x8f701c190] 6           obu_has_size_field                                          1 = 1
[trace_headers @ 0x8f701c190] 7           obu_reserved_1bit                                           0 = 0
[trace_headers @ 0x8f701c190] 8           obu_size                                             00000000 = 0
[trace_headers @ 0x8f701c190] Temporal Delimiter
[trace_headers @ 0x8f701c190] OBU header
[trace_headers @ 0x8f701c190] 0           obu_forbidden_bit                                           0 = 0
[trace_headers @ 0x8f701c190] 1           obu_type                                                 0011 = 3
[trace_headers @ 0x8f701c190] 5           obu_extension_flag                                          0 = 0
[trace_headers @ 0x8f701c190] 6           obu_has_size_field                                          1 = 1
[trace_headers @ 0x8f701c190] 7           obu_reserved_1bit                                           0 = 0
[trace_headers @ 0x8f701c190] 8           obu_size                                             00000001 = 1
[trace_headers @ 0x8f701c190] Frame Header
[trace_headers @ 0x8f701c190] 16          show_existing_frame                                         1 = 1
[trace_headers @ 0x8f701c190] 17          frame_to_show_map_idx                                     001 = 1
[trace_headers @ 0x8f701c190] 20          trailing_one_bit                                            1 = 1
[trace_headers @ 0x8f701c190] 21          trailing_zero_bit                                           0 = 0
[trace_headers @ 0x8f701c190] 22          trailing_zero_bit                                           0 = 0
[trace_headers @ 0x8f701c190] 23          trailing_zero_bit                                           0 = 0
[trace_headers @ 0x8f701c190] Packet: 5 bytes, pts 12, dts 12, duration 1.
[trace_headers @ 0x8f701c190] OBU header
[trace_headers @ 0x8f701c190] 0           obu_forbidden_bit                                           0 = 0
[trace_headers @ 0x8f701c190] 1           obu_type                                                 0010 = 2
[trace_headers @ 0x8f701c190] 5           obu_extension_flag                                          0 = 0
[trace_headers @ 0x8f701c190] 6           obu_has_size_field                                          1 = 1
[trace_headers @ 0x8f701c190] 7           obu_reserved_1bit                                           0 = 0
[trace_headers @ 0x8f701c190] 8           obu_size                                             00000000 = 0
[trace_headers @ 0x8f701c190] Temporal Delimiter
[trace_headers @ 0x8f701c190] OBU header
[trace_headers @ 0x8f701c190] 0           obu_forbidden_bit                                           0 = 0
[trace_headers @ 0x8f701c190] 1           obu_type                                                 0011 = 3
[trace_headers @ 0x8f701c190] 5           obu_extension_flag                                          0 = 0
[trace_headers @ 0x8f701c190] 6           obu_has_size_field                                          1 = 1
[trace_headers @ 0x8f701c190] 7           obu_reserved_1bit                                           0 = 0
[trace_headers @ 0x8f701c190] 8           obu_size                                             00000001 = 1
[trace_headers @ 0x8f701c190] Frame Header
[trace_headers @ 0x8f701c190] 16          show_existing_frame                                         1 = 1
[trace_headers @ 0x8f701c190] 17          frame_to_show_map_idx                                     101 = 5
[trace_headers @ 0x8f701c190] 20          trailing_one_bit                                            1 = 1
[trace_headers @ 0x8f701c190] 21          trailing_zero_bit                                           0 = 0
[trace_headers @ 0x8f701c190] 22          trailing_zero_bit                                           0 = 0
[trace_headers @ 0x8f701c190] 23          trailing_zero_bit                                           0 = 0
[trace_headers @ 0x8f701c190] Packet: 5 bytes, pts 13, dts 13, duration 1.
[trace_headers @ 0x8f701c190] OBU header
[trace_headers @ 0x8f701c190] 0           obu_forbidden_bit                                           0 = 0
[trace_headers @ 0x8f701c190] 1           obu_type                                                 0010 = 2
[trace_headers @ 0x8f701c190] 5           obu_extension_flag                                          0 = 0
[trace_headers @ 0x8f701c190] 6           obu_has_size_field                                          1 = 1
[trace_headers @ 0x8f701c190] 7           obu_reserved_1bit                                           0 = 0
[trace_headers @ 0x8f701c190] 8           obu_size                                             00000000 = 0
[trace_headers @ 0x8f701c190] Temporal Delimiter
[trace_headers @ 0x8f701c190] OBU header
[trace_headers @ 0x8f701c190] 0           obu_forbidden_bit                                           0 = 0
[trace_headers @ 0x8f701c190] 1           obu_type                                                 0011 = 3
[trace_headers @ 0x8f701c190] 5           obu_extension_flag                                          0 = 0
[trace_headers @ 0x8f701c190] 6           obu_has_size_field                                          1 = 1
[trace_headers @ 0x8f701c190] 7           obu_reserved_1bit                                           0 = 0
[trace_headers @ 0x8f701c190] 8           obu_size                                             00000001 = 1
[trace_headers @ 0x8f701c190] Frame Header
[trace_headers @ 0x8f701c190] 16          show_existing_frame                                         1 = 1
[trace_headers @ 0x8f701c190] 17          frame_to_show_map_idx                                     010 = 2
[trace_headers @ 0x8f701c190] 20          trailing_one_bit                                            1 = 1
[trace_headers @ 0x8f701c190] 21          trailing_zero_bit                                           0 = 0
[trace_headers @ 0x8f701c190] 22          trailing_zero_bit                                           0 = 0
[trace_headers @ 0x8f701c190] 23          trailing_zero_bit                                           0 = 0
[trace_headers @ 0x8f701c190] Packet: 5 bytes, pts 14, dts 14, duration 1.
[trace_headers @ 0x8f701c190] OBU header
[trace_headers @ 0x8f701c190] 0           obu_forbidden_bit                                           0 = 0
[trace_headers @ 0x8f701c190] 1           obu_type                                                 0010 = 2
[trace_headers @ 0x8f701c190] 5           obu_extension_flag                                          0 = 0
[trace_headers @ 0x8f701c190] 6           obu_has_size_field                                          1 = 1
[trace_headers @ 0x8f701c190] 7           obu_reserved_1bit                                           0 = 0
[trace_headers @ 0x8f701c190] 8           obu_size                                             00000000 = 0
[trace_headers @ 0x8f701c190] Temporal Delimiter
[trace_headers @ 0x8f701c190] OBU header
[trace_headers @ 0x8f701c190] 0           obu_forbidden_bit                                           0 = 0
[trace_headers @ 0x8f701c190] 1           obu_type                                                 0011 = 3
[trace_headers @ 0x8f701c190] 5           obu_extension_flag                                          0 = 0
[trace_headers @ 0x8f701c190] 6           obu_has_size_field                                          1 = 1
[trace_headers @ 0x8f701c190] 7           obu_reserved_1bit                                           0 = 0
[trace_headers @ 0x8f701c190] 8           obu_size                                             00000001 = 1
[trace_headers @ 0x8f701c190] Frame Header
[trace_headers @ 0x8f701c190] 16          show_existing_frame                                         1 = 1
[trace_headers @ 0x8f701c190] 17          frame_to_show_map_idx                                     110 = 6
[trace_headers @ 0x8f701c190] 20          trailing_one_bit                                            1 = 1
[trace_headers @ 0x8f701c190] 21          trailing_zero_bit                                           0 = 0
[trace_headers @ 0x8f701c190] 22          trailing_zero_bit                                           0 = 0
[trace_headers @ 0x8f701c190] 23          trailing_zero_bit                                           0 = 0
[trace_headers @ 0x8f701c190] Packet: 5 bytes, pts 15, dts 15, duration 1.
[trace_headers @ 0x8f701c190] OBU header
[trace_headers @ 0x8f701c190] 0           obu_forbidden_bit                                           0 = 0
[trace_headers @ 0x8f701c190] 1           obu_type                                                 0010 = 2
[trace_headers @ 0x8f701c190] 5           obu_extension_flag                                          0 = 0
[trace_headers @ 0x8f701c190] 6           obu_has_size_field                                          1 = 1
[trace_headers @ 0x8f701c190] 7           obu_reserved_1bit                                           0 = 0
[trace_headers @ 0x8f701c190] 8           obu_size                                             00000000 = 0
[trace_headers @ 0x8f701c190] Temporal Delimiter
[trace_headers @ 0x8f701c190] OBU header
[trace_headers @ 0x8f701c190] 0           obu_forbidden_bit                                           0 = 0
[trace_headers @ 0x8f701c190] 1           obu_type                                                 0011 = 3
[trace_headers @ 0x8f701c190] 5           obu_extension_flag                                          0 = 0
[trace_headers @ 0x8f701c190] 6           obu_has_size_field                                          1 = 1
[trace_headers @ 0x8f701c190] 7           obu_reserved_1bit                                           0 = 0
[trace_headers @ 0x8f701c190] 8           obu_size                                             00000001 = 1
[trace_headers @ 0x8f701c190] Frame Header
[trace_headers @ 0x8f701c190] 16          show_existing_frame                                         1 = 1
[trace_headers @ 0x8f701c190] 17          frame_to_show_map_idx                                     001 = 1
[trace_headers @ 0x8f701c190] 20          trailing_one_bit                                            1 = 1
[trace_headers @ 0x8f701c190] 21          trailing_zero_bit                                           0 = 0
[trace_headers @ 0x8f701c190] 22          trailing_zero_bit                                           0 = 0
[trace_headers @ 0x8f701c190] 23          trailing_zero_bit                                           0 = 0
[trace_headers @ 0x8f701c190] Packet: 5 bytes, pts 16, dts 16, duration 1.
[trace_headers @ 0x8f701c190] OBU header
[trace_headers @ 0x8f701c190] 0           obu_forbidden_bit                                           0 = 0
[trace_headers @ 0x8f701c190] 1           obu_type                                                 0010 = 2
[trace_headers @ 0x8f701c190] 5           obu_extension_flag                                          0 = 0
[trace_headers @ 0x8f701c190] 6           obu_has_size_field                                          1 = 1
[trace_headers @ 0x8f701c190] 7           obu_reserved_1bit                                           0 = 0
[trace_headers @ 0x8f701c190] 8           obu_size                                             00000000 = 0
[trace_headers @ 0x8f701c190] Temporal Delimiter
[trace_headers @ 0x8f701c190] OBU header
[trace_headers @ 0x8f701c190] 0           obu_forbidden_bit                                           0 = 0
[trace_headers @ 0x8f701c190] 1           obu_type                                                 0011 = 3
[trace_headers @ 0x8f701c190] 5           obu_extension_flag                                          0 = 0
[trace_headers @ 0x8f701c190] 6           obu_has_size_field                                          1 = 1
[trace_headers @ 0x8f701c190] 7           obu_reserved_1bit                                           0 = 0
[trace_headers @ 0x8f701c190] 8           obu_size                                             00000001 = 1
[trace_headers @ 0x8f701c190] Frame Header
[trace_headers @ 0x8f701c190] 16          show_existing_frame                                         1 = 1
[trace_headers @ 0x8f701c190] 17          frame_to_show_map_idx                                     101 = 5
[trace_headers @ 0x8f701c190] 20          trailing_one_bit                                            1 = 1
[trace_headers @ 0x8f701c190] 21          trailing_zero_bit                                           0 = 0
[trace_headers @ 0x8f701c190] 22          trailing_zero_bit                                           0 = 0
[trace_headers @ 0x8f701c190] 23          trailing_zero_bit                                           0 = 0
[trace_headers @ 0x8f701c190] Packet: 5 bytes, pts 17, dts 17, duration 1.
[trace_headers @ 0x8f701c190] OBU header
[trace_headers @ 0x8f701c190] 0           obu_forbidden_bit                                           0 = 0
[trace_headers @ 0x8f701c190] 1           obu_type                                                 0010 = 2
[trace_headers @ 0x8f701c190] 5           obu_extension_flag                                          0 = 0
[trace_headers @ 0x8f701c190] 6           obu_has_size_field                                          1 = 1
[trace_headers @ 0x8f701c190] 7           obu_reserved_1bit                                           0 = 0
[trace_headers @ 0x8f701c190] 8           obu_size                                             00000000 = 0
[trace_headers @ 0x8f701c190] Temporal Delimiter
[trace_headers @ 0x8f701c190] OBU header
[trace_headers @ 0x8f701c190] 0           obu_forbidden_bit                                           0 = 0
[trace_headers @ 0x8f701c190] 1           obu_type                                                 0011 = 3
[trace_headers @ 0x8f701c190] 5           obu_extension_flag                                          0 = 0
[trace_headers @ 0x8f701c190] 6           obu_has_size_field                                          1 = 1
[trace_headers @ 0x8f701c190] 7           obu_reserved_1bit                                           0 = 0
[trace_headers @ 0x8f701c190] 8           obu_size                                             00000001 = 1
[trace_headers @ 0x8f701c190] Frame Header
[trace_headers @ 0x8f701c190] 16          show_existing_frame                                         1 = 1
[trace_headers @ 0x8f701c190] 17          frame_to_show_map_idx                                     010 = 2
[trace_headers @ 0x8f701c190] 20          trailing_one_bit                                            1 = 1
[trace_headers @ 0x8f701c190] 21          trailing_zero_bit                                           0 = 0
[trace_headers @ 0x8f701c190] 22          trailing_zero_bit                                           0 = 0
[trace_headers @ 0x8f701c190] 23          trailing_zero_bit                                           0 = 0
[trace_headers @ 0x8f701c190] Packet: 5 bytes, pts 18, dts 18, duration 1.
[trace_headers @ 0x8f701c190] OBU header
[trace_headers @ 0x8f701c190] 0           obu_forbidden_bit                                           0 = 0
[trace_headers @ 0x8f701c190] 1           obu_type                                                 0010 = 2
[trace_headers @ 0x8f701c190] 5           obu_extension_flag                                          0 = 0
[trace_headers @ 0x8f701c190] 6           obu_has_size_field                                          1 = 1
[trace_headers @ 0x8f701c190] 7           obu_reserved_1bit                                           0 = 0
[trace_headers @ 0x8f701c190] 8           obu_size                                             00000000 = 0
[trace_headers @ 0x8f701c190] Temporal Delimiter
[trace_headers @ 0x8f701c190] OBU header
[trace_headers @ 0x8f701c190] 0           obu_forbidden_bit                                           0 = 0
[trace_headers @ 0x8f701c190] 1           obu_type                                                 0011 = 3
[trace_headers @ 0x8f701c190] 5           obu_extension_flag                                          0 = 0
[trace_headers @ 0x8f701c190] 6           obu_has_size_field                                          1 = 1
[trace_headers @ 0x8f701c190] 7           obu_reserved_1bit                                           0 = 0
[trace_headers @ 0x8f701c190] 8           obu_size                                             00000001 = 1
[trace_headers @ 0x8f701c190] Frame Header
[trace_headers @ 0x8f701c190] 16          show_existing_frame                                         1 = 1
[trace_headers @ 0x8f701c190] 17          frame_to_show_map_idx                                     110 = 6
[trace_headers @ 0x8f701c190] 20          trailing_one_bit                                            1 = 1
[trace_headers @ 0x8f701c190] 21          trailing_zero_bit                                           0 = 0
[trace_headers @ 0x8f701c190] 22          trailing_zero_bit                                           0 = 0
[trace_headers @ 0x8f701c190] 23          trailing_zero_bit                                           0 = 0
[trace_headers @ 0x8f701c190] Packet: 5 bytes, pts 19, dts 19, duration 1.
[trace_headers @ 0x8f701c190] OBU header
[trace_headers @ 0x8f701c190] 0           obu_forbidden_bit                                           0 = 0
[trace_headers @ 0x8f701c190] 1           obu_type                                                 0010 = 2
[trace_headers @ 0x8f701c190] 5           obu_extension_flag                                          0 = 0
[trace_headers @ 0x8f701c190] 6           obu_has_size_field                                          1 = 1
[trace_headers @ 0x8f701c190] 7           obu_reserved_1bit                                           0 = 0
[trace_headers @ 0x8f701c190] 8           obu_size                                             00000000 = 0
[trace_headers @ 0x8f701c190] Temporal Delimiter
[trace_headers @ 0x8f701c190] OBU header
[trace_headers @ 0x8f701c190] 0           obu_forbidden_bit                                           0 = 0
[trace_headers @ 0x8f701c190] 1           obu_type                                                 0011 = 3
[trace_headers @ 0x8f701c190] 5           obu_extension_flag                                          0 = 0
[trace_headers @ 0x8f701c190] 6           obu_has_size_field                                          1 = 1
[trace_headers @ 0x8f701c190] 7           obu_reserved_1bit                                           0 = 0
[trace_headers @ 0x8f701c190] 8           obu_size                                             00000001 = 1
[trace_headers @ 0x8f701c190] Frame Header
[trace_headers @ 0x8f701c190] 16          show_existing_frame                                         1 = 1
[trace_headers @ 0x8f701c190] 17          frame_to_show_map_idx                                     001 = 1
[trace_headers @ 0x8f701c190] 20          trailing_one_bit                                            1 = 1
[trace_headers @ 0x8f701c190] 21          trailing_zero_bit                                           0 = 0
[trace_headers @ 0x8f701c190] 22          trailing_zero_bit                                           0 = 0
[trace_headers @ 0x8f701c190] 23          trailing_zero_bit                                           0 = 0
[trace_headers @ 0x8f701c190] Packet: 5 bytes, pts 20, dts 20, duration 1.
[trace_headers @ 0x8f701c190] OBU header
[trace_headers @ 0x8f701c190] 0           obu_forbidden_bit                                           0 = 0
[trace_headers @ 0x8f701c190] 1           obu_type                                                 0010 = 2
[trace_headers @ 0x8f701c190] 5           obu_extension_flag                                          0 = 0
[trace_headers @ 0x8f701c190] 6           obu_has_size_field                                          1 = 1
[trace_headers @ 0x8f701c190] 7           obu_reserved_1bit                                           0 = 0
[trace_headers @ 0x8f701c190] 8           obu_size                                             00000000 = 0
[trace_headers @ 0x8f701c190] Temporal Delimiter
[trace_headers @ 0x8f701c190] OBU header
[trace_headers @ 0x8f701c190] 0           obu_forbidden_bit                                           0 = 0
[trace_headers @ 0x8f701c190] 1           obu_type                                                 0011 = 3
[trace_headers @ 0x8f701c190] 5           obu_extension_flag                                          0 = 0
[trace_headers @ 0x8f701c190] 6           obu_has_size_field                                          1 = 1
[trace_headers @ 0x8f701c190] 7           obu_reserved_1bit                                           0 = 0
[trace_headers @ 0x8f701c190] 8           obu_size                                             00000001 = 1
[trace_headers @ 0x8f701c190] Frame Header
[trace_headers @ 0x8f701c190] 16          show_existing_frame                                         1 = 1
[trace_headers @ 0x8f701c190] 17          frame_to_show_map_idx                                     101 = 5
[trace_headers @ 0x8f701c190] 20          trailing_one_bit                                            1 = 1
[trace_headers @ 0x8f701c190] 21          trailing_zero_bit                                           0 = 0
[trace_headers @ 0x8f701c190] 22          trailing_zero_bit                                           0 = 0
[trace_headers @ 0x8f701c190] 23          trailing_zero_bit                                           0 = 0
[trace_headers @ 0x8f701c190] Packet: 5 bytes, pts 21, dts 21, duration 1.
[trace_headers @ 0x8f701c190] OBU header
[trace_headers @ 0x8f701c190] 0           obu_forbidden_bit                                           0 = 0
[trace_headers @ 0x8f701c190] 1           obu_type                                                 0010 = 2
[trace_headers @ 0x8f701c190] 5           obu_extension_flag                                          0 = 0
[trace_headers @ 0x8f701c190] 6           obu_has_size_field                                          1 = 1
[trace_headers @ 0x8f701c190] 7           obu_reserved_1bit                                           0 = 0
[trace_headers @ 0x8f701c190] 8           obu_size                                             00000000 = 0
[trace_headers @ 0x8f701c190] Temporal Delimiter
[trace_headers @ 0x8f701c190] OBU header
[trace_headers @ 0x8f701c190] 0           obu_forbidden_bit                                           0 = 0
[trace_headers @ 0x8f701c190] 1           obu_type                                                 0011 = 3
[trace_headers @ 0x8f701c190] 5           obu_extension_flag                                          0 = 0
[trace_headers @ 0x8f701c190] 6           obu_has_size_field                                          1 = 1
[trace_headers @ 0x8f701c190] 7           obu_reserved_1bit                                           0 = 0
[trace_headers @ 0x8f701c190] 8           obu_size                                             00000001 = 1
[trace_headers @ 0x8f701c190] Frame Header
[trace_headers @ 0x8f701c190] 16          show_existing_frame                                         1 = 1
[trace_headers @ 0x8f701c190] 17          frame_to_show_map_idx                                     010 = 2
[trace_headers @ 0x8f701c190] 20          trailing_one_bit                                            1 = 1
[trace_headers @ 0x8f701c190] 21          trailing_zero_bit                                           0 = 0
[trace_headers @ 0x8f701c190] 22          trailing_zero_bit                                           0 = 0
[trace_headers @ 0x8f701c190] 23          trailing_zero_bit                                           0 = 0
[trace_headers @ 0x8f701c190] Packet: 5 bytes, pts 22, dts 22, duration 1.
[trace_headers @ 0x8f701c190] OBU header
[trace_headers @ 0x8f701c190] 0           obu_forbidden_bit                                           0 = 0
[trace_headers @ 0x8f701c190] 1           obu_type                                                 0010 = 2
[trace_headers @ 0x8f701c190] 5           obu_extension_flag                                          0 = 0
[trace_headers @ 0x8f701c190] 6           obu_has_size_field                                          1 = 1
[trace_headers @ 0x8f701c190] 7           obu_reserved_1bit                                           0 = 0
[trace_headers @ 0x8f701c190] 8           obu_size                                             00000000 = 0
[trace_headers @ 0x8f701c190] Temporal Delimiter
[trace_headers @ 0x8f701c190] OBU header
[trace_headers @ 0x8f701c190] 0           obu_forbidden_bit                                           0 = 0
[trace_headers @ 0x8f701c190] 1           obu_type                                                 0011 = 3
[trace_headers @ 0x8f701c190] 5           obu_extension_flag                                          0 = 0
[trace_headers @ 0x8f701c190] 6           obu_has_size_field                                          1 = 1
[trace_headers @ 0x8f701c190] 7           obu_reserved_1bit                                           0 = 0
[trace_headers @ 0x8f701c190] 8           obu_size                                             00000001 = 1
[trace_headers @ 0x8f701c190] Frame Header
[trace_headers @ 0x8f701c190] 16          show_existing_frame                                         1 = 1
[trace_headers @ 0x8f701c190] 17          frame_to_show_map_idx                                     110 = 6
[trace_headers @ 0x8f701c190] 20          trailing_one_bit                                            1 = 1
[trace_headers @ 0x8f701c190] 21          trailing_zero_bit                                           0 = 0
[trace_headers @ 0x8f701c190] 22          trailing_zero_bit                                           0 = 0
[trace_headers @ 0x8f701c190] 23          trailing_zero_bit                                           0 = 0
[trace_headers @ 0x8f701c190] Packet: 5 bytes, pts 23, dts 23, duration 1.
[trace_headers @ 0x8f701c190] OBU header
[trace_headers @ 0x8f701c190] 0           obu_forbidden_bit                                           0 = 0
[trace_headers @ 0x8f701c190] 1           obu_type                                                 0010 = 2
[trace_headers @ 0x8f701c190] 5           obu_extension_flag                                          0 = 0
[trace_headers @ 0x8f701c190] 6           obu_has_size_field                                          1 = 1
[trace_headers @ 0x8f701c190] 7           obu_reserved_1bit                                           0 = 0
[trace_headers @ 0x8f701c190] 8           obu_size                                             00000000 = 0
[trace_headers @ 0x8f701c190] Temporal Delimiter
[trace_headers @ 0x8f701c190] OBU header
[trace_headers @ 0x8f701c190] 0           obu_forbidden_bit                                           0 = 0
[trace_headers @ 0x8f701c190] 1           obu_type                                                 0011 = 3
[trace_headers @ 0x8f701c190] 5           obu_extension_flag                                          0 = 0
[trace_headers @ 0x8f701c190] 6           obu_has_size_field                                          1 = 1
[trace_headers @ 0x8f701c190] 7           obu_reserved_1bit                                           0 = 0
[trace_headers @ 0x8f701c190] 8           obu_size                                             00000001 = 1
[trace_headers @ 0x8f701c190] Frame Header
[trace_headers @ 0x8f701c190] 16          show_existing_frame                                         1 = 1
[trace_headers @ 0x8f701c190] 17          frame_to_show_map_idx                                     001 = 1
[trace_headers @ 0x8f701c190] 20          trailing_one_bit                                            1 = 1
[trace_headers @ 0x8f701c190] 21          trailing_zero_bit                                           0 = 0
[trace_headers @ 0x8f701c190] 22          trailing_zero_bit                                           0 = 0
[trace_headers @ 0x8f701c190] 23          trailing_zero_bit                                           0 = 0
[trace_headers @ 0x8f701c190] Packet: 5 bytes, pts 24, dts 24, duration 1.
[trace_headers @ 0x8f701c190] OBU header
[trace_headers @ 0x8f701c190] 0           obu_forbidden_bit                                           0 = 0
[trace_headers @ 0x8f701c190] 1           obu_type                                                 0010 = 2
[trace_headers @ 0x8f701c190] 5           obu_extension_flag                                          0 = 0
[trace_headers @ 0x8f701c190] 6           obu_has_size_field                                          1 = 1
[trace_headers @ 0x8f701c190] 7           obu_reserved_1bit                                           0 = 0
[trace_headers @ 0x8f701c190] 8           obu_size                                             00000000 = 0
[trace_headers @ 0x8f701c190] Temporal Delimiter
[trace_headers @ 0x8f701c190] OBU header
[trace_headers @ 0x8f701c190] 0           obu_forbidden_bit                                           0 = 0
[trace_headers @ 0x8f701c190] 1           obu_type                                                 0011 = 3
[trace_headers @ 0x8f701c190] 5           obu_extension_flag                                          0 = 0
[trace_headers @ 0x8f701c190] 6           obu_has_size_field                                          1 = 1
[trace_headers @ 0x8f701c190] 7           obu_reserved_1bit                                           0 = 0
[trace_headers @ 0x8f701c190] 8           obu_size                                             00000001 = 1
[trace_headers @ 0x8f701c190] Frame Header
[trace_headers @ 0x8f701c190] 16          show_existing_frame                                         1 = 1
[trace_headers @ 0x8f701c190] 17          frame_to_show_map_idx                                     101 = 5
[trace_headers @ 0x8f701c190] 20          trailing_one_bit                                            1 = 1
[trace_headers @ 0x8f701c190] 21          trailing_zero_bit                                           0 = 0
[trace_headers @ 0x8f701c190] 22          trailing_zero_bit                                           0 = 0
[trace_headers @ 0x8f701c190] 23          trailing_zero_bit                                           0 = 0
[trace_headers @ 0x8f701c190] Packet: 5 bytes, pts 25, dts 25, duration 1.
[trace_headers @ 0x8f701c190] OBU header
[trace_headers @ 0x8f701c190] 0           obu_forbidden_bit                                           0 = 0
[trace_headers @ 0x8f701c190] 1           obu_type                                                 0010 = 2
[trace_headers @ 0x8f701c190] 5           obu_extension_flag                                          0 = 0
[trace_headers @ 0x8f701c190] 6           obu_has_size_field                                          1 = 1
[trace_headers @ 0x8f701c190] 7           obu_reserved_1bit                                           0 = 0
[trace_headers @ 0x8f701c190] 8           obu_size                                             00000000 = 0
[trace_headers @ 0x8f701c190] Temporal Delimiter
[trace_headers @ 0x8f701c190] OBU header
[trace_headers @ 0x8f701c190] 0           obu_forbidden_bit                                           0 = 0
[trace_headers @ 0x8f701c190] 1           obu_type                                                 0011 = 3
[trace_headers @ 0x8f701c190] 5           obu_extension_flag                                          0 = 0
[trace_headers @ 0x8f701c190] 6           obu_has_size_field                                          1 = 1
[trace_headers @ 0x8f701c190] 7           obu_reserved_1bit                                           0 = 0
[trace_headers @ 0x8f701c190] 8           obu_size                                             00000001 = 1
[trace_headers @ 0x8f701c190] Frame Header
[trace_headers @ 0x8f701c190] 16          show_existing_frame                                         1 = 1
[trace_headers @ 0x8f701c190] 17          frame_to_show_map_idx                                     010 = 2
[trace_headers @ 0x8f701c190] 20          trailing_one_bit                                            1 = 1
[trace_headers @ 0x8f701c190] 21          trailing_zero_bit                                           0 = 0
[trace_headers @ 0x8f701c190] 22          trailing_zero_bit                                           0 = 0
[trace_headers @ 0x8f701c190] 23          trailing_zero_bit                                           0 = 0
[trace_headers @ 0x8f701c190] Packet: 5 bytes, pts 26, dts 26, duration 1.
[trace_headers @ 0x8f701c190] OBU header
[trace_headers @ 0x8f701c190] 0           obu_forbidden_bit                                           0 = 0
[trace_headers @ 0x8f701c190] 1           obu_type                                                 0010 = 2
[trace_headers @ 0x8f701c190] 5           obu_extension_flag                                          0 = 0
[trace_headers @ 0x8f701c190] 6           obu_has_size_field                                          1 = 1
[trace_headers @ 0x8f701c190] 7           obu_reserved_1bit                                           0 = 0
[trace_headers @ 0x8f701c190] 8           obu_size                                             00000000 = 0
[trace_headers @ 0x8f701c190] Temporal Delimiter
[trace_headers @ 0x8f701c190] OBU header
[trace_headers @ 0x8f701c190] 0           obu_forbidden_bit                                           0 = 0
[trace_headers @ 0x8f701c190] 1           obu_type                                                 0011 = 3
[trace_headers @ 0x8f701c190] 5           obu_extension_flag                                          0 = 0
[trace_headers @ 0x8f701c190] 6           obu_has_size_field                                          1 = 1
[trace_headers @ 0x8f701c190] 7           obu_reserved_1bit                                           0 = 0
[trace_headers @ 0x8f701c190] 8           obu_size                                             00000001 = 1
[trace_headers @ 0x8f701c190] Frame Header
[trace_headers @ 0x8f701c190] 16          show_existing_frame                                         1 = 1
[trace_headers @ 0x8f701c190] 17          frame_to_show_map_idx                                     110 = 6
[trace_headers @ 0x8f701c190] 20          trailing_one_bit                                            1 = 1
[trace_headers @ 0x8f701c190] 21          trailing_zero_bit                                           0 = 0
[trace_headers @ 0x8f701c190] 22          trailing_zero_bit                                           0 = 0
[trace_headers @ 0x8f701c190] 23          trailing_zero_bit                                           0 = 0
[trace_headers @ 0x8f701c190] Packet: 5 bytes, pts 27, dts 27, duration 1.
[trace_headers @ 0x8f701c190] OBU header
[trace_headers @ 0x8f701c190] 0           obu_forbidden_bit                                           0 = 0
[trace_headers @ 0x8f701c190] 1           obu_type                                                 0010 = 2
[trace_headers @ 0x8f701c190] 5           obu_extension_flag                                          0 = 0
[trace_headers @ 0x8f701c190] 6           obu_has_size_field                                          1 = 1
[trace_headers @ 0x8f701c190] 7           obu_reserved_1bit                                           0 = 0
[trace_headers @ 0x8f701c190] 8           obu_size                                             00000000 = 0
[trace_headers @ 0x8f701c190] Temporal Delimiter
[trace_headers @ 0x8f701c190] OBU header
[trace_headers @ 0x8f701c190] 0           obu_forbidden_bit                                           0 = 0
[trace_headers @ 0x8f701c190] 1           obu_type                                                 0011 = 3
[trace_headers @ 0x8f701c190] 5           obu_extension_flag                                          0 = 0
[trace_headers @ 0x8f701c190] 6           obu_has_size_field                                          1 = 1
[trace_headers @ 0x8f701c190] 7           obu_reserved_1bit                                           0 = 0
[trace_headers @ 0x8f701c190] 8           obu_size                                             00000001 = 1
[trace_headers @ 0x8f701c190] Frame Header
[trace_headers @ 0x8f701c190] 16          show_existing_frame                                         1 = 1
[trace_headers @ 0x8f701c190] 17          frame_to_show_map_idx                                     001 = 1
[trace_headers @ 0x8f701c190] 20          trailing_one_bit                                            1 = 1
[trace_headers @ 0x8f701c190] 21          trailing_zero_bit                                           0 = 0
[trace_headers @ 0x8f701c190] 22          trailing_zero_bit                                           0 = 0
[trace_headers @ 0x8f701c190] 23          trailing_zero_bit                                           0 = 0
[trace_headers @ 0x8f701c190] Packet: 5 bytes, pts 28, dts 28, duration 1.
[trace_headers @ 0x8f701c190] OBU header
[trace_headers @ 0x8f701c190] 0           obu_forbidden_bit                                           0 = 0
[trace_headers @ 0x8f701c190] 1           obu_type                                                 0010 = 2
[trace_headers @ 0x8f701c190] 5           obu_extension_flag                                          0 = 0
[trace_headers @ 0x8f701c190] 6           obu_has_size_field                                          1 = 1
[trace_headers @ 0x8f701c190] 7           obu_reserved_1bit                                           0 = 0
[trace_headers @ 0x8f701c190] 8           obu_size                                             00000000 = 0
[trace_headers @ 0x8f701c190] Temporal Delimiter
[trace_headers @ 0x8f701c190] OBU header
[trace_headers @ 0x8f701c190] 0           obu_forbidden_bit                                           0 = 0
[trace_headers @ 0x8f701c190] 1           obu_type                                                 0011 = 3
[trace_headers @ 0x8f701c190] 5           obu_extension_flag                                          0 = 0
[trace_headers @ 0x8f701c190] 6           obu_has_size_field                                          1 = 1
[trace_headers @ 0x8f701c190] 7           obu_reserved_1bit                                           0 = 0
[trace_headers @ 0x8f701c190] 8           obu_size                                             00000001 = 1
[trace_headers @ 0x8f701c190] Frame Header
[trace_headers @ 0x8f701c190] 16          show_existing_frame                                         1 = 1
[trace_headers @ 0x8f701c190] 17          frame_to_show_map_idx                                     101 = 5
[trace_headers @ 0x8f701c190] 20          trailing_one_bit                                            1 = 1
[trace_headers @ 0x8f701c190] 21          trailing_zero_bit                                           0 = 0
[trace_headers @ 0x8f701c190] 22          trailing_zero_bit                                           0 = 0
[trace_headers @ 0x8f701c190] 23          trailing_zero_bit                                           0 = 0
[trace_headers @ 0x8f701c190] Packet: 5 bytes, pts 29, dts 29, duration 1.
[trace_headers @ 0x8f701c190] OBU header
[trace_headers @ 0x8f701c190] 0           obu_forbidden_bit                                           0 = 0
[trace_headers @ 0x8f701c190] 1           obu_type                                                 0010 = 2
[trace_headers @ 0x8f701c190] 5           obu_extension_flag                                          0 = 0
[trace_headers @ 0x8f701c190] 6           obu_has_size_field                                          1 = 1
[trace_headers @ 0x8f701c190] 7           obu_reserved_1bit                                           0 = 0
[trace_headers @ 0x8f701c190] 8           obu_size                                             00000000 = 0
[trace_headers @ 0x8f701c190] Temporal Delimiter
[trace_headers @ 0x8f701c190] OBU header
[trace_headers @ 0x8f701c190] 0           obu_forbidden_bit                                           0 = 0
[trace_headers @ 0x8f701c190] 1           obu_type                                                 0011 = 3
[trace_headers @ 0x8f701c190] 5           obu_extension_flag                                          0 = 0
[trace_headers @ 0x8f701c190] 6           obu_has_size_field                                          1 = 1
[trace_headers @ 0x8f701c190] 7           obu_reserved_1bit                                           0 = 0
[trace_headers @ 0x8f701c190] 8           obu_size                                             00000001 = 1
[trace_headers @ 0x8f701c190] Frame Header
[trace_headers @ 0x8f701c190] 16          show_existing_frame                                         1 = 1
[trace_headers @ 0x8f701c190] 17          frame_to_show_map_idx                                     010 = 2
[trace_headers @ 0x8f701c190] 20          trailing_one_bit                                            1 = 1
[trace_headers @ 0x8f701c190] 21          trailing_zero_bit                                           0 = 0
[trace_headers @ 0x8f701c190] 22          trailing_zero_bit                                           0 = 0
[trace_headers @ 0x8f701c190] 23          trailing_zero_bit                                           0 = 0
[trace_headers @ 0x8f701c190] Packet: 5 bytes, pts 30, dts 30, duration 1.
[trace_headers @ 0x8f701c190] OBU header
[trace_headers @ 0x8f701c190] 0           obu_forbidden_bit                                           0 = 0
[trace_headers @ 0x8f701c190] 1           obu_type                                                 0010 = 2
[trace_headers @ 0x8f701c190] 5           obu_extension_flag                                          0 = 0
[trace_headers @ 0x8f701c190] 6           obu_has_size_field                                          1 = 1
[trace_headers @ 0x8f701c190] 7           obu_reserved_1bit                                           0 = 0
[trace_headers @ 0x8f701c190] 8           obu_size                                             00000000 = 0
[trace_headers @ 0x8f701c190] Temporal Delimiter
[trace_headers @ 0x8f701c190] OBU header
[trace_headers @ 0x8f701c190] 0           obu_forbidden_bit                                           0 = 0
[trace_headers @ 0x8f701c190] 1           obu_type                                                 0011 = 3
[trace_headers @ 0x8f701c190] 5           obu_extension_flag                                          0 = 0
[trace_headers @ 0x8f701c190] 6           obu_has_size_field                                          1 = 1
[trace_headers @ 0x8f701c190] 7           obu_reserved_1bit                                           0 = 0
[trace_headers @ 0x8f701c190] 8           obu_size                                             00000001 = 1
[trace_headers @ 0x8f701c190] Frame Header
[trace_headers @ 0x8f701c190] 16          show_existing_frame                                         1 = 1
[trace_headers @ 0x8f701c190] 17          frame_to_show_map_idx                                     110 = 6
[trace_headers @ 0x8f701c190] 20          trailing_one_bit                                            1 = 1
[trace_headers @ 0x8f701c190] 21          trailing_zero_bit                                           0 = 0
[trace_headers @ 0x8f701c190] 22          trailing_zero_bit                                           0 = 0
[trace_headers @ 0x8f701c190] 23          trailing_zero_bit                                           0 = 0
[trace_headers @ 0x8f701c190] Packet: 5 bytes, pts 31, dts 31, duration 1.
[trace_headers @ 0x8f701c190] OBU header
[trace_headers @ 0x8f701c190] 0           obu_forbidden_bit                                           0 = 0
[trace_headers @ 0x8f701c190] 1           obu_type                                                 0010 = 2
[trace_headers @ 0x8f701c190] 5           obu_extension_flag                                          0 = 0
[trace_headers @ 0x8f701c190] 6           obu_has_size_field                                          1 = 1
[trace_headers @ 0x8f701c190] 7           obu_reserved_1bit                                           0 = 0
[trace_headers @ 0x8f701c190] 8           obu_size                                             00000000 = 0
[trace_headers @ 0x8f701c190] Temporal Delimiter
[trace_headers @ 0x8f701c190] OBU header
[trace_headers @ 0x8f701c190] 0           obu_forbidden_bit                                           0 = 0
[trace_headers @ 0x8f701c190] 1           obu_type                                                 0011 = 3
[trace_headers @ 0x8f701c190] 5           obu_extension_flag                                          0 = 0
[trace_headers @ 0x8f701c190] 6           obu_has_size_field                                          1 = 1
[trace_headers @ 0x8f701c190] 7           obu_reserved_1bit                                           0 = 0
[trace_headers @ 0x8f701c190] 8           obu_size                                             00000001 = 1
[trace_headers @ 0x8f701c190] Frame Header
[trace_headers @ 0x8f701c190] 16          show_existing_frame                                         1 = 1
[trace_headers @ 0x8f701c190] 17          frame_to_show_map_idx                                     001 = 1
[trace_headers @ 0x8f701c190] 20          trailing_one_bit                                            1 = 1
[trace_headers @ 0x8f701c190] 21          trailing_zero_bit                                           0 = 0
[trace_headers @ 0x8f701c190] 22          trailing_zero_bit                                           0 = 0
[trace_headers @ 0x8f701c190] 23          trailing_zero_bit                                           0 = 0
[trace_headers @ 0x8f701c190] Packet: 5 bytes, pts 32, dts 32, duration 1.
[trace_headers @ 0x8f701c190] OBU header
[trace_headers @ 0x8f701c190] 0           obu_forbidden_bit                                           0 = 0
[trace_headers @ 0x8f701c190] 1           obu_type                                                 0010 = 2
[trace_headers @ 0x8f701c190] 5           obu_extension_flag                                          0 = 0
[trace_headers @ 0x8f701c190] 6           obu_has_size_field                                          1 = 1
[trace_headers @ 0x8f701c190] 7           obu_reserved_1bit                                           0 = 0
[trace_headers @ 0x8f701c190] 8           obu_size                                             00000000 = 0
[trace_headers @ 0x8f701c190] Temporal Delimiter
[trace_headers @ 0x8f701c190] OBU header
[trace_headers @ 0x8f701c190] 0           obu_forbidden_bit                                           0 = 0
[trace_headers @ 0x8f701c190] 1           obu_type                                                 0011 = 3
[trace_headers @ 0x8f701c190] 5           obu_extension_flag                                          0 = 0
[trace_headers @ 0x8f701c190] 6           obu_has_size_field                                          1 = 1
[trace_headers @ 0x8f701c190] 7           obu_reserved_1bit                                           0 = 0
[trace_headers @ 0x8f701c190] 8           obu_size                                             00000001 = 1
[trace_headers @ 0x8f701c190] Frame Header
[trace_headers @ 0x8f701c190] 16          show_existing_frame                                         1 = 1
[trace_headers @ 0x8f701c190] 17          frame_to_show_map_idx                                     101 = 5
[trace_headers @ 0x8f701c190] 20          trailing_one_bit                                            1 = 1
[trace_headers @ 0x8f701c190] 21          trailing_zero_bit                                           0 = 0
[trace_headers @ 0x8f701c190] 22          trailing_zero_bit                                           0 = 0
[trace_headers @ 0x8f701c190] 23          trailing_zero_bit                                           0 = 0
[trace_headers @ 0x8f701c190] Packet: 5 bytes, pts 33, dts 33, duration 1.
[trace_headers @ 0x8f701c190] OBU header
[trace_headers @ 0x8f701c190] 0           obu_forbidden_bit                                           0 = 0
[trace_headers @ 0x8f701c190] 1           obu_type                                                 0010 = 2
[trace_headers @ 0x8f701c190] 5           obu_extension_flag                                          0 = 0
[trace_headers @ 0x8f701c190] 6           obu_has_size_field                                          1 = 1
[trace_headers @ 0x8f701c190] 7           obu_reserved_1bit                                           0 = 0
[trace_headers @ 0x8f701c190] 8           obu_size                                             00000000 = 0
[trace_headers @ 0x8f701c190] Temporal Delimiter
[trace_headers @ 0x8f701c190] OBU header
[trace_headers @ 0x8f701c190] 0           obu_forbidden_bit                                           0 = 0
[trace_headers @ 0x8f701c190] 1           obu_type                                                 0011 = 3
[trace_headers @ 0x8f701c190] 5           obu_extension_flag                                          0 = 0
[trace_headers @ 0x8f701c190] 6           obu_has_size_field                                          1 = 1
[trace_headers @ 0x8f701c190] 7           obu_reserved_1bit                                           0 = 0
[trace_headers @ 0x8f701c190] 8           obu_size                                             00000001 = 1
[trace_headers @ 0x8f701c190] Frame Header
[trace_headers @ 0x8f701c190] 16          show_existing_frame                                         1 = 1
[trace_headers @ 0x8f701c190] 17          frame_to_show_map_idx                                     010 = 2
[trace_headers @ 0x8f701c190] 20          trailing_one_bit                                            1 = 1
[trace_headers @ 0x8f701c190] 21          trailing_zero_bit                                           0 = 0
[trace_headers @ 0x8f701c190] 22          trailing_zero_bit                                           0 = 0
[trace_headers @ 0x8f701c190] 23          trailing_zero_bit                                           0 = 0
[trace_headers @ 0x8f701c190] Packet: 5 bytes, pts 34, dts 34, duration 1.
[trace_headers @ 0x8f701c190] OBU header
[trace_headers @ 0x8f701c190] 0           obu_forbidden_bit                                           0 = 0
[trace_headers @ 0x8f701c190] 1           obu_type                                                 0010 = 2
[trace_headers @ 0x8f701c190] 5           obu_extension_flag                                          0 = 0
[trace_headers @ 0x8f701c190] 6           obu_has_size_field                                          1 = 1
[trace_headers @ 0x8f701c190] 7           obu_reserved_1bit                                           0 = 0
[trace_headers @ 0x8f701c190] 8           obu_size                                             00000000 = 0
[trace_headers @ 0x8f701c190] Temporal Delimiter
[trace_headers @ 0x8f701c190] OBU header
[trace_headers @ 0x8f701c190] 0           obu_forbidden_bit                                           0 = 0
[trace_headers @ 0x8f701c190] 1           obu_type                                                 0011 = 3
[trace_headers @ 0x8f701c190] 5           obu_extension_flag                                          0 = 0
[trace_headers @ 0x8f701c190] 6           obu_has_size_field                                          1 = 1
[trace_headers @ 0x8f701c190] 7           obu_reserved_1bit                                           0 = 0
[trace_headers @ 0x8f701c190] 8           obu_size                                             00000001 = 1
[trace_headers @ 0x8f701c190] Frame Header
[trace_headers @ 0x8f701c190] 16          show_existing_frame                                         1 = 1
[trace_headers @ 0x8f701c190] 17          frame_to_show_map_idx                                     110 = 6
[trace_headers @ 0x8f701c190] 20          trailing_one_bit                                            1 = 1
[trace_headers @ 0x8f701c190] 21          trailing_zero_bit                                           0 = 0
[trace_headers @ 0x8f701c190] 22          trailing_zero_bit                                           0 = 0
[trace_headers @ 0x8f701c190] 23          trailing_zero_bit                                           0 = 0
[trace_headers @ 0x8f701c190] Packet: 5 bytes, pts 35, dts 35, duration 1.
[trace_headers @ 0x8f701c190] OBU header
[trace_headers @ 0x8f701c190] 0           obu_forbidden_bit                                           0 = 0
[trace_headers @ 0x8f701c190] 1           obu_type                                                 0010 = 2
[trace_headers @ 0x8f701c190] 5           obu_extension_flag                                          0 = 0
[trace_headers @ 0x8f701c190] 6           obu_has_size_field                                          1 = 1
[trace_headers @ 0x8f701c190] 7           obu_reserved_1bit                                           0 = 0
[trace_headers @ 0x8f701c190] 8           obu_size                                             00000000 = 0
[trace_headers @ 0x8f701c190] Temporal Delimiter
[trace_headers @ 0x8f701c190] OBU header
[trace_headers @ 0x8f701c190] 0           obu_forbidden_bit                                           0 = 0
[trace_headers @ 0x8f701c190] 1           obu_type                                                 0011 = 3
[trace_headers @ 0x8f701c190] 5           obu_extension_flag                                          0 = 0
[trace_headers @ 0x8f701c190] 6           obu_has_size_field                                          1 = 1
[trace_headers @ 0x8f701c190] 7           obu_reserved_1bit                                           0 = 0
[trace_headers @ 0x8f701c190] 8           obu_size                                             00000001 = 1
[trace_headers @ 0x8f701c190] Frame Header
[trace_headers @ 0x8f701c190] 16          show_existing_frame                                         1 = 1
[trace_headers @ 0x8f701c190] 17          frame_to_show_map_idx                                     001 = 1
[trace_headers @ 0x8f701c190] 20          trailing_one_bit                                            1 = 1
[trace_headers @ 0x8f701c190] 21          trailing_zero_bit                                           0 = 0
[trace_headers @ 0x8f701c190] 22          trailing_zero_bit                                           0 = 0
[trace_headers @ 0x8f701c190] 23          trailing_zero_bit                                           0 = 0
[trace_headers @ 0x8f701c190] Packet: 5 bytes, pts 36, dts 36, duration 1.
[trace_headers @ 0x8f701c190] OBU header
[trace_headers @ 0x8f701c190] 0           obu_forbidden_bit                                           0 = 0
[trace_headers @ 0x8f701c190] 1           obu_type                                                 0010 = 2
[trace_headers @ 0x8f701c190] 5           obu_extension_flag                                          0 = 0
[trace_headers @ 0x8f701c190] 6           obu_has_size_field                                          1 = 1
[trace_headers @ 0x8f701c190] 7           obu_reserved_1bit                                           0 = 0
[trace_headers @ 0x8f701c190] 8           obu_size                                             00000000 = 0
[trace_headers @ 0x8f701c190] Temporal Delimiter
[trace_headers @ 0x8f701c190] OBU header
[trace_headers @ 0x8f701c190] 0           obu_forbidden_bit                                           0 = 0
[trace_headers @ 0x8f701c190] 1           obu_type                                                 0011 = 3
[trace_headers @ 0x8f701c190] 5           obu_extension_flag                                          0 = 0
[trace_headers @ 0x8f701c190] 6           obu_has_size_field                                          1 = 1
[trace_headers @ 0x8f701c190] 7           obu_reserved_1bit                                           0 = 0
[trace_headers @ 0x8f701c190] 8           obu_size                                             00000001 = 1
[trace_headers @ 0x8f701c190] Frame Header
[trace_headers @ 0x8f701c190] 16          show_existing_frame                                         1 = 1
[trace_headers @ 0x8f701c190] 17          frame_to_show_map_idx                                     101 = 5
[trace_headers @ 0x8f701c190] 20          trailing_one_bit                                            1 = 1
[trace_headers @ 0x8f701c190] 21          trailing_zero_bit                                           0 = 0
[trace_headers @ 0x8f701c190] 22          trailing_zero_bit                                           0 = 0
[trace_headers @ 0x8f701c190] 23          trailing_zero_bit                                           0 = 0
[trace_headers @ 0x8f701c190] Packet: 5 bytes, pts 37, dts 37, duration 1.
[trace_headers @ 0x8f701c190] OBU header
[trace_headers @ 0x8f701c190] 0           obu_forbidden_bit                                           0 = 0
[trace_headers @ 0x8f701c190] 1           obu_type                                                 0010 = 2
[trace_headers @ 0x8f701c190] 5           obu_extension_flag                                          0 = 0
[trace_headers @ 0x8f701c190] 6           obu_has_size_field                                          1 = 1
[trace_headers @ 0x8f701c190] 7           obu_reserved_1bit                                           0 = 0
[trace_headers @ 0x8f701c190] 8           obu_size                                             00000000 = 0
[trace_headers @ 0x8f701c190] Temporal Delimiter
[trace_headers @ 0x8f701c190] OBU header
[trace_headers @ 0x8f701c190] 0           obu_forbidden_bit                                           0 = 0
[trace_headers @ 0x8f701c190] 1           obu_type                                                 0011 = 3
[trace_headers @ 0x8f701c190] 5           obu_extension_flag                                          0 = 0
[trace_headers @ 0x8f701c190] 6           obu_has_size_field                                          1 = 1
[trace_headers @ 0x8f701c190] 7           obu_reserved_1bit                                           0 = 0
[trace_headers @ 0x8f701c190] 8           obu_size                                             00000001 = 1
[trace_headers @ 0x8f701c190] Frame Header
[trace_headers @ 0x8f701c190] 16          show_existing_frame                                         1 = 1
[trace_headers @ 0x8f701c190] 17          frame_to_show_map_idx                                     010 = 2
[trace_headers @ 0x8f701c190] 20          trailing_one_bit                                            1 = 1
[trace_headers @ 0x8f701c190] 21          trailing_zero_bit                                           0 = 0
[trace_headers @ 0x8f701c190] 22          trailing_zero_bit                                           0 = 0
[trace_headers @ 0x8f701c190] 23          trailing_zero_bit                                           0 = 0
[trace_headers @ 0x8f701c190] Packet: 5 bytes, pts 38, dts 38, duration 1.
[trace_headers @ 0x8f701c190] OBU header
[trace_headers @ 0x8f701c190] 0           obu_forbidden_bit                                           0 = 0
[trace_headers @ 0x8f701c190] 1           obu_type                                                 0010 = 2
[trace_headers @ 0x8f701c190] 5           obu_extension_flag                                          0 = 0
[trace_headers @ 0x8f701c190] 6           obu_has_size_field                                          1 = 1
[trace_headers @ 0x8f701c190] 7           obu_reserved_1bit                                           0 = 0
[trace_headers @ 0x8f701c190] 8           obu_size                                             00000000 = 0
[trace_headers @ 0x8f701c190] Temporal Delimiter
[trace_headers @ 0x8f701c190] OBU header
[trace_headers @ 0x8f701c190] 0           obu_forbidden_bit                                           0 = 0
[trace_headers @ 0x8f701c190] 1           obu_type                                                 0011 = 3
[trace_headers @ 0x8f701c190] 5           obu_extension_flag                                          0 = 0
[trace_headers @ 0x8f701c190] 6           obu_has_size_field                                          1 = 1
[trace_headers @ 0x8f701c190] 7           obu_reserved_1bit                                           0 = 0
[trace_headers @ 0x8f701c190] 8           obu_size                                             00000001 = 1
[trace_headers @ 0x8f701c190] Frame Header
[trace_headers @ 0x8f701c190] 16          show_existing_frame                                         1 = 1
[trace_headers @ 0x8f701c190] 17          frame_to_show_map_idx                                     110 = 6
[trace_headers @ 0x8f701c190] 20          trailing_one_bit                                            1 = 1
[trace_headers @ 0x8f701c190] 21          trailing_zero_bit                                           0 = 0
[trace_headers @ 0x8f701c190] 22          trailing_zero_bit                                           0 = 0
[trace_headers @ 0x8f701c190] 23          trailing_zero_bit                                           0 = 0
[trace_headers @ 0x8f701c190] Packet: 5 bytes, pts 39, dts 39, duration 1.
[trace_headers @ 0x8f701c190] OBU header
[trace_headers @ 0x8f701c190] 0           obu_forbidden_bit                                           0 = 0
[trace_headers @ 0x8f701c190] 1           obu_type                                                 0010 = 2
[trace_headers @ 0x8f701c190] 5           obu_extension_flag                                          0 = 0
[trace_headers @ 0x8f701c190] 6           obu_has_size_field                                          1 = 1
[trace_headers @ 0x8f701c190] 7           obu_reserved_1bit                                           0 = 0
[trace_headers @ 0x8f701c190] 8           obu_size                                             00000000 = 0
[trace_headers @ 0x8f701c190] Temporal Delimiter
[trace_headers @ 0x8f701c190] OBU header
[trace_headers @ 0x8f701c190] 0           obu_forbidden_bit                                           0 = 0
[trace_headers @ 0x8f701c190] 1           obu_type                                                 0011 = 3
[trace_headers @ 0x8f701c190] 5           obu_extension_flag                                          0 = 0
[trace_headers @ 0x8f701c190] 6           obu_has_size_field                                          1 = 1
[trace_headers @ 0x8f701c190] 7           obu_reserved_1bit                                           0 = 0
[trace_headers @ 0x8f701c190] 8           obu_size                                             00000001 = 1
[trace_headers @ 0x8f701c190] Frame Header
[trace_headers @ 0x8f701c190] 16          show_existing_frame                                         1 = 1
[trace_headers @ 0x8f701c190] 17          frame_to_show_map_idx                                     001 = 1
[trace_headers @ 0x8f701c190] 20          trailing_one_bit                                            1 = 1
[trace_headers @ 0x8f701c190] 21          trailing_zero_bit                                           0 = 0
[trace_headers @ 0x8f701c190] 22          trailing_zero_bit                                           0 = 0
[trace_headers @ 0x8f701c190] 23          trailing_zero_bit                                           0 = 0
[trace_headers @ 0x8f701c190] Packet: 5 bytes, pts 40, dts 40, duration 1.
[trace_headers @ 0x8f701c190] OBU header
[trace_headers @ 0x8f701c190] 0           obu_forbidden_bit                                           0 = 0
[trace_headers @ 0x8f701c190] 1           obu_type                                                 0010 = 2
[trace_headers @ 0x8f701c190] 5           obu_extension_flag                                          0 = 0
[trace_headers @ 0x8f701c190] 6           obu_has_size_field                                          1 = 1
[trace_headers @ 0x8f701c190] 7           obu_reserved_1bit                                           0 = 0
[trace_headers @ 0x8f701c190] 8           obu_size                                             00000000 = 0
[trace_headers @ 0x8f701c190] Temporal Delimiter
[trace_headers @ 0x8f701c190] OBU header
[trace_headers @ 0x8f701c190] 0           obu_forbidden_bit                                           0 = 0
[trace_headers @ 0x8f701c190] 1           obu_type                                                 0011 = 3
[trace_headers @ 0x8f701c190] 5           obu_extension_flag                                          0 = 0
[trace_headers @ 0x8f701c190] 6           obu_has_size_field                                          1 = 1
[trace_headers @ 0x8f701c190] 7           obu_reserved_1bit                                           0 = 0
[trace_headers @ 0x8f701c190] 8           obu_size                                             00000001 = 1
[trace_headers @ 0x8f701c190] Frame Header
[trace_headers @ 0x8f701c190] 16          show_existing_frame                                         1 = 1
[trace_headers @ 0x8f701c190] 17          frame_to_show_map_idx                                     101 = 5
[trace_headers @ 0x8f701c190] 20          trailing_one_bit                                            1 = 1
[trace_headers @ 0x8f701c190] 21          trailing_zero_bit                                           0 = 0
[trace_headers @ 0x8f701c190] 22          trailing_zero_bit                                           0 = 0
[trace_headers @ 0x8f701c190] 23          trailing_zero_bit                                           0 = 0
[trace_headers @ 0x8f701c190] Packet: 5 bytes, pts 41, dts 41, duration 1.
[trace_headers @ 0x8f701c190] OBU header
[trace_headers @ 0x8f701c190] 0           obu_forbidden_bit                                           0 = 0
[trace_headers @ 0x8f701c190] 1           obu_type                                                 0010 = 2
[trace_headers @ 0x8f701c190] 5           obu_extension_flag                                          0 = 0
[trace_headers @ 0x8f701c190] 6           obu_has_size_field                                          1 = 1
[trace_headers @ 0x8f701c190] 7           obu_reserved_1bit                                           0 = 0
[trace_headers @ 0x8f701c190] 8           obu_size                                             00000000 = 0
[trace_headers @ 0x8f701c190] Temporal Delimiter
[trace_headers @ 0x8f701c190] OBU header
[trace_headers @ 0x8f701c190] 0           obu_forbidden_bit                                           0 = 0
[trace_headers @ 0x8f701c190] 1           obu_type                                                 0011 = 3
[trace_headers @ 0x8f701c190] 5           obu_extension_flag                                          0 = 0
[trace_headers @ 0x8f701c190] 6           obu_has_size_field                                          1 = 1
[trace_headers @ 0x8f701c190] 7           obu_reserved_1bit                                           0 = 0
[trace_headers @ 0x8f701c190] 8           obu_size                                             00000001 = 1
[trace_headers @ 0x8f701c190] Frame Header
[trace_headers @ 0x8f701c190] 16          show_existing_frame                                         1 = 1
[trace_headers @ 0x8f701c190] 17          frame_to_show_map_idx                                     010 = 2
[trace_headers @ 0x8f701c190] 20          trailing_one_bit                                            1 = 1
[trace_headers @ 0x8f701c190] 21          trailing_zero_bit                                           0 = 0
[trace_headers @ 0x8f701c190] 22          trailing_zero_bit                                           0 = 0
[trace_headers @ 0x8f701c190] 23          trailing_zero_bit                                           0 = 0
[trace_headers @ 0x8f701c190] Packet: 5 bytes, pts 42, dts 42, duration 1.
[trace_headers @ 0x8f701c190] OBU header
[trace_headers @ 0x8f701c190] 0           obu_forbidden_bit                                           0 = 0
[trace_headers @ 0x8f701c190] 1           obu_type                                                 0010 = 2
[trace_headers @ 0x8f701c190] 5           obu_extension_flag                                          0 = 0
[trace_headers @ 0x8f701c190] 6           obu_has_size_field                                          1 = 1
[trace_headers @ 0x8f701c190] 7           obu_reserved_1bit                                           0 = 0
[trace_headers @ 0x8f701c190] 8           obu_size                                             00000000 = 0
[trace_headers @ 0x8f701c190] Temporal Delimiter
[trace_headers @ 0x8f701c190] OBU header
[trace_headers @ 0x8f701c190] 0           obu_forbidden_bit                                           0 = 0
[trace_headers @ 0x8f701c190] 1           obu_type                                                 0011 = 3
[trace_headers @ 0x8f701c190] 5           obu_extension_flag                                          0 = 0
[trace_headers @ 0x8f701c190] 6           obu_has_size_field                                          1 = 1
[trace_headers @ 0x8f701c190] 7           obu_reserved_1bit                                           0 = 0
[trace_headers @ 0x8f701c190] 8           obu_size                                             00000001 = 1
[trace_headers @ 0x8f701c190] Frame Header
[trace_headers @ 0x8f701c190] 16          show_existing_frame                                         1 = 1
[trace_headers @ 0x8f701c190] 17          frame_to_show_map_idx                                     110 = 6
[trace_headers @ 0x8f701c190] 20          trailing_one_bit                                            1 = 1
[trace_headers @ 0x8f701c190] 21          trailing_zero_bit                                           0 = 0
[trace_headers @ 0x8f701c190] 22          trailing_zero_bit                                           0 = 0
[trace_headers @ 0x8f701c190] 23          trailing_zero_bit                                           0 = 0
[trace_headers @ 0x8f701c190] Packet: 5 bytes, pts 43, dts 43, duration 1.
[trace_headers @ 0x8f701c190] OBU header
[trace_headers @ 0x8f701c190] 0           obu_forbidden_bit                                           0 = 0
[trace_headers @ 0x8f701c190] 1           obu_type                                                 0010 = 2
[trace_headers @ 0x8f701c190] 5           obu_extension_flag                                          0 = 0
[trace_headers @ 0x8f701c190] 6           obu_has_size_field                                          1 = 1
[trace_headers @ 0x8f701c190] 7           obu_reserved_1bit                                           0 = 0
[trace_headers @ 0x8f701c190] 8           obu_size                                             00000000 = 0
[trace_headers @ 0x8f701c190] Temporal Delimiter
[trace_headers @ 0x8f701c190] OBU header
[trace_headers @ 0x8f701c190] 0           obu_forbidden_bit                                           0 = 0
[trace_headers @ 0x8f701c190] 1           obu_type                                                 0011 = 3
[trace_headers @ 0x8f701c190] 5           obu_extension_flag                                          0 = 0
[trace_headers @ 0x8f701c190] 6           obu_has_size_field                                          1 = 1
[trace_headers @ 0x8f701c190] 7           obu_reserved_1bit                                           0 = 0
[trace_headers @ 0x8f701c190] 8           obu_size                                             00000001 = 1
[trace_headers @ 0x8f701c190] Frame Header
[trace_headers @ 0x8f701c190] 16          show_existing_frame                                         1 = 1
[trace_headers @ 0x8f701c190] 17          frame_to_show_map_idx                                     001 = 1
[trace_headers @ 0x8f701c190] 20          trailing_one_bit                                            1 = 1
[trace_headers @ 0x8f701c190] 21          trailing_zero_bit                                           0 = 0
[trace_headers @ 0x8f701c190] 22          trailing_zero_bit                                           0 = 0
[trace_headers @ 0x8f701c190] 23          trailing_zero_bit                                           0 = 0
[trace_headers @ 0x8f701c190] Packet: 5 bytes, pts 44, dts 44, duration 1.
[trace_headers @ 0x8f701c190] OBU header
[trace_headers @ 0x8f701c190] 0           obu_forbidden_bit                                           0 = 0
[trace_headers @ 0x8f701c190] 1           obu_type                                                 0010 = 2
[trace_headers @ 0x8f701c190] 5           obu_extension_flag                                          0 = 0
[trace_headers @ 0x8f701c190] 6           obu_has_size_field                                          1 = 1
[trace_headers @ 0x8f701c190] 7           obu_reserved_1bit                                           0 = 0
[trace_headers @ 0x8f701c190] 8           obu_size                                             00000000 = 0
[trace_headers @ 0x8f701c190] Temporal Delimiter
[trace_headers @ 0x8f701c190] OBU header
[trace_headers @ 0x8f701c190] 0           obu_forbidden_bit                                           0 = 0
[trace_headers @ 0x8f701c190] 1           obu_type                                                 0011 = 3
[trace_headers @ 0x8f701c190] 5           obu_extension_flag                                          0 = 0
[trace_headers @ 0x8f701c190] 6           obu_has_size_field                                          1 = 1
[trace_headers @ 0x8f701c190] 7           obu_reserved_1bit                                           0 = 0
[trace_headers @ 0x8f701c190] 8           obu_size                                             00000001 = 1
[trace_headers @ 0x8f701c190] Frame Header
[trace_headers @ 0x8f701c190] 16          show_existing_frame                                         1 = 1
[trace_headers @ 0x8f701c190] 17          frame_to_show_map_idx                                     101 = 5
[trace_headers @ 0x8f701c190] 20          trailing_one_bit                                            1 = 1
[trace_headers @ 0x8f701c190] 21          trailing_zero_bit                                           0 = 0
[trace_headers @ 0x8f701c190] 22          trailing_zero_bit                                           0 = 0
[trace_headers @ 0x8f701c190] 23          trailing_zero_bit                                           0 = 0
[trace_headers @ 0x8f701c190] Packet: 5 bytes, pts 45, dts 45, duration 1.
[trace_headers @ 0x8f701c190] OBU header
[trace_headers @ 0x8f701c190] 0           obu_forbidden_bit                                           0 = 0
[trace_headers @ 0x8f701c190] 1           obu_type                                                 0010 = 2
[trace_headers @ 0x8f701c190] 5           obu_extension_flag                                          0 = 0
[trace_headers @ 0x8f701c190] 6           obu_has_size_field                                          1 = 1
[trace_headers @ 0x8f701c190] 7           obu_reserved_1bit                                           0 = 0
[trace_headers @ 0x8f701c190] 8           obu_size                                             00000000 = 0
[trace_headers @ 0x8f701c190] Temporal Delimiter
[trace_headers @ 0x8f701c190] OBU header
[trace_headers @ 0x8f701c190] 0           obu_forbidden_bit                                           0 = 0
[trace_headers @ 0x8f701c190] 1           obu_type                                                 0011 = 3
[trace_headers @ 0x8f701c190] 5           obu_extension_flag                                          0 = 0
[trace_headers @ 0x8f701c190] 6           obu_has_size_field                                          1 = 1
[trace_headers @ 0x8f701c190] 7           obu_reserved_1bit                                           0 = 0
[trace_headers @ 0x8f701c190] 8           obu_size                                             00000001 = 1
[trace_headers @ 0x8f701c190] Frame Header
[trace_headers @ 0x8f701c190] 16          show_existing_frame                                         1 = 1
[trace_headers @ 0x8f701c190] 17          frame_to_show_map_idx                                     010 = 2
[trace_headers @ 0x8f701c190] 20          trailing_one_bit                                            1 = 1
[trace_headers @ 0x8f701c190] 21          trailing_zero_bit                                           0 = 0
[trace_headers @ 0x8f701c190] 22          trailing_zero_bit                                           0 = 0
[trace_headers @ 0x8f701c190] 23          trailing_zero_bit                                           0 = 0
[trace_headers @ 0x8f701c190] Packet: 5 bytes, pts 46, dts 46, duration 1.
[trace_headers @ 0x8f701c190] OBU header
[trace_headers @ 0x8f701c190] 0           obu_forbidden_bit                                           0 = 0
[trace_headers @ 0x8f701c190] 1           obu_type                                                 0010 = 2
[trace_headers @ 0x8f701c190] 5           obu_extension_flag                                          0 = 0
[trace_headers @ 0x8f701c190] 6           obu_has_size_field                                          1 = 1
[trace_headers @ 0x8f701c190] 7           obu_reserved_1bit                                           0 = 0
[trace_headers @ 0x8f701c190] 8           obu_size                                             00000000 = 0
[trace_headers @ 0x8f701c190] Temporal Delimiter
[trace_headers @ 0x8f701c190] OBU header
[trace_headers @ 0x8f701c190] 0           obu_forbidden_bit                                           0 = 0
[trace_headers @ 0x8f701c190] 1           obu_type                                                 0011 = 3
[trace_headers @ 0x8f701c190] 5           obu_extension_flag                                          0 = 0
[trace_headers @ 0x8f701c190] 6           obu_has_size_field                                          1 = 1
[trace_headers @ 0x8f701c190] 7           obu_reserved_1bit                                           0 = 0
[trace_headers @ 0x8f701c190] 8           obu_size                                             00000001 = 1
[trace_headers @ 0x8f701c190] Frame Header
[trace_headers @ 0x8f701c190] 16          show_existing_frame                                         1 = 1
[trace_headers @ 0x8f701c190] 17          frame_to_show_map_idx                                     110 = 6
[trace_headers @ 0x8f701c190] 20          trailing_one_bit                                            1 = 1
[trace_headers @ 0x8f701c190] 21          trailing_zero_bit                                           0 = 0
[trace_headers @ 0x8f701c190] 22          trailing_zero_bit                                           0 = 0
[trace_headers @ 0x8f701c190] 23          trailing_zero_bit                                           0 = 0
[trace_headers @ 0x8f701c190] Packet: 5 bytes, pts 47, dts 47, duration 1.
[trace_headers @ 0x8f701c190] OBU header
[trace_headers @ 0x8f701c190] 0           obu_forbidden_bit                                           0 = 0
[trace_headers @ 0x8f701c190] 1           obu_type                                                 0010 = 2
[trace_headers @ 0x8f701c190] 5           obu_extension_flag                                          0 = 0
[trace_headers @ 0x8f701c190] 6           obu_has_size_field                                          1 = 1
[trace_headers @ 0x8f701c190] 7           obu_reserved_1bit                                           0 = 0
[trace_headers @ 0x8f701c190] 8           obu_size                                             00000000 = 0
[trace_headers @ 0x8f701c190] Temporal Delimiter
[trace_headers @ 0x8f701c190] OBU header
[trace_headers @ 0x8f701c190] 0           obu_forbidden_bit                                           0 = 0
[trace_headers @ 0x8f701c190] 1           obu_type                                                 0011 = 3
[trace_headers @ 0x8f701c190] 5           obu_extension_flag                                          0 = 0
[trace_headers @ 0x8f701c190] 6           obu_has_size_field                                          1 = 1
[trace_headers @ 0x8f701c190] 7           obu_reserved_1bit                                           0 = 0
[trace_headers @ 0x8f701c190] 8           obu_size                                             00000001 = 1
[trace_headers @ 0x8f701c190] Frame Header
[trace_headers @ 0x8f701c190] 16          show_existing_frame                                         1 = 1
[trace_headers @ 0x8f701c190] 17          frame_to_show_map_idx                                     001 = 1
[trace_headers @ 0x8f701c190] 20          trailing_one_bit                                            1 = 1
[trace_headers @ 0x8f701c190] 21          trailing_zero_bit                                           0 = 0
[trace_headers @ 0x8f701c190] 22          trailing_zero_bit                                           0 = 0
[trace_headers @ 0x8f701c190] 23          trailing_zero_bit                                           0 = 0
[in#0/ivf @ 0x8f6c0c000] EOF while reading input
[in#0/ivf @ 0x8f6c0c000] Terminating thread with return code 0 (success)
[trace_headers @ 0x8f701c190] Packet: 5 bytes, pts 48, dts 48, duration 1.
[trace_headers @ 0x8f701c190] OBU header
[trace_headers @ 0x8f701c190] 0           obu_forbidden_bit                                           0 = 0
[trace_headers @ 0x8f701c190] 1           obu_type                                                 0010 = 2
[trace_headers @ 0x8f701c190] 5           obu_extension_flag                                          0 = 0
[trace_headers @ 0x8f701c190] 6           obu_has_size_field                                          1 = 1
[trace_headers @ 0x8f701c190] 7           obu_reserved_1bit                                           0 = 0
[trace_headers @ 0x8f701c190] 8           obu_size                                             00000000 = 0
[trace_headers @ 0x8f701c190] Temporal Delimiter
[trace_headers @ 0x8f701c190] OBU header
[trace_headers @ 0x8f701c190] 0           obu_forbidden_bit                                           0 = 0
[trace_headers @ 0x8f701c190] 1           obu_type                                                 0011 = 3
[trace_headers @ 0x8f701c190] 5           obu_extension_flag                                          0 = 0
[trace_headers @ 0x8f701c190] 6           obu_has_size_field                                          1 = 1
[trace_headers @ 0x8f701c190] 7           obu_reserved_1bit                                           0 = 0
[trace_headers @ 0x8f701c190] 8           obu_size                                             00000001 = 1
[trace_headers @ 0x8f701c190] Frame Header
[trace_headers @ 0x8f701c190] 16          show_existing_frame                                         1 = 1
[trace_headers @ 0x8f701c190] 17          frame_to_show_map_idx                                     101 = 5
[trace_headers @ 0x8f701c190] 20          trailing_one_bit                                            1 = 1
[trace_headers @ 0x8f701c190] 21          trailing_zero_bit                                           0 = 0
[trace_headers @ 0x8f701c190] 22          trailing_zero_bit                                           0 = 0
[trace_headers @ 0x8f701c190] 23          trailing_zero_bit                                           0 = 0
[trace_headers @ 0x8f701c190] Packet: 5 bytes, pts 49, dts 49, duration 1.
[trace_headers @ 0x8f701c190] OBU header
[trace_headers @ 0x8f701c190] 0           obu_forbidden_bit                                           0 = 0
[trace_headers @ 0x8f701c190] 1           obu_type                                                 0010 = 2
[trace_headers @ 0x8f701c190] 5           obu_extension_flag                                          0 = 0
[trace_headers @ 0x8f701c190] 6           obu_has_size_field                                          1 = 1
[trace_headers @ 0x8f701c190] 7           obu_reserved_1bit                                           0 = 0
[trace_headers @ 0x8f701c190] 8           obu_size                                             00000000 = 0
[trace_headers @ 0x8f701c190] Temporal Delimiter
[trace_headers @ 0x8f701c190] OBU header
[trace_headers @ 0x8f701c190] 0           obu_forbidden_bit                                           0 = 0
[trace_headers @ 0x8f701c190] 1           obu_type                                                 0011 = 3
[trace_headers @ 0x8f701c190] 5           obu_extension_flag                                          0 = 0
[trace_headers @ 0x8f701c190] 6           obu_has_size_field                                          1 = 1
[trace_headers @ 0x8f701c190] 7           obu_reserved_1bit                                           0 = 0
[trace_headers @ 0x8f701c190] 8           obu_size                                             00000001 = 1
[trace_headers @ 0x8f701c190] Frame Header
[trace_headers @ 0x8f701c190] 16          show_existing_frame                                         1 = 1
[trace_headers @ 0x8f701c190] 17          frame_to_show_map_idx                                     010 = 2
[trace_headers @ 0x8f701c190] 20          trailing_one_bit                                            1 = 1
[trace_headers @ 0x8f701c190] 21          trailing_zero_bit                                           0 = 0
[trace_headers @ 0x8f701c190] 22          trailing_zero_bit                                           0 = 0
[trace_headers @ 0x8f701c190] 23          trailing_zero_bit                                           0 = 0
[trace_headers @ 0x8f701c190] Packet: 5 bytes, pts 50, dts 50, duration 1.
[trace_headers @ 0x8f701c190] OBU header
[trace_headers @ 0x8f701c190] 0           obu_forbidden_bit                                           0 = 0
[trace_headers @ 0x8f701c190] 1           obu_type                                                 0010 = 2
[trace_headers @ 0x8f701c190] 5           obu_extension_flag                                          0 = 0
[trace_headers @ 0x8f701c190] 6           obu_has_size_field                                          1 = 1
[trace_headers @ 0x8f701c190] 7           obu_reserved_1bit                                           0 = 0
[trace_headers @ 0x8f701c190] 8           obu_size                                             00000000 = 0
[trace_headers @ 0x8f701c190] Temporal Delimiter
[trace_headers @ 0x8f701c190] OBU header
[trace_headers @ 0x8f701c190] 0           obu_forbidden_bit                                           0 = 0
[trace_headers @ 0x8f701c190] 1           obu_type                                                 0011 = 3
[trace_headers @ 0x8f701c190] 5           obu_extension_flag                                          0 = 0
[trace_headers @ 0x8f701c190] 6           obu_has_size_field                                          1 = 1
[trace_headers @ 0x8f701c190] 7           obu_reserved_1bit                                           0 = 0
[trace_headers @ 0x8f701c190] 8           obu_size                                             00000001 = 1
[trace_headers @ 0x8f701c190] Frame Header
[trace_headers @ 0x8f701c190] 16          show_existing_frame                                         1 = 1
[trace_headers @ 0x8f701c190] 17          frame_to_show_map_idx                                     110 = 6
[trace_headers @ 0x8f701c190] 20          trailing_one_bit                                            1 = 1
[trace_headers @ 0x8f701c190] 21          trailing_zero_bit                                           0 = 0
[trace_headers @ 0x8f701c190] 22          trailing_zero_bit                                           0 = 0
[trace_headers @ 0x8f701c190] 23          trailing_zero_bit                                           0 = 0
[trace_headers @ 0x8f701c190] Packet: 5 bytes, pts 51, dts 51, duration 1.
[trace_headers @ 0x8f701c190] OBU header
[trace_headers @ 0x8f701c190] 0           obu_forbidden_bit                                           0 = 0
[trace_headers @ 0x8f701c190] 1           obu_type                                                 0010 = 2
[trace_headers @ 0x8f701c190] 5           obu_extension_flag                                          0 = 0
[trace_headers @ 0x8f701c190] 6           obu_has_size_field                                          1 = 1
[trace_headers @ 0x8f701c190] 7           obu_reserved_1bit                                           0 = 0
[trace_headers @ 0x8f701c190] 8           obu_size                                             00000000 = 0
[trace_headers @ 0x8f701c190] Temporal Delimiter
[trace_headers @ 0x8f701c190] OBU header
[trace_headers @ 0x8f701c190] 0           obu_forbidden_bit                                           0 = 0
[trace_headers @ 0x8f701c190] 1           obu_type                                                 0011 = 3
[trace_headers @ 0x8f701c190] 5           obu_extension_flag                                          0 = 0
[trace_headers @ 0x8f701c190] 6           obu_has_size_field                                          1 = 1
[trace_headers @ 0x8f701c190] 7           obu_reserved_1bit                                           0 = 0
[trace_headers @ 0x8f701c190] 8           obu_size                                             00000001 = 1
[trace_headers @ 0x8f701c190] Frame Header
[trace_headers @ 0x8f701c190] 16          show_existing_frame                                         1 = 1
[trace_headers @ 0x8f701c190] 17          frame_to_show_map_idx                                     001 = 1
[trace_headers @ 0x8f701c190] 20          trailing_one_bit                                            1 = 1
[trace_headers @ 0x8f701c190] 21          trailing_zero_bit                                           0 = 0
[trace_headers @ 0x8f701c190] 22          trailing_zero_bit                                           0 = 0
[trace_headers @ 0x8f701c190] 23          trailing_zero_bit                                           0 = 0
[trace_headers @ 0x8f701c190] Packet: 5 bytes, pts 52, dts 52, duration 1.
[trace_headers @ 0x8f701c190] OBU header
[trace_headers @ 0x8f701c190] 0           obu_forbidden_bit                                           0 = 0
[trace_headers @ 0x8f701c190] 1           obu_type                                                 0010 = 2
[trace_headers @ 0x8f701c190] 5           obu_extension_flag                                          0 = 0
[trace_headers @ 0x8f701c190] 6           obu_has_size_field                                          1 = 1
[trace_headers @ 0x8f701c190] 7           obu_reserved_1bit                                           0 = 0
[trace_headers @ 0x8f701c190] 8           obu_size                                             00000000 = 0
[trace_headers @ 0x8f701c190] Temporal Delimiter
[trace_headers @ 0x8f701c190] OBU header
[trace_headers @ 0x8f701c190] 0           obu_forbidden_bit                                           0 = 0
[trace_headers @ 0x8f701c190] 1           obu_type                                                 0011 = 3
[trace_headers @ 0x8f701c190] 5           obu_extension_flag                                          0 = 0
[trace_headers @ 0x8f701c190] 6           obu_has_size_field                                          1 = 1
[trace_headers @ 0x8f701c190] 7           obu_reserved_1bit                                           0 = 0
[trace_headers @ 0x8f701c190] 8           obu_size                                             00000001 = 1
[trace_headers @ 0x8f701c190] Frame Header
[trace_headers @ 0x8f701c190] 16          show_existing_frame                                         1 = 1
[trace_headers @ 0x8f701c190] 17          frame_to_show_map_idx                                     101 = 5
[trace_headers @ 0x8f701c190] 20          trailing_one_bit                                            1 = 1
[trace_headers @ 0x8f701c190] 21          trailing_zero_bit                                           0 = 0
[trace_headers @ 0x8f701c190] 22          trailing_zero_bit                                           0 = 0
[trace_headers @ 0x8f701c190] 23          trailing_zero_bit                                           0 = 0
[trace_headers @ 0x8f701c190] Packet: 5 bytes, pts 53, dts 53, duration 1.
[trace_headers @ 0x8f701c190] OBU header
[trace_headers @ 0x8f701c190] 0           obu_forbidden_bit                                           0 = 0
[trace_headers @ 0x8f701c190] 1           obu_type                                                 0010 = 2
[trace_headers @ 0x8f701c190] 5           obu_extension_flag                                          0 = 0
[trace_headers @ 0x8f701c190] 6           obu_has_size_field                                          1 = 1
[trace_headers @ 0x8f701c190] 7           obu_reserved_1bit                                           0 = 0
[trace_headers @ 0x8f701c190] 8           obu_size                                             00000000 = 0
[trace_headers @ 0x8f701c190] Temporal Delimiter
[trace_headers @ 0x8f701c190] OBU header
[trace_headers @ 0x8f701c190] 0           obu_forbidden_bit                                           0 = 0
[trace_headers @ 0x8f701c190] 1           obu_type                                                 0011 = 3
[trace_headers @ 0x8f701c190] 5           obu_extension_flag                                          0 = 0
[trace_headers @ 0x8f701c190] 6           obu_has_size_field                                          1 = 1
[trace_headers @ 0x8f701c190] 7           obu_reserved_1bit                                           0 = 0
[trace_headers @ 0x8f701c190] 8           obu_size                                             00000001 = 1
[trace_headers @ 0x8f701c190] Frame Header
[trace_headers @ 0x8f701c190] 16          show_existing_frame                                         1 = 1
[trace_headers @ 0x8f701c190] 17          frame_to_show_map_idx                                     010 = 2
[trace_headers @ 0x8f701c190] 20          trailing_one_bit                                            1 = 1
[trace_headers @ 0x8f701c190] 21          trailing_zero_bit                                           0 = 0
[trace_headers @ 0x8f701c190] 22          trailing_zero_bit                                           0 = 0
[trace_headers @ 0x8f701c190] 23          trailing_zero_bit                                           0 = 0
[trace_headers @ 0x8f701c190] Packet: 5 bytes, pts 54, dts 54, duration 1.
[trace_headers @ 0x8f701c190] OBU header
[trace_headers @ 0x8f701c190] 0           obu_forbidden_bit                                           0 = 0
[trace_headers @ 0x8f701c190] 1           obu_type                                                 0010 = 2
[trace_headers @ 0x8f701c190] 5           obu_extension_flag                                          0 = 0
[trace_headers @ 0x8f701c190] 6           obu_has_size_field                                          1 = 1
[trace_headers @ 0x8f701c190] 7           obu_reserved_1bit                                           0 = 0
[trace_headers @ 0x8f701c190] 8           obu_size                                             00000000 = 0
[trace_headers @ 0x8f701c190] Temporal Delimiter
[trace_headers @ 0x8f701c190] OBU header
[trace_headers @ 0x8f701c190] 0           obu_forbidden_bit                                           0 = 0
[trace_headers @ 0x8f701c190] 1           obu_type                                                 0011 = 3
[trace_headers @ 0x8f701c190] 5           obu_extension_flag                                          0 = 0
[trace_headers @ 0x8f701c190] 6           obu_has_size_field                                          1 = 1
[trace_headers @ 0x8f701c190] 7           obu_reserved_1bit                                           0 = 0
[trace_headers @ 0x8f701c190] 8           obu_size                                             00000001 = 1
[trace_headers @ 0x8f701c190] Frame Header
[trace_headers @ 0x8f701c190] 16          show_existing_frame                                         1 = 1
[trace_headers @ 0x8f701c190] 17          frame_to_show_map_idx                                     110 = 6
[trace_headers @ 0x8f701c190] 20          trailing_one_bit                                            1 = 1
[trace_headers @ 0x8f701c190] 21          trailing_zero_bit                                           0 = 0
[trace_headers @ 0x8f701c190] 22          trailing_zero_bit                                           0 = 0
[trace_headers @ 0x8f701c190] 23          trailing_zero_bit                                           0 = 0
[out#0/null @ 0x8f70203c0] All streams finished
[out#0/null @ 0x8f70203c0] Terminating thread with return code 0 (success)
[out#0/null @ 0x8f70203c0] Output file #0 (pipe:):
[out#0/null @ 0x8f70203c0]   Output stream #0:0 (video): 55 packets muxed (13059 bytes); 
[out#0/null @ 0x8f70203c0]   Total: 55 packets (13059 bytes) muxed
[out#0/null @ 0x8f70203c0] video:13KiB audio:0KiB subtitle:0KiB other streams:0KiB global headers:0KiB muxing overhead: unknown
frame=   55 fps=0.0 q=-1.0 Lsize=N/A time=00:00:02.29 bitrate=N/A speed= 891x elapsed=0:00:00.00    
[in#0/ivf @ 0x8f6c0c000] Input file #0 (research/shared/runs/20260919T233127Z-av1-dependency-slice/source.ivf):
[in#0/ivf @ 0x8f6c0c000]   Input stream #0:0 (video): 55 packets read (13059 bytes); 
[in#0/ivf @ 0x8f6c0c000]   Total: 55 packets (13059 bytes) demuxed
[AVIOContext @ 0x8f6c0c140] Statistics: 13751 bytes read, 0 seeks

Exiting with exit code 0
